event_id,event_type,timestamp,user,cost_center
E264,Create PR,2024-09-02T08:04:53Z,User17,CC11
E531,Create PR,2024-09-02T08:04:53Z,User42,CC15
E2244,Create PR,2024-09-02T08:04:54Z,User31,CC9
E2280,Create PR,2024-09-02T08:04:54Z,User43,CC16
E2504,Create PR,2024-09-02T08:04:54Z,User17,CC6
E2598,Create PR,2024-09-02T08:04:54Z,User34,CC20
E2796,Create PR,2024-09-02T08:04:54Z,User18,CC19
E4127,Create PR,2024-09-02T08:04:55Z,User35,CC18
E4230,Create PR,2024-09-02T08:04:55Z,User16,CC3
E6297,Create PR,2024-09-02T08:04:56Z,User19,CC3
E6335,Create PR,2024-09-02T08:04:56Z,User38,CC5
E7331,Create PR,2024-09-02T08:04:57Z,User16,CC13
E8016,Create PR,2024-09-02T08:04:57Z,User29,CC13
E612,Create PR,2024-09-02T08:05:53Z,User35,CC13
E666,Create PR,2024-09-02T08:05:53Z,User21,CC12
E1056,Create PR,2024-09-02T08:05:53Z,User25,CC10
E1848,Create PR,2024-09-02T08:05:54Z,User18,CC6
E1902,Create PR,2024-09-02T08:05:54Z,User37,CC11
E2042,Create PR,2024-09-02T08:05:54Z,User12,CC9
E2392,Create PR,2024-09-02T08:05:54Z,User41,CC15
E2475,Create PR,2024-09-02T08:05:54Z,User50,CC5
E2937,Create PR,2024-09-02T08:05:54Z,User39,CC10
E3058,Create PR,2024-09-02T08:05:54Z,User26,CC18
E3103,Create PR,2024-09-02T08:05:54Z,User37,CC10
E3797,Create PR,2024-09-02T08:05:55Z,User1,CC7
E5132,Create PR,2024-09-02T08:05:55Z,User1,CC9
E5307,Create PR,2024-09-02T08:05:56Z,User21,CC11
E5325,Create PR,2024-09-02T08:05:56Z,User17,CC9
E5388,Create PR,2024-09-02T08:05:56Z,User29,CC3
E5643,Create PR,2024-09-02T08:05:56Z,User46,CC20
E5892,Create PR,2024-09-02T08:05:56Z,User37,CC10
E6058,Create PR,2024-09-02T08:05:56Z,User21,CC1
E6858,Create PR,2024-09-02T08:05:56Z,User40,CC19
E7022,Create PR,2024-09-02T08:05:57Z,User25,CC1
E7475,Create PR,2024-09-02T08:05:57Z,User21,CC13
E7890,Create PR,2024-09-02T08:05:57Z,User2,CC1
E7953,Create PR,2024-09-02T08:05:57Z,User30,CC18
E127,Create PR,2024-09-02T08:06:53Z,User20,CC2
E309,Create PR,2024-09-02T08:06:53Z,User35,CC6
E585,Create PR,2024-09-02T08:06:53Z,User4,CC11
E2089,Create PR,2024-09-02T08:06:54Z,User44,CC20
E2136,Create PR,2024-09-02T08:06:54Z,User3,CC2
E2505,Reject PR,2024-09-02T08:06:54Z,Manager3,CC9
E2578,Create PR,2024-09-02T08:06:54Z,User46,CC16
E4659,Create PR,2024-09-02T08:06:55Z,User19,CC1
E5123,Create PR,2024-09-02T08:06:55Z,User27,CC5
E5442,Create PR,2024-09-02T08:06:56Z,User50,CC19
E6187,Create PR,2024-09-02T08:06:56Z,User20,CC17
E6270,Create PR,2024-09-02T08:06:56Z,User43,CC17
E6589,Create PR,2024-09-02T08:06:56Z,User36,CC10
E6932,Create PR,2024-09-02T08:06:57Z,User23,CC16
E8007,Create PR,2024-09-02T08:06:57Z,User22,CC15
E37,Create PR,2024-09-02T08:07:53Z,User29,CC12
E156,Create PR,2024-09-02T08:07:53Z,User22,CC17
E850,Create PR,2024-09-02T08:07:53Z,User16,CC17
E1177,Create PR,2024-09-02T08:07:53Z,User2,CC19
E1980,Create PR,2024-09-02T08:07:54Z,User17,CC17
E1991,Create PR,2024-09-02T08:07:54Z,User38,CC16
E2118,Create PR,2024-09-02T08:07:54Z,User3,CC3
E2163,Create PR,2024-09-02T08:07:54Z,User18,CC16
E2190,Create PR,2024-09-02T08:07:54Z,User1,CC19
E2679,Create PR,2024-09-02T08:07:54Z,User29,CC13
E2957,Create PR,2024-09-02T08:07:54Z,User50,CC11
E3303,Create PR,2024-09-02T08:07:54Z,User22,CC11
E4502,Create PR,2024-09-02T08:07:55Z,User28,CC12
E5493,Create PR,2024-09-02T08:07:56Z,User17,CC9
E5576,Create PR,2024-09-02T08:07:56Z,User15,CC19
E5937,Create PR,2024-09-02T08:07:56Z,User36,CC15
E5948,Create PR,2024-09-02T08:07:56Z,User11,CC11
E6067,Create PR,2024-09-02T08:07:56Z,User1,CC15
E7549,Create PR,2024-09-02T08:07:57Z,User48,CC1
E7569,Create PR,2024-09-02T08:07:57Z,User20,CC12
E7971,Create PR,2024-09-02T08:07:57Z,User42,CC15
E711,Create PR,2024-09-02T08:08:53Z,User17,CC13
E1339,Create PR,2024-09-02T08:08:53Z,User23,CC7
E1736,Create PR,2024-09-02T08:08:54Z,User30,CC3
E2901,Create PR,2024-09-02T08:08:54Z,User20,CC2
E3049,Create PR,2024-09-02T08:08:54Z,User2,CC1
E3112,Create PR,2024-09-02T08:08:54Z,User20,CC13
E3404,Create PR,2024-09-02T08:08:55Z,User36,CC4
E3698,Create PR,2024-09-02T08:08:55Z,User11,CC9
E3869,Create PR,2024-09-02T08:08:55Z,User11,CC9
E4183,Create PR,2024-09-02T08:08:55Z,User46,CC6
E4874,Create PR,2024-09-02T08:08:55Z,User12,CC12
E5096,Create PR,2024-09-02T08:08:55Z,User5,CC9
E5150,Create PR,2024-09-02T08:08:56Z,User12,CC13
E5159,Create PR,2024-09-02T08:08:56Z,User39,CC1
E5215,Create PR,2024-09-02T08:08:56Z,User34,CC1
E5361,Create PR,2024-09-02T08:08:56Z,User15,CC17
E6160,Create PR,2024-09-02T08:08:56Z,User23,CC7
E7340,Create PR,2024-09-02T08:08:57Z,User39,CC15
E7836,Create PR,2024-09-02T08:08:57Z,User37,CC12
E8099,Create PR,2024-09-02T08:08:57Z,User16,CC2
E19,Create PR,2024-09-02T08:09:53Z,User36,CC4
E109,Create PR,2024-09-02T08:09:53Z,User40,CC6
E1494,Create PR,2024-09-02T08:09:54Z,User17,CC16
E1676,Create PR,2024-09-02T08:09:54Z,User9,CC11
E2946,Create PR,2024-09-02T08:09:54Z,User26,CC11
E3040,Create PR,2024-09-02T08:09:54Z,User6,CC13
E3467,Create PR,2024-09-02T08:09:55Z,User19,CC20
E3534,Create PR,2024-09-02T08:09:55Z,User32,CC17
E3644,Create PR,2024-09-02T08:09:55Z,User22,CC5
E3952,Create PR,2024-09-02T08:09:55Z,User38,CC18
E4156,Create PR,2024-09-02T08:09:55Z,User10,CC7
E4466,Create PR,2024-09-02T08:09:55Z,User42,CC6
E4948,Create PR,2024-09-02T08:09:55Z,User11,CC18
E7412,Create PR,2024-09-02T08:09:57Z,User28,CC1
E7567,Create PR,2024-09-02T08:09:57Z,User22,CC9
E7755,Create PR,2024-09-02T08:09:57Z,User14,CC17
E7791,Create PR,2024-09-02T08:09:57Z,User34,CC13
E8100,Approve PR,2024-09-02T08:09:57Z,Manager6,CC19
E1,Create PR,2024-09-02T08:10:53Z,User34,CC2
E1213,Create PR,2024-09-02T08:10:53Z,User37,CC14
E1340,Approve PR,2024-09-02T08:10:53Z,Manager2,CC7
E1993,Create PR,2024-09-02T08:10:54Z,User9,CC8
E3050,Approve PR,2024-09-02T08:10:54Z,Manager4,CC2
E3431,Create PR,2024-09-02T08:10:55Z,User38,CC2
E3642,Create PR,2024-09-02T08:10:55Z,User11,CC20
E4778,Create PR,2024-09-02T08:10:55Z,User18,CC13
E6098,Create PR,2024-09-02T08:10:56Z,User15,CC16
E6232,Create PR,2024-09-02T08:10:56Z,User42,CC10
E6470,Create PR,2024-09-02T08:10:56Z,User27,CC9
E7349,Create PR,2024-09-02T08:10:57Z,User39,CC19
E8200,Create PR,2024-09-02T08:10:57Z,User5,CC3
E8238,Create PR,2024-09-02T08:10:57Z,User29,CC6
E8292,Create PR,2024-09-02T08:10:57Z,User11,CC8
E2145,Create PR,2024-09-02T08:11:54Z,User44,CC5
E3348,Create PR,2024-09-02T08:11:54Z,User31,CC16
E3860,Create PR,2024-09-02T08:11:55Z,User3,CC10
E5326,Approve PR,2024-09-02T08:11:56Z,Manager9,CC3
E5415,Create PR,2024-09-02T08:11:56Z,User29,CC3
E5502,Create PR,2024-09-02T08:11:56Z,User22,CC6
E6425,Create PR,2024-09-02T08:11:56Z,User40,CC13
E6802,Create PR,2024-09-02T08:11:56Z,User44,CC3
E7013,Create PR,2024-09-02T08:11:57Z,User9,CC15
E8108,Create PR,2024-09-02T08:11:57Z,User24,CC4
E991,Create PR,2024-09-02T08:12:53Z,User37,CC15
E1781,Create PR,2024-09-02T08:12:54Z,User31,CC10
E2347,Create PR,2024-09-02T08:12:54Z,User48,CC16
E3059,Approve PR,2024-09-02T08:12:54Z,Manager10,CC9
E3157,Create PR,2024-09-02T08:12:54Z,User6,CC18
E3193,Create PR,2024-09-02T08:12:54Z,User27,CC2
E4367,Create PR,2024-09-02T08:12:55Z,User34,CC13
E4503,Approve PR,2024-09-02T08:12:55Z,Manager3,CC18
E5362,Approve PR,2024-09-02T08:12:56Z,Manager2,CC11
E5556,Create PR,2024-09-02T08:12:56Z,User35,CC2
E5802,Create PR,2024-09-02T08:12:56Z,User9,CC7
E6004,Create PR,2024-09-02T08:12:56Z,User41,CC15
E6068,Reject PR,2024-09-02T08:12:56Z,Manager7,CC9
E6196,Create PR,2024-09-02T08:12:56Z,User35,CC10
E6914,Create PR,2024-09-02T08:12:57Z,User20,CC5
E7143,Create PR,2024-09-02T08:12:57Z,User18,CC6
E7625,Create PR,2024-09-02T08:12:57Z,User47,CC4
E7800,Create PR,2024-09-02T08:12:57Z,User26,CC4
E255,Create PR,2024-09-02T08:13:53Z,User37,CC18
E430,Create PR,2024-09-02T08:13:53Z,User28,CC16
E630,Create PR,2024-09-02T08:13:53Z,User9,CC11
E830,Create PR,2024-09-02T08:13:53Z,User8,CC15
E1065,Create PR,2024-09-02T08:13:53Z,User2,CC17
E1186,Create PR,2024-09-02T08:13:53Z,User17,CC12
E1249,Create PR,2024-09-02T08:13:53Z,User28,CC14
E1285,Create PR,2024-09-02T08:13:53Z,User44,CC2
E1694,Create PR,2024-09-02T08:13:54Z,User36,CC19
E2958,Approve PR,2024-09-02T08:13:54Z,Manager7,CC4
E3148,Create PR,2024-09-02T08:13:54Z,User3,CC16
E5015,Create PR,2024-09-02T08:13:55Z,User7,CC6
E5216,Approve PR,2024-09-02T08:13:56Z,Manager5,CC15
E5679,Create PR,2024-09-02T08:13:56Z,User37,CC20
E5874,Create PR,2024-09-02T08:13:56Z,User8,CC1
E5986,Create PR,2024-09-02T08:13:56Z,User42,CC5
E6107,Create PR,2024-09-02T08:13:56Z,User24,CC19
E8182,Create PR,2024-09-02T08:13:57Z,User5,CC19
E926,Create PR,2024-09-02T08:14:53Z,User33,CC16
E1357,Create PR,2024-09-02T08:14:53Z,User21,CC7
E1799,Create PR,2024-09-02T08:14:54Z,User2,CC11
E1810,Create PR,2024-09-02T08:14:54Z,User19,CC5
E2262,Create PR,2024-09-02T08:14:54Z,User32,CC4
E2919,Create PR,2024-09-02T08:14:54Z,User21,CC11
E3487,Create PR,2024-09-02T08:14:55Z,User26,CC17
E3833,Create PR,2024-09-02T08:14:55Z,User26,CC1
E4475,Create PR,2024-09-02T08:14:55Z,User7,CC15
E5033,Create PR,2024-09-02T08:14:55Z,User37,CC2
E5105,Create PR,2024-09-02T08:14:55Z,User2,CC3
E6140,Create PR,2024-09-02T08:14:56Z,User42,CC9
E7141,Create PR,2024-09-02T08:14:57Z,User18,CC10
E7154,Create PR,2024-09-02T08:14:57Z,User4,CC5
E7163,Create PR,2024-09-02T08:14:57Z,User44,CC3
E7266,Create PR,2024-09-02T08:14:57Z,User21,CC8
E7413,Approve PR,2024-09-02T08:14:57Z,Manager9,CC11
E7746,Create PR,2024-09-02T08:14:57Z,User47,CC2
E310,Approve PR,2024-09-02T08:15:53Z,Manager6,CC15
E1476,Create PR,2024-09-02T08:15:54Z,User50,CC19
E1718,Create PR,2024-09-02T08:15:54Z,User13,CC2
E1982,Create PR,2024-09-02T08:15:54Z,User38,CC14
E2289,Create PR,2024-09-02T08:15:54Z,User15,CC10
E2300,Create PR,2024-09-02T08:15:54Z,User30,CC15
E2428,Create PR,2024-09-02T08:15:54Z,User2,CC20
E2634,Create PR,2024-09-02T08:15:54Z,User4,CC12
E3175,Create PR,2024-09-02T08:15:54Z,User48,CC16
E3294,Create PR,2024-09-02T08:15:54Z,User30,CC2
E3543,Create PR,2024-09-02T08:15:55Z,User37,CC17
E3597,Create PR,2024-09-02T08:15:55Z,User30,CC15
E3699,Approve PR,2024-09-02T08:15:55Z,Manager1,CC15
E3761,Create PR,2024-09-02T08:15:55Z,User36,CC15
E4769,Create PR,2024-09-02T08:15:55Z,User1,CC18
E4930,Create PR,2024-09-02T08:15:55Z,User43,CC3
E5078,Create PR,2024-09-02T08:15:55Z,User16,CC14
E6022,Create PR,2024-09-02T08:15:56Z,User37,CC19
E6040,Create PR,2024-09-02T08:15:56Z,User30,CC2
E6151,Create PR,2024-09-02T08:15:56Z,User5,CC20
E6380,Create PR,2024-09-02T08:15:56Z,User37,CC19
E6416,Create PR,2024-09-02T08:15:56Z,User48,CC18
E6663,Create PR,2024-09-02T08:15:56Z,User1,CC1
E6728,Create PR,2024-09-02T08:15:56Z,User5,CC18
E6793,Create PR,2024-09-02T08:15:56Z,User13,CC4
E7014,Approve PR,2024-09-02T08:15:57Z,Manager4,CC2
E7192,Create PR,2024-09-02T08:15:57Z,User42,CC15
E7430,Create PR,2024-09-02T08:15:57Z,User3,CC18
E7944,Create PR,2024-09-02T08:15:57Z,User33,CC7
E8183,Approve PR,2024-09-02T08:15:57Z,Manager7,CC1
E1667,Create PR,2024-09-02T08:16:54Z,User21,CC17
E1811,Approve PR,2024-09-02T08:16:54Z,Manager10,CC16
E1949,Create PR,2024-09-02T08:16:54Z,User24,CC15
E4277,Create PR,2024-09-02T08:16:55Z,User39,CC9
E4448,Create PR,2024-09-02T08:16:55Z,User28,CC18
E4704,Create PR,2024-09-02T08:16:55Z,User28,CC9
E5397,Create PR,2024-09-02T08:16:56Z,User40,CC5
E6087,Create PR,2024-09-02T08:16:56Z,User25,CC9
E6654,Create PR,2024-09-02T08:16:56Z,User18,CC7
E7051,Create PR,2024-09-02T08:16:57Z,User19,CC9
E7069,Create PR,2024-09-02T08:16:57Z,User44,CC1
E8283,Create PR,2024-09-02T08:16:57Z,User19,CC17
E532,Approve PR,2024-09-02T08:17:53Z,Manager7,CC15
E756,Create PR,2024-09-02T08:17:53Z,User48,CC3
E1866,Create PR,2024-09-02T08:17:54Z,User24,CC19
E2199,Create PR,2024-09-02T08:17:54Z,User15,CC2
E2253,Create PR,2024-09-02T08:17:54Z,User50,CC3
E2271,Create PR,2024-09-02T08:17:54Z,User46,CC3
E2348,Approve PR,2024-09-02T08:17:54Z,Manager5,CC2
E3366,Create PR,2024-09-02T08:17:54Z,User43,CC3
E4109,Create PR,2024-09-02T08:17:55Z,User27,CC18
E4798,Create PR,2024-09-02T08:17:55Z,User1,CC8
E4977,Create PR,2024-09-02T08:17:55Z,User38,CC5
E5097,Approve PR,2024-09-02T08:17:55Z,Manager1,CC18
E5511,Create PR,2024-09-02T08:17:56Z,User16,CC9
E5708,Create PR,2024-09-02T08:17:56Z,User22,CC8
E6078,Create PR,2024-09-02T08:17:56Z,User22,CC8
E6268,Create PR,2024-09-02T08:17:56Z,User27,CC20
E6315,Create PR,2024-09-02T08:17:56Z,User42,CC5
E6326,Create PR,2024-09-02T08:17:56Z,User34,CC15
E7917,Create PR,2024-09-02T08:17:57Z,User39,CC11
E8239,Approve PR,2024-09-02T08:17:57Z,Manager5,CC8
E265,Approve PR,2024-09-02T08:18:53Z,Manager4,CC4
E394,Create PR,2024-09-02T08:18:53Z,User49,CC12
E675,Create PR,2024-09-02T08:18:53Z,User10,CC4
E693,Create PR,2024-09-02T08:18:53Z,User34,CC17
E747,Create PR,2024-09-02T08:18:53Z,User8,CC11
E1420,Create PR,2024-09-02T08:18:53Z,User28,CC20
E1700,Create PR,2024-09-02T08:18:54Z,User15,CC8
E2119,Approve PR,2024-09-02T08:18:54Z,Manager3,CC5
E2733,Create PR,2024-09-02T08:18:54Z,User47,CC7
E3395,Create PR,2024-09-02T08:18:55Z,User27,CC19
E3525,Create PR,2024-09-02T08:18:55Z,User28,CC18
E4028,Create PR,2024-09-02T08:18:55Z,User3,CC5
E4340,Create PR,2024-09-02T08:18:55Z,User38,CC13
E4439,Create PR,2024-09-02T08:18:55Z,User25,CC12
E4705,Approve PR,2024-09-02T08:18:55Z,Manager2,CC20
E5451,Create PR,2024-09-02T08:18:56Z,User32,CC18
E5762,Create PR,2024-09-02T08:18:56Z,User37,CC11
E5865,Create PR,2024-09-02T08:18:56Z,User50,CC5
E6069,Create PR,2024-09-02T08:18:56Z,User37,CC18
E6214,Create PR,2024-09-02T08:18:56Z,User24,CC15
E6269,Reject PR,2024-09-02T08:18:56Z,Manager1,CC16
E7132,Create PR,2024-09-02T08:18:57Z,User26,CC18
E7654,Create PR,2024-09-02T08:18:57Z,User20,CC18
E7728,Create PR,2024-09-02T08:18:57Z,User47,CC11
E7809,Create PR,2024-09-02T08:18:57Z,User39,CC16
E7980,Create PR,2024-09-02T08:18:57Z,User22,CC11
E8034,Create PR,2024-09-02T08:18:57Z,User50,CC20
E8135,Create PR,2024-09-02T08:18:57Z,User23,CC17
E157,Approve PR,2024-09-02T08:19:53Z,Manager1,CC3
E327,Create PR,2024-09-02T08:19:53Z,User44,CC4
E2883,Create PR,2024-09-02T08:19:54Z,User35,CC5
E3267,Create PR,2024-09-02T08:19:54Z,User15,CC3
E3561,Create PR,2024-09-02T08:19:55Z,User24,CC15
E3725,Create PR,2024-09-02T08:19:55Z,User32,CC9
E4082,Create PR,2024-09-02T08:19:55Z,User26,CC8
E5224,Create PR,2024-09-02T08:19:56Z,User7,CC15
E5565,Create PR,2024-09-02T08:19:56Z,User49,CC5
E5632,Create PR,2024-09-02T08:19:56Z,User4,CC9
E6488,Create PR,2024-09-02T08:19:56Z,User25,CC12
E311,Create PO (Batch),2024-09-02T08:20:53Z,User3,CC19
E1321,Create PR,2024-09-02T08:20:53Z,User1,CC7
E1992,Reject PR,2024-09-02T08:20:54Z,Manager2,CC10
E2071,Create PR,2024-09-02T08:20:54Z,User4,CC15
E3184,Create PR,2024-09-02T08:20:54Z,User33,CC14
E4713,Create PR,2024-09-02T08:20:55Z,User36,CC3
E4986,Create PR,2024-09-02T08:20:55Z,User36,CC12
E5416,Approve PR,2024-09-02T08:20:56Z,Manager7,CC8
E5433,Create PR,2024-09-02T08:20:56Z,User45,CC3
E5452,Approve PR,2024-09-02T08:20:56Z,Manager9,CC1
E6719,Create PR,2024-09-02T08:20:56Z,User47,CC19
E6869,Create PR,2024-09-02T08:20:56Z,User9,CC4
E7193,Approve PR,2024-09-02T08:20:57Z,Manager4,CC10
E7502,Create PR,2024-09-02T08:20:57Z,User10,CC4
E7531,Create PR,2024-09-02T08:20:57Z,User20,CC9
E237,Create PR,2024-09-02T08:21:53Z,User29,CC3
E300,Create PR,2024-09-02T08:21:53Z,User11,CC5
E964,Create PR,2024-09-02T08:21:53Z,User33,CC17
E1322,Approve PR,2024-09-02T08:21:53Z,Manager5,CC14
E2208,Create PR,2024-09-02T08:21:54Z,User21,CC18
E2217,Create PR,2024-09-02T08:21:54Z,User25,CC6
E2401,Create PR,2024-09-02T08:21:54Z,User7,CC14
E2865,Create PR,2024-09-02T08:21:54Z,User14,CC18
E3220,Create PR,2024-09-02T08:21:54Z,User4,CC17
E3449,Create PR,2024-09-02T08:21:55Z,User2,CC15
E3615,Create PR,2024-09-02T08:21:55Z,User45,CC3
E3923,Create PR,2024-09-02T08:21:55Z,User2,CC9
E4259,Create PR,2024-09-02T08:21:55Z,User47,CC7
E4440,Approve PR,2024-09-02T08:21:55Z,Manager10,CC1
E4583,Create PR,2024-09-02T08:21:55Z,User43,CC5
E4749,Create PR,2024-09-02T08:21:55Z,User49,CC17
E4767,Create PR,2024-09-02T08:21:55Z,User16,CC17
E4894,Create PR,2024-09-02T08:21:55Z,User14,CC2
E5069,Create PR,2024-09-02T08:21:55Z,User21,CC8
E5260,Create PR,2024-09-02T08:21:56Z,User5,CC18
E5574,Create PR,2024-09-02T08:21:56Z,User33,CC10
E5690,Create PR,2024-09-02T08:21:56Z,User36,CC1
E5735,Create PR,2024-09-02T08:21:56Z,User33,CC4
E5949,Approve PR,2024-09-02T08:21:56Z,Manager8,CC19
E6461,Create PR,2024-09-02T08:21:56Z,User4,CC2
E7133,Approve PR,2024-09-02T08:21:57Z,Manager6,CC15
E7145,Create PR,2024-09-02T08:21:57Z,User23,CC13
E8274,Create PR,2024-09-02T08:21:57Z,User44,CC13
E128,Approve PR,2024-09-02T08:22:53Z,Manager5,CC13
E944,Create PR,2024-09-02T08:22:53Z,User10,CC20
E1159,Create PR,2024-09-02T08:22:53Z,User41,CC15
E2069,Create PR,2024-09-02T08:22:54Z,User7,CC5
E2311,Create PR,2024-09-02T08:22:54Z,User37,CC11
E4241,Create PR,2024-09-02T08:22:55Z,User6,CC15
E4731,Create PR,2024-09-02T08:22:55Z,User35,CC3
E4987,Approve PR,2024-09-02T08:22:55Z,Manager4,CC8
E5406,Create PR,2024-09-02T08:22:56Z,User9,CC15
E5893,Approve PR,2024-09-02T08:22:56Z,Manager2,CC3
E6127,Create PR,2024-09-02T08:22:56Z,User35,CC20
E6506,Create PR,2024-09-02T08:22:56Z,User42,CC17
E7201,Create PR,2024-09-02T08:22:57Z,User49,CC16
E7267,Approve PR,2024-09-02T08:22:57Z,Manager10,CC18
E7431,Approve PR,2024-09-02T08:22:57Z,Manager7,CC20
E7881,Create PR,2024-09-02T08:22:57Z,User27,CC13
E7918,Approve PR,2024-09-02T08:22:57Z,Manager1,CC17
E174,Create PR,2024-09-02T08:23:53Z,User43,CC8
E1267,Create PR,2024-09-02T08:23:53Z,User27,CC7
E1375,Create PR,2024-09-02T08:23:53Z,User29,CC17
E2466,Create PR,2024-09-02T08:23:54Z,User22,CC14
E2670,Create PR,2024-09-02T08:23:54Z,User29,CC6
E2966,Create PR,2024-09-02T08:23:54Z,User36,CC15
E3386,Create PR,2024-09-02T08:23:55Z,User7,CC6
E3516,Create PR,2024-09-02T08:23:55Z,User30,CC14
E3579,Create PR,2024-09-02T08:23:55Z,User3,CC12
E4174,Create PR,2024-09-02T08:23:55Z,User50,CC13
E4511,Create PR,2024-09-02T08:23:55Z,User6,CC10
E5603,Create PR,2024-09-02T08:23:56Z,User25,CC10
E5605,Create PR,2024-09-02T08:23:56Z,User9,CC10
E5644,Approve PR,2024-09-02T08:23:56Z,Manager4,CC10
E5699,Create PR,2024-09-02T08:23:56Z,User12,CC6
E6161,Approve PR,2024-09-02T08:23:56Z,Manager9,CC13
E6627,Create PR,2024-09-02T08:23:56Z,User41,CC20
E6701,Create PR,2024-09-02T08:23:56Z,User14,CC7
E6775,Create PR,2024-09-02T08:23:56Z,User30,CC10
E6986,Create PR,2024-09-02T08:23:57Z,User33,CC1
E7134,Create PO (Batch),2024-09-02T08:23:57Z,User13,CC10
E7219,Create PR,2024-09-02T08:23:57Z,User40,CC15
E7313,Create PR,2024-09-02T08:23:57Z,User20,CC1
E7439,Create PR,2024-09-02T08:23:57Z,User37,CC17
E7756,Approve PR,2024-09-02T08:23:57Z,Manager10,CC19
E110,Approve PR,2024-09-02T08:24:53Z,Manager8,CC3
E448,Create PR,2024-09-02T08:24:53Z,User27,CC3
E586,Approve PR,2024-09-02T08:24:53Z,Manager10,CC20
E684,Create PR,2024-09-02T08:24:53Z,User49,CC8
E922,Create PR,2024-09-02T08:24:53Z,User31,CC19
E1018,Create PR,2024-09-02T08:24:53Z,User43,CC18
E1658,Create PR,2024-09-02T08:24:54Z,User40,CC11
E1719,Approve PR,2024-09-02T08:24:54Z,Manager2,CC15
E1727,Create PR,2024-09-02T08:24:54Z,User26,CC20
E1737,Approve PR,2024-09-02T08:24:54Z,Manager7,CC6
E1893,Create PR,2024-09-02T08:24:54Z,User37,CC20
E2569,Create PR,2024-09-02T08:24:54Z,User17,CC7
E2874,Create PR,2024-09-02T08:24:54Z,User29,CC12
E3422,Create PR,2024-09-02T08:24:55Z,User46,CC18
E3689,Create PR,2024-09-02T08:24:55Z,User38,CC1
E3997,Create PR,2024-09-02T08:24:55Z,User9,CC5
E4493,Create PR,2024-09-02T08:24:55Z,User26,CC14
E5494,Approve PR,2024-09-02T08:24:56Z,Manager1,CC10
E6317,Create PR,2024-09-02T08:24:56Z,User23,CC7
E6609,Create PR,2024-09-02T08:24:56Z,User6,CC18
E6674,Create PR,2024-09-02T08:24:56Z,User27,CC13
E6692,Create PR,2024-09-02T08:24:56Z,User10,CC8
E6831,Create PR,2024-09-02T08:24:56Z,User38,CC1
E6941,Create PR,2024-09-02T08:24:57Z,User49,CC9
E7570,Approve PR,2024-09-02T08:24:57Z,Manager10,CC6
E7616,Create PR,2024-09-02T08:24:57Z,User26,CC19
E118,Create PR,2024-09-02T08:25:53Z,User18,CC3
E924,Create PR,2024-09-02T08:25:53Z,User35,CC4
E1150,Create PR,2024-09-02T08:25:53Z,User14,CC4
E1222,Create PR,2024-09-02T08:25:53Z,User29,CC11
E1994,Reject PR,2024-09-02T08:25:54Z,Manager7,CC14
E2493,Create PR,2024-09-02T08:25:54Z,User10,CC15
E2715,Create PR,2024-09-02T08:25:54Z,User46,CC17
E2724,Create PR,2024-09-02T08:25:54Z,User27,CC7
E3645,Approve PR,2024-09-02T08:25:55Z,Manager7,CC18
E3700,Create PO,2024-09-02T08:25:55Z,User31,CC10
E4512,Approve PR,2024-09-02T08:25:55Z,Manager3,CC8
E5034,Approve PR,2024-09-02T08:25:55Z,Manager4,CC10
E5352,Create PR,2024-09-02T08:25:56Z,User9,CC15
E5811,Create PR,2024-09-02T08:25:56Z,User2,CC12
E6215,Approve PR,2024-09-02T08:25:56Z,Manager6,CC6
E7172,Create PR,2024-09-02T08:25:57Z,User14,CC11
E7194,Create PO,2024-09-02T08:25:57Z,User38,CC15
E7314,Approve PR,2024-09-02T08:25:57Z,Manager7,CC18
E7350,Approve PR,2024-09-02T08:25:57Z,Manager2,CC11
E7484,Create PR,2024-09-02T08:25:57Z,User31,CC14
E7672,Create PR,2024-09-02T08:25:57Z,User11,CC3
E7926,Create PR,2024-09-02T08:25:57Z,User20,CC15
E1047,Create PR,2024-09-02T08:26:53Z,User9,CC16
E1429,Create PR,2024-09-02T08:26:53Z,User25,CC16
E1602,Create PR,2024-09-02T08:26:54Z,User34,CC5
E2146,Approve PR,2024-09-02T08:26:54Z,Manager2,CC14
E2263,Approve PR,2024-09-02T08:26:54Z,Manager3,CC2
E2599,Approve PR,2024-09-02T08:26:54Z,Manager1,CC7
E3022,Create PR,2024-09-02T08:26:54Z,User7,CC2
E3051,Create PO,2024-09-02T08:26:54Z,User10,CC2
E3367,Approve PR,2024-09-02T08:26:54Z,Manager7,CC18
E3633,Create PR,2024-09-02T08:26:55Z,User13,CC12
E4484,Create PR,2024-09-02T08:26:55Z,User23,CC9
E4650,Create PR,2024-09-02T08:26:55Z,User37,CC10
E4865,Create PR,2024-09-02T08:26:55Z,User15,CC3
E5343,Create PR,2024-09-02T08:26:56Z,User26,CC5
E6636,Create PR,2024-09-02T08:26:56Z,User18,CC4
E7587,Create PR,2024-09-02T08:26:57Z,User17,CC18
E7801,Approve PR,2024-09-02T08:26:57Z,Manager10,CC6
E859,Create PR,2024-09-02T08:27:53Z,User33,CC19
E927,Approve PR,2024-09-02T08:27:53Z,Manager10,CC8
E1808,Create PR,2024-09-02T08:27:54Z,User32,CC9
E2181,Create PR,2024-09-02T08:27:54Z,User31,CC7
E3130,Create PR,2024-09-02T08:27:54Z,User25,CC17
E3166,Create PR,2024-09-02T08:27:54Z,User9,CC20
E3734,Create PR,2024-09-02T08:27:55Z,User7,CC9
E4601,Create PR,2024-09-02T08:27:55Z,User3,CC19
E5529,Create PR,2024-09-02T08:27:56Z,User17,CC20
E5575,Reject PR,2024-09-02T08:27:56Z,Manager3,CC19
E5709,Approve PR,2024-09-02T08:27:56Z,Manager1,CC1
E6152,Approve PR,2024-09-02T08:27:56Z,Manager4,CC11
E6452,Create PR,2024-09-02T08:27:56Z,User1,CC6
E6915,Approve PR,2024-09-02T08:27:57Z,Manager2,CC1
E7033,Create PR,2024-09-02T08:27:57Z,User11,CC16
E7493,Create PR,2024-09-02T08:27:57Z,User5,CC13
E7872,Create PR,2024-09-02T08:27:57Z,User3,CC10
E8043,Create PR,2024-09-02T08:27:57Z,User19,CC13
E8240,Create PO (Batch),2024-09-02T08:27:57Z,User45,CC5
E38,Approve PR,2024-09-02T08:28:53Z,Manager6,CC2
E91,Create PR,2024-09-02T08:28:53Z,User10,CC14
E403,Create PR,2024-09-02T08:28:53Z,User33,CC9
E712,Approve PR,2024-09-02T08:28:53Z,Manager10,CC18
E1178,Approve PR,2024-09-02T08:28:53Z,Manager2,CC12
E1268,Approve PR,2024-09-02T08:28:53Z,Manager10,CC11
E1447,Create PR,2024-09-02T08:28:53Z,User48,CC14
E2098,Create PR,2024-09-02T08:28:54Z,User7,CC19
E2291,Create PR,2024-09-02T08:28:54Z,User42,CC1
E2680,Approve PR,2024-09-02T08:28:54Z,Manager7,CC20
E3113,Approve PR,2024-09-02T08:28:54Z,Manager6,CC11
E3276,Create PR,2024-09-02T08:28:54Z,User35,CC14
E3662,Create PR,2024-09-02T08:28:55Z,User41,CC4
E3770,Create PR,2024-09-02T08:28:55Z,User6,CC7
E4322,Create PR,2024-09-02T08:28:55Z,User2,CC15
E4732,Approve PR,2024-09-02T08:28:55Z,Manager9,CC9
E5042,Create PR,2024-09-02T08:28:55Z,User13,CC6
E6241,Create PR,2024-09-02T08:28:56Z,User33,CC18
E6306,Create PR,2024-09-02T08:28:56Z,User2,CC3
E6489,Approve PR,2024-09-02T08:28:56Z,Manager8,CC13
E7504,Create PR,2024-09-02T08:28:57Z,User34,CC4
E7673,Approve PR,2024-09-02T08:28:57Z,Manager2,CC4
E7683,Create PR,2024-09-02T08:28:57Z,User3,CC13
E8017,Approve PR,2024-09-02T08:28:57Z,Manager2,CC17
E376,Create PR,2024-09-02T08:29:53Z,User32,CC18
E877,Create PR,2024-09-02T08:29:53Z,User45,CC12
E1130,Create PR,2024-09-02T08:29:53Z,User42,CC13
E1231,Create PR,2024-09-02T08:29:53Z,User41,CC1
E1366,Create PR,2024-09-02T08:29:53Z,User2,CC7
E1566,Create PR,2024-09-02T08:29:54Z,User12,CC12
E2116,Create PR,2024-09-02T08:29:54Z,User24,CC2
E2959,Create PO (Batch),2024-09-02T08:29:54Z,User34,CC14
E3312,Create PR,2024-09-02T08:29:54Z,User12,CC16
E3526,Approve PR,2024-09-02T08:29:55Z,Manager4,CC15
E3535,Approve PR,2024-09-02T08:29:55Z,Manager1,CC10
E3634,Approve PR,2024-09-02T08:29:55Z,Manager8,CC1
E3914,Create PR,2024-09-02T08:29:55Z,User13,CC4
E4232,Create PR,2024-09-02T08:29:55Z,User31,CC4
E4504,Create PO,2024-09-02T08:29:55Z,User17,CC11
E5278,Create PR,2024-09-02T08:29:56Z,User5,CC11
E5744,Create PR,2024-09-02T08:29:56Z,User27,CC6
E5938,Approve PR,2024-09-02T08:29:56Z,Manager9,CC5
E7174,Create PR,2024-09-02T08:29:57Z,User31,CC2
E7228,Create PR,2024-09-02T08:29:57Z,User9,CC8
E7376,Create PR,2024-09-02T08:29:57Z,User7,CC10
E7403,Create PR,2024-09-02T08:29:57Z,User12,CC19
E7540,Create PR,2024-09-02T08:29:57Z,User5,CC10
E175,Approve PR,2024-09-02T08:30:53Z,Manager10,CC19
E667,Approve PR,2024-09-02T08:30:53Z,Manager9,CC13
E1066,Approve PR,2024-09-02T08:30:53Z,Manager2,CC20
E1698,Create PR,2024-09-02T08:30:54Z,User8,CC19
E1812,Create PO,2024-09-02T08:30:54Z,User24,CC1
E1983,Approve PR,2024-09-02T08:30:54Z,Manager4,CC16
E2117,Reject PR,2024-09-02T08:30:54Z,Manager9,CC3
E2393,Approve PR,2024-09-02T08:30:54Z,Manager7,CC17
E2533,Create PR,2024-09-02T08:30:54Z,User39,CC11
E2551,Create PR,2024-09-02T08:30:54Z,User2,CC3
E2579,Approve PR,2024-09-02T08:30:54Z,Manager9,CC5
E2829,Create PR,2024-09-02T08:30:54Z,User9,CC18
E3716,Create PR,2024-09-02T08:30:55Z,User41,CC18
E3752,Create PR,2024-09-02T08:30:55Z,User41,CC8
E4073,Create PR,2024-09-02T08:30:55Z,User33,CC15
E4212,Create PR,2024-09-02T08:30:55Z,User30,CC7
E4260,Approve PR,2024-09-02T08:30:55Z,Manager4,CC16
E4789,Create PR,2024-09-02T08:30:55Z,User9,CC16
E5004,Create PR,2024-09-02T08:30:55Z,User40,CC13
E5417,Create PO,2024-09-02T08:30:56Z,User38,CC8
E5453,Create PO,2024-09-02T08:30:56Z,User47,CC8
E5838,Create PR,2024-09-02T08:30:56Z,User41,CC19
E5995,Create PR,2024-09-02T08:30:56Z,User37,CC5
E6490,Create PO,2024-09-02T08:30:56Z,User50,CC1
E6710,Create PR,2024-09-02T08:30:56Z,User2,CC4
E6720,Approve PR,2024-09-02T08:30:56Z,Manager4,CC5
E7284,Create PR,2024-09-02T08:30:57Z,User27,CC19
E7802,Create PO,2024-09-02T08:30:57Z,User37,CC16
E7891,Approve PR,2024-09-02T08:30:57Z,Manager7,CC14
E7998,Create PR,2024-09-02T08:30:57Z,User5,CC2
E356,Create PR,2024-09-02T08:31:53Z,User1,CC11
E533,Create PO,2024-09-02T08:31:53Z,User28,CC5
E639,Create PR,2024-09-02T08:31:53Z,User22,CC8
E1048,Approve PR,2024-09-02T08:31:53Z,Manager9,CC18
E1160,Approve PR,2024-09-02T08:31:53Z,Manager3,CC1
E1195,Create PR,2024-09-02T08:31:53Z,User7,CC6
E1495,Approve PR,2024-09-02T08:31:54Z,Manager9,CC17
E1521,Create PR,2024-09-02T08:31:54Z,User8,CC13
E2457,Create PR,2024-09-02T08:31:54Z,User20,CC16
E2542,Create PR,2024-09-02T08:31:54Z,User24,CC13
E2596,Create PR,2024-09-02T08:31:54Z,User5,CC13
E2643,Create PR,2024-09-02T08:31:54Z,User10,CC7
E2706,Create PR,2024-09-02T08:31:54Z,User45,CC17
E3432,Approve PR,2024-09-02T08:31:55Z,Manager8,CC7
E3680,Create PR,2024-09-02T08:31:55Z,User17,CC15
E4807,Create PR,2024-09-02T08:31:55Z,User11,CC1
E4895,Approve PR,2024-09-02T08:31:55Z,Manager6,CC1
E5024,Create PR,2024-09-02T08:31:55Z,User12,CC14
E5141,Create PR,2024-09-02T08:31:56Z,User45,CC11
E5168,Create PR,2024-09-02T08:31:56Z,User1,CC8
E5471,Create PR,2024-09-02T08:31:56Z,User10,CC13
E5503,Approve PR,2024-09-02T08:31:56Z,Manager2,CC2
E5681,Create PR,2024-09-02T08:31:56Z,User8,CC15
E5957,Create PR,2024-09-02T08:31:56Z,User1,CC17
E6598,Create PR,2024-09-02T08:31:56Z,User7,CC7
E6840,Create PR,2024-09-02T08:31:56Z,User39,CC3
E7024,Create PR,2024-09-02T08:31:57Z,User6,CC4
E7070,Approve PR,2024-09-02T08:31:57Z,Manager6,CC15
E7358,Create PR,2024-09-02T08:31:57Z,User44,CC5
E7710,Create PR,2024-09-02T08:31:57Z,User14,CC17
E8025,Create PR,2024-09-02T08:31:57Z,User6,CC5
E8275,Approve PR,2024-09-02T08:31:57Z,Manager7,CC8
E138,Create PR,2024-09-02T08:32:53Z,User38,CC16
E621,Create PR,2024-09-02T08:32:53Z,User17,CC6
E925,Reject PR,2024-09-02T08:32:53Z,Manager5,CC17
E1038,Create PR,2024-09-02T08:32:53Z,User25,CC7
E1168,Create PR,2024-09-02T08:32:53Z,User22,CC5
E1269,Create PO (Batch),2024-09-02T08:32:53Z,User36,CC9
E1584,Create PR,2024-09-02T08:32:54Z,User23,CC11
E1745,Create PR,2024-09-02T08:32:54Z,User26,CC1
E1830,Create PR,2024-09-02T08:32:54Z,User42,CC16
E1884,Create PR,2024-09-02T08:32:54Z,User22,CC3
E2127,Create PR,2024-09-02T08:32:54Z,User19,CC20
E2172,Create PR,2024-09-02T08:32:54Z,User42,CC9
E2394,Create PO (Batch),2024-09-02T08:32:54Z,User42,CC18
E2616,Create PR,2024-09-02T08:32:54Z,User42,CC14
E2838,Create PR,2024-09-02T08:32:54Z,User13,CC9
E3247,Create PR,2024-09-02T08:32:54Z,User20,CC20
E3349,Approve PR,2024-09-02T08:32:54Z,Manager9,CC15
E3375,Create PR,2024-09-02T08:32:55Z,User28,CC7
E4648,Create PR,2024-09-02T08:32:55Z,User11,CC16
E5424,Create PR,2024-09-02T08:32:56Z,User11,CC19
E5434,Approve PR,2024-09-02T08:32:56Z,Manager9,CC10
E5473,Create PR,2024-09-02T08:32:56Z,User28,CC6
E5652,Create PR,2024-09-02T08:32:56Z,User7,CC10
E6618,Create PR,2024-09-02T08:32:56Z,User36,CC3
E7737,Create PR,2024-09-02T08:32:57Z,User23,CC14
E7810,Approve PR,2024-09-02T08:32:57Z,Manager1,CC16
E8136,Approve PR,2024-09-02T08:32:57Z,Manager10,CC5
E839,Create PR,2024-09-02T08:33:53Z,User13,CC14
E1057,Approve PR,2024-09-02T08:33:53Z,Manager8,CC13
E1204,Create PR,2024-09-02T08:33:53Z,User27,CC5
E1393,Create PR,2024-09-02T08:33:53Z,User49,CC19
E1402,Create PR,2024-09-02T08:33:53Z,User39,CC15
E1659,Approve PR,2024-09-02T08:33:54Z,Manager6,CC5
E2120,Create PO (Batch),2024-09-02T08:33:54Z,User34,CC2
E2154,Create PR,2024-09-02T08:33:54Z,User4,CC2
E2254,Approve PR,2024-09-02T08:33:54Z,Manager8,CC12
E2320,Create PR,2024-09-02T08:33:54Z,User4,CC19
E2356,Create PR,2024-09-02T08:33:54Z,User15,CC12
E2467,Approve PR,2024-09-02T08:33:54Z,Manager7,CC13
E3544,Approve PR,2024-09-02T08:33:55Z,Manager8,CC6
E4037,Create PR,2024-09-02T08:33:55Z,User45,CC10
E4520,Create PR,2024-09-02T08:33:55Z,User38,CC15
E4639,Create PR,2024-09-02T08:33:55Z,User30,CC7
E4896,Create PO (Batch),2024-09-02T08:33:55Z,User37,CC6
E5051,Create PR,2024-09-02T08:33:55Z,User11,CC13
E5484,Create PR,2024-09-02T08:33:56Z,User29,CC13
E5495,Create PO,2024-09-02T08:33:56Z,User4,CC15
E6784,Create PR,2024-09-02T08:33:56Z,User10,CC12
E6923,Create PR,2024-09-02T08:33:57Z,User19,CC2
E6968,Create PR,2024-09-02T08:33:57Z,User44,CC18
E7015,Create PO (Batch),2024-09-02T08:33:57Z,User19,CC2
E7052,Approve PR,2024-09-02T08:33:57Z,Manager10,CC5
E7060,Create PR,2024-09-02T08:33:57Z,User6,CC19
E7195,Approve PO,2024-09-02T08:33:57Z,Manager6,CC11
E7367,Create PR,2024-09-02T08:33:57Z,User23,CC12
E923,Reject PR,2024-09-02T08:34:53Z,Manager5,CC17
E928,Create PO,2024-09-02T08:34:53Z,User10,CC10
E1303,Create PR,2024-09-02T08:34:53Z,User15,CC13
E1367,Approve PR,2024-09-02T08:34:53Z,Manager6,CC6
E1620,Create PR,2024-09-02T08:34:54Z,User7,CC8
E1995,Create PR,2024-09-02T08:34:54Z,User9,CC13
E2051,Create PR,2024-09-02T08:34:54Z,User11,CC13
E2245,Approve PR,2024-09-02T08:34:54Z,Manager10,CC15
E2349,Create PO,2024-09-02T08:34:54Z,User45,CC2
E2439,Create PR,2024-09-02T08:34:54Z,User40,CC5
E2502,Create PR,2024-09-02T08:34:54Z,User23,CC14
E2734,Approve PR,2024-09-02T08:34:54Z,Manager9,CC8
E2742,Create PR,2024-09-02T08:34:54Z,User18,CC2
E2787,Create PR,2024-09-02T08:34:54Z,User2,CC2
E2820,Create PR,2024-09-02T08:34:54Z,User38,CC10
E2892,Create PR,2024-09-02T08:34:54Z,User24,CC6
E3450,Approve PR,2024-09-02T08:34:55Z,Manager7,CC14
E3824,Create PR,2024-09-02T08:34:55Z,User50,CC3
E4331,Create PR,2024-09-02T08:34:55Z,User45,CC5
E4412,Create PR,2024-09-02T08:34:55Z,User11,CC20
E4758,Create PR,2024-09-02T08:34:55Z,User41,CC3
E4885,Create PR,2024-09-02T08:34:55Z,User8,CC10
E4949,Approve PR,2024-09-02T08:34:55Z,Manager6,CC13
E5726,Create PR,2024-09-02T08:34:56Z,User14,CC9
E5958,Reject PR,2024-09-02T08:34:56Z,Manager9,CC10
E6088,Approve PR,2024-09-02T08:34:56Z,Manager8,CC4
E6702,Approve PR,2024-09-02T08:34:56Z,Manager8,CC9
E6878,Create PR,2024-09-02T08:34:56Z,User33,CC15
E7578,Create PR,2024-09-02T08:34:57Z,User32,CC6
E7645,Create PR,2024-09-02T08:34:57Z,User40,CC14
E7899,Create PR,2024-09-02T08:34:57Z,User41,CC14
E246,Create PR,2024-09-02T08:35:53Z,User17,CC19
E1394,Approve PR,2024-09-02T08:35:53Z,Manager6,CC17
E1699,Reject PR,2024-09-02T08:35:54Z,Manager10,CC3
E1754,Create PR,2024-09-02T08:35:54Z,User29,CC3
E1978,Create PR,2024-09-02T08:35:54Z,User29,CC18
E2506,Create PR,2024-09-02T08:35:54Z,User50,CC2
E2821,Approve PR,2024-09-02T08:35:54Z,Manager3,CC11
E3606,Create PR,2024-09-02T08:35:55Z,User46,CC15
E3707,Create PR,2024-09-02T08:35:55Z,User42,CC9
E4029,Approve PR,2024-09-02T08:35:55Z,Manager6,CC7
E4630,Create PR,2024-09-02T08:35:55Z,User39,CC10
E4768,Reject PR,2024-09-02T08:35:55Z,Manager7,CC12
E4959,Create PR,2024-09-02T08:35:55Z,User49,CC6
E4995,Create PR,2024-09-02T08:35:55Z,User20,CC16
E5188,Create PR,2024-09-02T08:35:56Z,User35,CC6
E5566,Approve PR,2024-09-02T08:35:56Z,Manager10,CC13
E5968,Create PR,2024-09-02T08:35:56Z,User28,CC1
E6041,Approve PR,2024-09-02T08:35:56Z,Manager3,CC20
E6362,Create PR,2024-09-02T08:35:56Z,User13,CC14
E6737,Create PR,2024-09-02T08:35:56Z,User36,CC9
E7004,Create PR,2024-09-02T08:35:57Z,User48,CC14
E7293,Create PR,2024-09-02T08:35:57Z,User47,CC4
E7513,Create PR,2024-09-02T08:35:57Z,User18,CC15
E192,Create PR,2024-09-02T08:36:53Z,User12,CC3
E210,Create PR,2024-09-02T08:36:53Z,User45,CC12
E336,Create PR,2024-09-02T08:36:53Z,User36,CC19
E567,Create PR,2024-09-02T08:36:53Z,User19,CC16
E1027,Create PR,2024-09-02T08:36:53Z,User39,CC12
E1074,Create PR,2024-09-02T08:36:53Z,User38,CC5
E1112,Create PR,2024-09-02T08:36:53Z,User42,CC16
E1828,Create PR,2024-09-02T08:36:54Z,User23,CC12
E2024,Create PR,2024-09-02T08:36:54Z,User4,CC5
E2697,Create PR,2024-09-02T08:36:54Z,User22,CC14
E2707,Approve PR,2024-09-02T08:36:54Z,Manager5,CC14
E3031,Create PR,2024-09-02T08:36:54Z,User47,CC17
E3440,Create PR,2024-09-02T08:36:55Z,User2,CC8
E3624,Create PR,2024-09-02T08:36:55Z,User16,CC16
E3646,Create PO (Batch),2024-09-02T08:36:55Z,User19,CC7
E4055,Create PR,2024-09-02T08:36:55Z,User49,CC2
E4574,Create PR,2024-09-02T08:36:55Z,User3,CC1
E4740,Create PR,2024-09-02T08:36:55Z,User27,CC9
E4950,Create PO (Batch),2024-09-02T08:36:55Z,User28,CC12
E5013,Create PR,2024-09-02T08:36:55Z,User24,CC18
E5079,Approve PR,2024-09-02T08:36:55Z,Manager6,CC15
E5206,Create PR,2024-09-02T08:36:56Z,User2,CC15
E5435,Create PO (Batch),2024-09-02T08:36:56Z,User31,CC16
E6099,Approve PR,2024-09-02T08:36:56Z,Manager9,CC9
E6250,Create PR,2024-09-02T08:36:56Z,User42,CC9
E6336,Approve PR,2024-09-02T08:36:56Z,Manager2,CC18
E6637,Approve PR,2024-09-02T08:36:56Z,Manager9,CC20
E6645,Create PR,2024-09-02T08:36:56Z,User6,CC8
E7123,Create PR,2024-09-02T08:36:57Z,User9,CC12
E7255,Create PR,2024-09-02T08:36:57Z,User19,CC13
E7568,Reject PR,2024-09-02T08:36:57Z,Manager1,CC1
E7663,Create PR,2024-09-02T08:36:57Z,User7,CC16
E7692,Create PR,2024-09-02T08:36:57Z,User33,CC16
E55,Create PR,2024-09-02T08:37:53Z,User38,CC1
E631,Approve PR,2024-09-02T08:37:53Z,Manager6,CC8
E913,Create PR,2024-09-02T08:37:53Z,User27,CC13
E1121,Create PR,2024-09-02T08:37:53Z,User25,CC7
E1456,Create PR,2024-09-02T08:37:53Z,User17,CC4
E1575,Create PR,2024-09-02T08:37:54Z,User23,CC4
E1996,Approve PR,2024-09-02T08:37:54Z,Manager3,CC8
E2281,Approve PR,2024-09-02T08:37:54Z,Manager4,CC2
E2468,Create PO,2024-09-02T08:37:54Z,User14,CC6
E2652,Create PR,2024-09-02T08:37:54Z,User16,CC5
E2938,Approve PR,2024-09-02T08:37:54Z,Manager8,CC9
E3238,Create PR,2024-09-02T08:37:54Z,User29,CC10
E3851,Create PR,2024-09-02T08:37:55Z,User46,CC20
E3905,Create PR,2024-09-02T08:37:55Z,User7,CC15
E4147,Create PR,2024-09-02T08:37:55Z,User26,CC1
E4261,Create PO (Batch),2024-09-02T08:37:55Z,User50,CC3
E4649,Reject PR,2024-09-02T08:37:55Z,Manager10,CC16
E5016,Approve PR,2024-09-02T08:37:55Z,Manager10,CC13
E5753,Create PR,2024-09-02T08:37:56Z,User21,CC18
E5959,Create PR,2024-09-02T08:37:56Z,User41,CC3
E6794,Approve PR,2024-09-02T08:37:56Z,Manager3,CC20
E6987,Approve PR,2024-09-02T08:37:57Z,Manager6,CC9
E7257,Create PR,2024-09-02T08:37:57Z,User16,CC15
E7315,Create PO,2024-09-02T08:37:57Z,User3,CC15
E7854,Create PR,2024-09-02T08:37:57Z,User18,CC13
E8144,Create PR,2024-09-02T08:37:57Z,User13,CC15
E20,Approve PR,2024-09-02T08:38:53Z,Manager8,CC15
E1196,Approve PR,2024-09-02T08:38:53Z,Manager2,CC14
E1330,Create PR,2024-09-02T08:38:53Z,User20,CC16
E1772,Create PR,2024-09-02T08:38:54Z,User42,CC9
E1800,Approve PR,2024-09-02T08:38:54Z,Manager9,CC7
E1903,Approve PR,2024-09-02T08:38:54Z,Manager2,CC11
E1969,Create PR,2024-09-02T08:38:54Z,User40,CC13
E2429,Approve PR,2024-09-02T08:38:54Z,Manager2,CC8
E2570,Approve PR,2024-09-02T08:38:54Z,Manager9,CC10
E4376,Create PR,2024-09-02T08:38:55Z,User12,CC18
E4759,Approve PR,2024-09-02T08:38:55Z,Manager7,CC3
E4854,Create PR,2024-09-02T08:38:55Z,User9,CC1
E4960,Approve PR,2024-09-02T08:38:55Z,Manager3,CC8
E5242,Create PR,2024-09-02T08:38:56Z,User18,CC5
E5538,Create PR,2024-09-02T08:38:56Z,User31,CC15
E5803,Approve PR,2024-09-02T08:38:56Z,Manager3,CC8
E5866,Approve PR,2024-09-02T08:38:56Z,Manager9,CC6
E6959,Create PR,2024-09-02T08:38:57Z,User46,CC9
E7114,Create PR,2024-09-02T08:38:57Z,User13,CC18
E7607,Create PR,2024-09-02T08:38:57Z,User17,CC13
E377,Approve PR,2024-09-02T08:39:53Z,Manager4,CC15
E395,Approve PR,2024-09-02T08:39:53Z,Manager1,CC17
E466,Create PR,2024-09-02T08:39:53Z,User35,CC18
E810,Create PR,2024-09-02T08:39:53Z,User13,CC2
E1240,Create PR,2024-09-02T08:39:53Z,User1,CC3
E1270,Approve PO,2024-09-02T08:39:53Z,Manager3,CC3
E1465,Create PR,2024-09-02T08:39:54Z,User48,CC18
E1649,Create PR,2024-09-02T08:39:54Z,User7,CC14
E1701,Approve PR,2024-09-02T08:39:54Z,Manager8,CC17
E1782,Approve PR,2024-09-02T08:39:54Z,Manager9,CC8
E1960,Create PR,2024-09-02T08:39:54Z,User20,CC9
E2182,Approve PR,2024-09-02T08:39:54Z,Manager2,CC10
E2698,Approve PR,2024-09-02T08:39:54Z,Manager4,CC1
E3239,Approve PR,2024-09-02T08:39:54Z,Manager1,CC1
E3570,Create PR,2024-09-02T08:39:55Z,User13,CC4
E3762,Approve PR,2024-09-02T08:39:55Z,Manager6,CC1
E4019,Create PR,2024-09-02T08:39:55Z,User48,CC10
E4091,Create PR,2024-09-02T08:39:55Z,User6,CC2
E4231,Reject PR,2024-09-02T08:39:55Z,Manager1,CC11
E4313,Create PR,2024-09-02T08:39:55Z,User1,CC1
E4403,Create PR,2024-09-02T08:39:55Z,User32,CC16
E4863,Create PR,2024-09-02T08:39:55Z,User31,CC7
E5197,Create PR,2024-09-02T08:39:56Z,User37,CC2
E5269,Create PR,2024-09-02T08:39:56Z,User3,CC13
E5539,Approve PR,2024-09-02T08:39:56Z,Manager1,CC15
E5577,Approve PR,2024-09-02T08:39:56Z,Manager6,CC4
E5594,Create PR,2024-09-02T08:39:56Z,User22,CC1
E5623,Create PR,2024-09-02T08:39:56Z,User43,CC19
E5633,Approve PR,2024-09-02T08:39:56Z,Manager10,CC4
E5847,Create PR,2024-09-02T08:39:56Z,User14,CC17
E5950,Create PO (Batch),2024-09-02T08:39:56Z,User34,CC8
E6353,Create PR,2024-09-02T08:39:56Z,User23,CC11
E6462,Approve PR,2024-09-02T08:39:56Z,Manager3,CC20
E6578,Create PR,2024-09-02T08:39:56Z,User40,CC16
E6776,Approve PR,2024-09-02T08:39:56Z,Manager3,CC7
E6811,Create PR,2024-09-02T08:39:56Z,User1,CC5
E7061,Approve PR,2024-09-02T08:39:57Z,Manager3,CC12
E8109,Approve PR,2024-09-02T08:39:57Z,Manager9,CC5
E8229,Create PR,2024-09-02T08:39:57Z,User17,CC4
E46,Create PR,2024-09-02T08:40:53Z,User49,CC6
E176,Create PO,2024-09-02T08:40:53Z,User33,CC11
E475,Create PR,2024-09-02T08:40:53Z,User35,CC10
E477,Create PR,2024-09-02T08:40:53Z,User1,CC12
E534,Approve PO,2024-09-02T08:40:53Z,Manager6,CC2
E757,Approve PR,2024-09-02T08:40:53Z,Manager6,CC11
E946,Create PR,2024-09-02T08:40:53Z,User37,CC10
E1548,Create PR,2024-09-02T08:40:54Z,User30,CC18
E1738,Create PO,2024-09-02T08:40:54Z,User41,CC9
E2052,Approve PR,2024-09-02T08:40:54Z,Manager6,CC6
E2060,Create PR,2024-09-02T08:40:54Z,User45,CC10
E2137,Approve PR,2024-09-02T08:40:54Z,Manager9,CC1
E2524,Create PR,2024-09-02T08:40:54Z,User6,CC2
E2543,Approve PR,2024-09-02T08:40:54Z,Manager1,CC17
E2769,Create PR,2024-09-02T08:40:54Z,User30,CC5
E2778,Create PR,2024-09-02T08:40:54Z,User6,CC4
E3988,Create PR,2024-09-02T08:40:55Z,User12,CC4
E4008,Create PR,2024-09-02T08:40:55Z,User20,CC14
E4064,Create PR,2024-09-02T08:40:55Z,User20,CC7
E4210,Create PR,2024-09-02T08:40:55Z,User2,CC14
E4349,Create PR,2024-09-02T08:40:55Z,User1,CC2
E4385,Create PR,2024-09-02T08:40:55Z,User13,CC20
E5179,Create PR,2024-09-02T08:40:56Z,User50,CC10
E5353,Approve PR,2024-09-02T08:40:56Z,Manager10,CC1
E5475,Create PR,2024-09-02T08:40:56Z,User36,CC7
E6216,Create PO,2024-09-02T08:40:56Z,User36,CC14
E6407,Create PR,2024-09-02T08:40:56Z,User6,CC14
E6803,Approve PR,2024-09-02T08:40:56Z,Manager3,CC1
E6988,Create PO (Batch),2024-09-02T08:40:57Z,User37,CC12
E7246,Create PR,2024-09-02T08:40:57Z,User28,CC2
E7256,Reject PR,2024-09-02T08:40:57Z,Manager6,CC3
E7558,Create PR,2024-09-02T08:40:57Z,User29,CC2
E7636,Create PR,2024-09-02T08:40:57Z,User6,CC14
E7935,Create PR,2024-09-02T08:40:57Z,User2,CC9
E7999,Approve PR,2024-09-02T08:40:57Z,Manager6,CC12
E8008,Approve PR,2024-09-02T08:40:57Z,Manager9,CC5
E8153,Create PR,2024-09-02T08:40:57Z,User33,CC17
E82,Create PR,2024-09-02T08:41:53Z,User45,CC13
E147,Create PR,2024-09-02T08:41:53Z,User23,CC19
E603,Create PR,2024-09-02T08:41:53Z,User16,CC6
E1101,Create PR,2024-09-02T08:41:53Z,User33,CC4
E1122,Approve PR,2024-09-02T08:41:53Z,Manager5,CC20
E1448,Approve PR,2024-09-02T08:41:53Z,Manager3,CC19
E1512,Create PR,2024-09-02T08:41:54Z,User34,CC5
E1668,Approve PR,2024-09-02T08:41:54Z,Manager6,CC6
E1885,Approve PR,2024-09-02T08:41:54Z,Manager1,CC10
E2053,Create PO (Batch),2024-09-02T08:41:54Z,User11,CC20
E2072,Approve PR,2024-09-02T08:41:54Z,Manager3,CC19
E2191,Approve PR,2024-09-02T08:41:54Z,Manager5,CC6
E2226,Create PR,2024-09-02T08:41:54Z,User6,CC11
E2312,Approve PR,2024-09-02T08:41:54Z,Manager3,CC19
E2338,Create PR,2024-09-02T08:41:54Z,User47,CC15
E2402,Approve PR,2024-09-02T08:41:54Z,Manager3,CC9
E2560,Create PR,2024-09-02T08:41:54Z,User6,CC2
E2800,Create PR,2024-09-02T08:41:54Z,User7,CC12
E2856,Create PR,2024-09-02T08:41:54Z,User5,CC2
E3067,Create PR,2024-09-02T08:41:54Z,User29,CC17
E3248,Reject PR,2024-09-02T08:41:54Z,Manager8,CC15
E3485,Create PR,2024-09-02T08:41:55Z,User47,CC19
E3507,Create PR,2024-09-02T08:41:55Z,User17,CC16
E3681,Approve PR,2024-09-02T08:41:55Z,Manager10,CC12
E4100,Create PR,2024-09-02T08:41:55Z,User14,CC19
E4157,Approve PR,2024-09-02T08:41:55Z,Manager8,CC14
E4278,Approve PR,2024-09-02T08:41:55Z,Manager4,CC6
E4295,Create PR,2024-09-02T08:41:55Z,User4,CC16
E4903,Create PR,2024-09-02T08:41:55Z,User37,CC11
E5547,Create PR,2024-09-02T08:41:56Z,User46,CC15
E6551,Create PR,2024-09-02T08:41:56Z,User31,CC9
E6995,Create PR,2024-09-02T08:41:57Z,User15,CC13
E7681,Create PR,2024-09-02T08:41:57Z,User33,CC3
E8201,Approve PR,2024-09-02T08:41:57Z,Manager1,CC11
E367,Create PR,2024-09-02T08:42:53Z,User50,CC17
E535,Send PO to Supplier,2024-09-02T08:42:53Z,User24,CC10
E587,Create PO (Batch),2024-09-02T08:42:53Z,User31,CC3
E1019,Approve PR,2024-09-02T08:42:53Z,Manager1,CC13
E1102,Approve PR,2024-09-02T08:42:53Z,Manager5,CC17
E1530,Create PR,2024-09-02T08:42:54Z,User33,CC10
E1773,Approve PR,2024-09-02T08:42:54Z,Manager4,CC4
E2301,Reject PR,2024-09-02T08:42:54Z,Manager7,CC15
E2751,Create PR,2024-09-02T08:42:54Z,User19,CC3
E2910,Create PR,2024-09-02T08:42:54Z,User5,CC11
E3321,Create PR,2024-09-02T08:42:54Z,User40,CC2
E4250,Create PR,2024-09-02T08:42:55Z,User3,CC2
E4279,Create PO,2024-09-02T08:42:55Z,User35,CC5
E4286,Create PR,2024-09-02T08:42:55Z,User50,CC10
E4394,Create PR,2024-09-02T08:42:55Z,User38,CC3
E4457,Create PR,2024-09-02T08:42:55Z,User42,CC2
E4631,Approve PR,2024-09-02T08:42:55Z,Manager7,CC9
E4741,Approve PR,2024-09-02T08:42:55Z,Manager5,CC12
E4875,Reject PR,2024-09-02T08:42:55Z,Manager7,CC10
E5060,Create PR,2024-09-02T08:42:55Z,User27,CC4
E5106,Approve PR,2024-09-02T08:42:55Z,Manager1,CC3
E5469,Create PR,2024-09-02T08:42:56Z,User48,CC4
E6013,Create PR,2024-09-02T08:42:56Z,User28,CC10
E6259,Create PR,2024-09-02T08:42:56Z,User25,CC16
E6533,Create PR,2024-09-02T08:42:56Z,User17,CC7
E7042,Create PR,2024-09-02T08:42:57Z,User49,CC17
E7919,Create PO,2024-09-02T08:42:57Z,User33,CC12
E8072,Create PR,2024-09-02T08:42:57Z,User22,CC20
E148,Approve PR,2024-09-02T08:43:53Z,Manager5,CC13
E549,Create PR,2024-09-02T08:43:53Z,User14,CC15
E1058,Create PO (Batch),2024-09-02T08:43:53Z,User14,CC2
E1139,Create PR,2024-09-02T08:43:53Z,User19,CC3
E1232,Approve PR,2024-09-02T08:43:53Z,Manager2,CC19
E1286,Approve PR,2024-09-02T08:43:53Z,Manager8,CC5
E2013,Create PR,2024-09-02T08:43:54Z,User10,CC14
E2272,Approve PR,2024-09-02T08:43:54Z,Manager6,CC9
E2292,Approve PR,2024-09-02T08:43:54Z,Manager2,CC11
E2534,Approve PR,2024-09-02T08:43:54Z,Manager9,CC15
E2847,Create PR,2024-09-02T08:43:54Z,User33,CC9
E3468,Approve PR,2024-09-02T08:43:55Z,Manager1,CC2
E3616,Approve PR,2024-09-02T08:43:55Z,Manager7,CC3
E3753,Approve PR,2024-09-02T08:43:55Z,Manager6,CC6
E3887,Create PR,2024-09-02T08:43:55Z,User50,CC19
E3906,Approve PR,2024-09-02T08:43:55Z,Manager2,CC5
E4165,Create PR,2024-09-02T08:43:55Z,User20,CC12
E4430,Create PR,2024-09-02T08:43:55Z,User11,CC2
E4628,Create PR,2024-09-02T08:43:55Z,User5,CC11
E4770,Approve PR,2024-09-02T08:43:55Z,Manager7,CC16
E4780,Create PR,2024-09-02T08:43:55Z,User35,CC2
E4799,Approve PR,2024-09-02T08:43:55Z,Manager9,CC19
E4886,Approve PR,2024-09-02T08:43:55Z,Manager5,CC18
E4931,Approve PR,2024-09-02T08:43:55Z,Manager4,CC18
E5107,Create PO,2024-09-02T08:43:55Z,User45,CC15
E6251,Approve PR,2024-09-02T08:43:56Z,Manager7,CC18
E6693,Approve PR,2024-09-02T08:43:56Z,Manager1,CC9
E6859,Approve PR,2024-09-02T08:43:56Z,Manager9,CC11
E357,Reject PR,2024-09-02T08:44:53Z,Manager1,CC14
E729,Create PR,2024-09-02T08:44:53Z,User38,CC12
E955,Create PR,2024-09-02T08:44:53Z,User5,CC2
E1557,Create PR,2024-09-02T08:44:54Z,User2,CC10
E1867,Approve PR,2024-09-02T08:44:54Z,Manager10,CC20
E2200,Approve PR,2024-09-02T08:44:54Z,Manager8,CC13
E2273,Create PO (Batch),2024-09-02T08:44:54Z,User38,CC19
E2437,Create PR,2024-09-02T08:44:54Z,User50,CC3
E2884,Approve PR,2024-09-02T08:44:54Z,Manager5,CC14
E3076,Create PR,2024-09-02T08:44:54Z,User6,CC3
E3121,Create PR,2024-09-02T08:44:54Z,User48,CC8
E3249,Create PR,2024-09-02T08:44:54Z,User13,CC1
E3743,Create PR,2024-09-02T08:44:55Z,User40,CC14
E4118,Create PR,2024-09-02T08:44:55Z,User13,CC4
E4148,Approve PR,2024-09-02T08:44:55Z,Manager4,CC14
E4280,Approve PO,2024-09-02T08:44:55Z,Manager5,CC15
E4677,Create PR,2024-09-02T08:44:55Z,User33,CC16
E4686,Create PR,2024-09-02T08:44:55Z,User6,CC12
E4904,Approve PR,2024-09-02T08:44:55Z,Manager7,CC16
E4978,Approve PR,2024-09-02T08:44:55Z,Manager3,CC14
E5061,Approve PR,2024-09-02T08:44:55Z,Manager8,CC1
E5133,Approve PR,2024-09-02T08:44:55Z,Manager7,CC4
E5485,Approve PR,2024-09-02T08:44:56Z,Manager5,CC15
E5661,Create PR,2024-09-02T08:44:56Z,User28,CC7
E6125,Create PR,2024-09-02T08:44:56Z,User27,CC7
E6318,Approve PR,2024-09-02T08:44:56Z,Manager2,CC18
E6552,Approve PR,2024-09-02T08:44:56Z,Manager10,CC1
E6655,Approve PR,2024-09-02T08:44:56Z,Manager2,CC16
E7559,Approve PR,2024-09-02T08:44:57Z,Manager6,CC3
E7596,Create PR,2024-09-02T08:44:57Z,User29,CC20
E7655,Approve PR,2024-09-02T08:44:57Z,Manager10,CC7
E8052,Create PR,2024-09-02T08:44:57Z,User43,CC2
E136,Create PR,2024-09-02T08:45:53Z,User33,CC14
E211,Approve PR,2024-09-02T08:45:53Z,Manager8,CC15
E228,Create PR,2024-09-02T08:45:53Z,User39,CC3
E396,Create PO,2024-09-02T08:45:53Z,User27,CC3
E476,Reject PR,2024-09-02T08:45:53Z,Manager1,CC13
E478,Approve PR,2024-09-02T08:45:53Z,Manager1,CC10
E513,Create PR,2024-09-02T08:45:53Z,User22,CC4
E632,Create PO,2024-09-02T08:45:53Z,User6,CC13
E828,Create PR,2024-09-02T08:45:53Z,User32,CC12
E947,Approve PR,2024-09-02T08:45:53Z,Manager1,CC6
E1233,Create PO,2024-09-02T08:45:53Z,User32,CC9
E1790,Create PR,2024-09-02T08:45:54Z,User18,CC6
E1958,Create PR,2024-09-02T08:45:54Z,User22,CC15
E2760,Create PR,2024-09-02T08:45:54Z,User22,CC8
E3023,Approve PR,2024-09-02T08:45:54Z,Manager6,CC9
E3085,Create PR,2024-09-02T08:45:54Z,User9,CC2
E3304,Approve PR,2024-09-02T08:45:54Z,Manager3,CC3
E3413,Create PR,2024-09-02T08:45:55Z,User44,CC11
E3545,Create PO (Batch),2024-09-02T08:45:55Z,User39,CC9
E4201,Create PR,2024-09-02T08:45:55Z,User42,CC4
E4421,Create PR,2024-09-02T08:45:55Z,User5,CC4
E4449,Approve PR,2024-09-02T08:45:55Z,Manager4,CC19
E4779,Reject PR,2024-09-02T08:45:55Z,Manager5,CC6
E4836,Create PR,2024-09-02T08:45:55Z,User2,CC16
E4921,Create PR,2024-09-02T08:45:55Z,User24,CC12
E4939,Create PR,2024-09-02T08:45:55Z,User4,CC9
E5604,Reject PR,2024-09-02T08:45:56Z,Manager10,CC8
E5710,Create PO (Batch),2024-09-02T08:45:56Z,User18,CC16
E6128,Approve PR,2024-09-02T08:45:56Z,Manager4,CC19
E6607,Create PR,2024-09-02T08:45:56Z,User11,CC4
E7146,Approve PR,2024-09-02T08:45:57Z,Manager6,CC7
E7588,Approve PR,2024-09-02T08:45:57Z,Manager1,CC8
E7773,Create PR,2024-09-02T08:45:57Z,User2,CC19
E7972,Approve PR,2024-09-02T08:45:57Z,Manager2,CC20
E8009,Create PO (Batch),2024-09-02T08:45:57Z,User31,CC11
E8256,Create PR,2024-09-02T08:45:57Z,User12,CC10
E183,Create PR,2024-09-02T08:46:53Z,User17,CC3
E201,Create PR,2024-09-02T08:46:53Z,User45,CC15
E594,Create PR,2024-09-02T08:46:53Z,User29,CC18
E720,Create PR,2024-09-02T08:46:53Z,User16,CC15
E895,Create PR,2024-09-02T08:46:53Z,User40,CC10
E982,Create PR,2024-09-02T08:46:53Z,User34,CC10
E1467,Create PR,2024-09-02T08:46:54Z,User40,CC20
E1593,Create PR,2024-09-02T08:46:54Z,User41,CC10
E1819,Create PR,2024-09-02T08:46:54Z,User20,CC10
E2681,Create PO (Batch),2024-09-02T08:46:54Z,User18,CC12
E2761,Approve PR,2024-09-02T08:46:54Z,Manager2,CC19
E2798,Create PR,2024-09-02T08:46:54Z,User25,CC5
E2839,Approve PR,2024-09-02T08:46:54Z,Manager6,CC6
E3861,Approve PR,2024-09-02T08:46:55Z,Manager6,CC9
E4887,Create PO,2024-09-02T08:46:55Z,User37,CC5
E5261,Approve PR,2024-09-02T08:46:56Z,Manager9,CC10
E6116,Create PR,2024-09-02T08:46:56Z,User10,CC7
E6610,Approve PR,2024-09-02T08:46:56Z,Manager8,CC19
E6804,Create PO (Batch),2024-09-02T08:46:56Z,User7,CC12
E6916,Create PO,2024-09-02T08:46:57Z,User1,CC13
E7173,Reject PR,2024-09-02T08:46:57Z,Manager10,CC2
E8081,Create PR,2024-09-02T08:46:57Z,User21,CC10
E8090,Create PR,2024-09-02T08:46:57Z,User18,CC9
E8211,Create PR,2024-09-02T08:46:57Z,User34,CC10
E935,Create PR,2024-09-02T08:47:53Z,User43,CC4
E1430,Approve PR,2024-09-02T08:47:53Z,Manager9,CC13
E1539,Create PR,2024-09-02T08:47:54Z,User41,CC1
E1979,Reject PR,2024-09-02T08:47:54Z,Manager9,CC1
E2321,Approve PR,2024-09-02T08:47:54Z,Manager7,CC17
E2374,Create PR,2024-09-02T08:47:54Z,User49,CC13
E2653,Approve PR,2024-09-02T08:47:54Z,Manager5,CC2
E2671,Approve PR,2024-09-02T08:47:54Z,Manager5,CC4
E2840,Create PO,2024-09-02T08:47:54Z,User26,CC19
E2975,Create PR,2024-09-02T08:47:54Z,User18,CC13
E3104,Approve PR,2024-09-02T08:47:54Z,Manager7,CC1
E3701,Approve PO,2024-09-02T08:47:55Z,Manager4,CC17
E3798,Approve PR,2024-09-02T08:47:55Z,Manager10,CC7
E3878,Create PR,2024-09-02T08:47:55Z,User30,CC4
E4575,Approve PR,2024-09-02T08:47:55Z,Manager5,CC19
E5142,Approve PR,2024-09-02T08:47:56Z,Manager1,CC10
E5287,Create PR,2024-09-02T08:47:56Z,User17,CC10
E5791,Create PR,2024-09-02T08:47:56Z,User7,CC20
E6327,Approve PR,2024-09-02T08:47:56Z,Manager7,CC16
E6560,Create PR,2024-09-02T08:47:56Z,User27,CC12
E6569,Create PR,2024-09-02T08:47:56Z,User23,CC11
E7005,Approve PR,2024-09-02T08:47:57Z,Manager4,CC14
E7719,Create PR,2024-09-02T08:47:57Z,User17,CC1
E7803,Approve PO,2024-09-02T08:47:57Z,Manager3,CC14
E8073,Approve PR,2024-09-02T08:47:57Z,Manager9,CC10
E219,Create PR,2024-09-02T08:48:53Z,User9,CC7
E247,Approve PR,2024-09-02T08:48:53Z,Manager1,CC18
E282,Create PR,2024-09-02T08:48:53Z,User40,CC6
E354,Create PR,2024-09-02T08:48:53Z,User22,CC20
E738,Create PR,2024-09-02T08:48:53Z,User27,CC13
E1009,Create PR,2024-09-02T08:48:53Z,User16,CC18
E1020,Create PO,2024-09-02T08:48:53Z,User7,CC20
E1940,Create PR,2024-09-02T08:48:54Z,User49,CC8
E2061,Approve PR,2024-09-02T08:48:54Z,Manager10,CC4
E2138,Create PO,2024-09-02T08:48:54Z,User3,CC1
E2329,Create PR,2024-09-02T08:48:54Z,User26,CC18
E2383,Create PR,2024-09-02T08:48:54Z,User45,CC4
E2743,Approve PR,2024-09-02T08:48:54Z,Manager9,CC9
E2770,Approve PR,2024-09-02T08:48:54Z,Manager8,CC14
E2799,Reject PR,2024-09-02T08:48:54Z,Manager4,CC15
E2955,Create PR,2024-09-02T08:48:54Z,User33,CC3
E2993,Create PR,2024-09-02T08:48:54Z,User24,CC11
E3240,Create PO,2024-09-02T08:48:54Z,User13,CC4
E3671,Create PR,2024-09-02T08:48:55Z,User26,CC2
E4074,Approve PR,2024-09-02T08:48:55Z,Manager9,CC11
E4175,Approve PR,2024-09-02T08:48:55Z,Manager6,CC5
E4584,Approve PR,2024-09-02T08:48:55Z,Manager8,CC1
E4592,Create PR,2024-09-02T08:48:55Z,User16,CC14
E4602,Approve PR,2024-09-02T08:48:55Z,Manager4,CC2
E5691,Approve PR,2024-09-02T08:48:56Z,Manager6,CC2
E5812,Approve PR,2024-09-02T08:48:56Z,Manager10,CC17
E5829,Create PR,2024-09-02T08:48:56Z,User16,CC15
E6169,Create PR,2024-09-02T08:48:56Z,User7,CC17
E7023,Reject PR,2024-09-02T08:48:57Z,Manager4,CC3
E7144,Reject PR,2024-09-02T08:48:57Z,Manager6,CC16
E7550,Approve PR,2024-09-02T08:48:57Z,Manager8,CC19
E7560,Create PO (Batch),2024-09-02T08:48:57Z,User27,CC12
E7656,Create PO (Batch),2024-09-02T08:48:57Z,User18,CC19
E7674,Create PO,2024-09-02T08:48:57Z,User8,CC13
E7837,Approve PR,2024-09-02T08:48:57Z,Manager8,CC1
E8209,Create PR,2024-09-02T08:48:57Z,User8,CC1
E165,Create PR,2024-09-02T08:49:53Z,User33,CC1
E956,Approve PR,2024-09-02T08:49:53Z,Manager5,CC16
E1395,Create PO,2024-09-02T08:49:53Z,User4,CC8
E1922,Create PR,2024-09-02T08:49:54Z,User34,CC2
E1970,Approve PR,2024-09-02T08:49:54Z,Manager5,CC17
E2365,Create PR,2024-09-02T08:49:54Z,User33,CC8
E2484,Create PR,2024-09-02T08:49:54Z,User21,CC12
E2841,Approve PO,2024-09-02T08:49:54Z,Manager5,CC3
E3139,Create PR,2024-09-02T08:49:54Z,User36,CC14
E3285,Create PR,2024-09-02T08:49:54Z,User30,CC13
E3451,Create PO (Batch),2024-09-02T08:49:55Z,User3,CC6
E3771,Approve PR,2024-09-02T08:49:55Z,Manager8,CC16
E3815,Create PR,2024-09-02T08:49:55Z,User49,CC11
E3970,Create PR,2024-09-02T08:49:55Z,User33,CC9
E4136,Create PR,2024-09-02T08:49:55Z,User48,CC15
E4706,Create PO,2024-09-02T08:49:55Z,User43,CC15
E4834,Create PR,2024-09-02T08:49:55Z,User10,CC19
E5225,Approve PR,2024-09-02T08:49:56Z,Manager6,CC14
E5243,Approve PR,2024-09-02T08:49:56Z,Manager4,CC19
E5327,Create PO (Batch),2024-09-02T08:49:56Z,User30,CC9
E5474,Reject PR,2024-09-02T08:49:56Z,Manager10,CC8
E5763,Approve PR,2024-09-02T08:49:56Z,Manager7,CC18
E6141,Approve PR,2024-09-02T08:49:56Z,Manager10,CC10
E6443,Create PR,2024-09-02T08:49:56Z,User47,CC9
E6646,Approve PR,2024-09-02T08:49:56Z,Manager3,CC15
E6887,Create PR,2024-09-02T08:49:56Z,User5,CC5
E7626,Reject PR,2024-09-02T08:49:57Z,Manager6,CC9
E7792,Approve PR,2024-09-02T08:49:57Z,Manager3,CC16
E7838,Create PO (Batch),2024-09-02T08:49:57Z,User33,CC7
E7908,Create PR,2024-09-02T08:49:57Z,User26,CC15
E8220,Create PR,2024-09-02T08:49:57Z,User27,CC19
E273,Create PR,2024-09-02T08:50:53Z,User21,CC3
E397,Approve PO,2024-09-02T08:50:53Z,Manager3,CC18
E486,Create PR,2024-09-02T08:50:53Z,User21,CC19
E622,Approve PR,2024-09-02T08:50:53Z,Manager7,CC13
E685,Approve PR,2024-09-02T08:50:53Z,Manager1,CC14
E851,Approve PR,2024-09-02T08:50:53Z,Manager7,CC9
E904,Create PR,2024-09-02T08:50:53Z,User32,CC10
E929,Approve PO,2024-09-02T08:50:53Z,Manager1,CC19
E1028,Reject PR,2024-09-02T08:50:53Z,Manager10,CC9
E1083,Create PR,2024-09-02T08:50:53Z,User30,CC18
E1312,Create PR,2024-09-02T08:50:53Z,User41,CC12
E1358,Approve PR,2024-09-02T08:50:53Z,Manager1,CC11
E1384,Create PR,2024-09-02T08:50:53Z,User8,CC18
E1567,Approve PR,2024-09-02T08:50:54Z,Manager4,CC16
E1629,Create PR,2024-09-02T08:50:54Z,User41,CC18
E1820,Approve PR,2024-09-02T08:50:54Z,Manager9,CC1
E1849,Approve PR,2024-09-02T08:50:54Z,Manager10,CC18
E2911,Approve PR,2024-09-02T08:50:54Z,Manager9,CC8
E3114,Create PO,2024-09-02T08:50:54Z,User17,CC19
E4010,Create PR,2024-09-02T08:50:55Z,User46,CC9
E4020,Approve PR,2024-09-02T08:50:55Z,Manager10,CC9
E4138,Create PR,2024-09-02T08:50:55Z,User42,CC9
E4304,Create PR,2024-09-02T08:50:55Z,User31,CC13
E4358,Create PR,2024-09-02T08:50:55Z,User8,CC10
E4864,Reject PR,2024-09-02T08:50:55Z,Manager6,CC13
E5460,Create PR,2024-09-02T08:50:56Z,User6,CC10
E5800,Create PR,2024-09-02T08:50:56Z,User26,CC16
E5946,Create PR,2024-09-02T08:50:56Z,User19,CC16
E6188,Approve PR,2024-09-02T08:50:56Z,Manager2,CC6
E6479,Create PR,2024-09-02T08:50:56Z,User27,CC1
E6524,Create PR,2024-09-02T08:50:56Z,User14,CC3
E6683,Create PR,2024-09-02T08:50:56Z,User10,CC8
E6721,Create PO (Batch),2024-09-02T08:50:56Z,User45,CC14
E7304,Create PR,2024-09-02T08:50:57Z,User10,CC10
E7385,Create PR,2024-09-02T08:50:57Z,User43,CC3
E7962,Create PR,2024-09-02T08:50:57Z,User7,CC8
E657,Create PR,2024-09-02T08:51:53Z,User34,CC5
E676,Approve PR,2024-09-02T08:51:53Z,Manager6,CC1
E801,Create PR,2024-09-02T08:51:53Z,User6,CC16
E1540,Approve PR,2024-09-02T08:51:54Z,Manager2,CC8
E1720,Create PO,2024-09-02T08:51:54Z,User28,CC6
E1857,Create PR,2024-09-02T08:51:54Z,User16,CC10
E2080,Create PR,2024-09-02T08:51:54Z,User7,CC4
E2164,Approve PR,2024-09-02T08:51:54Z,Manager8,CC11
E2357,Approve PR,2024-09-02T08:51:54Z,Manager3,CC2
E2661,Create PR,2024-09-02T08:51:54Z,User40,CC16
E2716,Approve PR,2024-09-02T08:51:54Z,Manager5,CC15
E3562,Approve PR,2024-09-02T08:51:55Z,Manager4,CC10
E4110,Approve PR,2024-09-02T08:51:55Z,Manager2,CC3
E4350,Approve PR,2024-09-02T08:51:55Z,Manager5,CC8
E4529,Create PR,2024-09-02T08:51:55Z,User12,CC10
E4940,Approve PR,2024-09-02T08:51:55Z,Manager6,CC20
E5379,Create PR,2024-09-02T08:51:56Z,User8,CC12
E5585,Create PR,2024-09-02T08:51:56Z,User43,CC2
E5641,Create PR,2024-09-02T08:51:56Z,User1,CC9
E6434,Create PR,2024-09-02T08:51:56Z,User46,CC14
E6867,Create PR,2024-09-02T08:51:56Z,User36,CC3
E7053,Create PO,2024-09-02T08:51:57Z,User3,CC11
E7485,Approve PR,2024-09-02T08:51:57Z,Manager6,CC1
E7701,Create PR,2024-09-02T08:51:57Z,User7,CC13
E7989,Create PR,2024-09-02T08:51:57Z,User20,CC20
E8061,Create PR,2024-09-02T08:51:57Z,User38,CC18
E8173,Create PR,2024-09-02T08:51:57Z,User26,CC8
E8184,Create PO (Batch),2024-09-02T08:51:57Z,User7,CC4
E8293,Approve PR,2024-09-02T08:51:57Z,Manager1,CC4
E64,Create PR,2024-09-02T08:52:53Z,User50,CC2
E439,Create PR,2024-09-02T08:52:53Z,User12,CC16
E702,Create PR,2024-09-02T08:52:53Z,User49,CC6
E758,Create PO,2024-09-02T08:52:53Z,User16,CC13
E783,Create PR,2024-09-02T08:52:53Z,User32,CC15
E878,Approve PR,2024-09-02T08:52:53Z,Manager1,CC11
E1092,Create PR,2024-09-02T08:52:53Z,User7,CC18
E1103,Create PO,2024-09-02T08:52:53Z,User2,CC11
E1411,Create PR,2024-09-02T08:52:53Z,User14,CC19
E1477,Approve PR,2024-09-02T08:52:54Z,Manager6,CC3
E1531,Approve PR,2024-09-02T08:52:54Z,Manager6,CC10
E2448,Create PR,2024-09-02T08:52:54Z,User22,CC19
E2848,Approve PR,2024-09-02T08:52:54Z,Manager7,CC8
E3376,Reject PR,2024-09-02T08:52:55Z,Manager4,CC20
E3879,Approve PR,2024-09-02T08:52:55Z,Manager9,CC15
E4046,Create PR,2024-09-02T08:52:55Z,User10,CC18
E4450,Create PO,2024-09-02T08:52:55Z,User49,CC13
E4556,Create PR,2024-09-02T08:52:55Z,User8,CC9
E4565,Create PR,2024-09-02T08:52:55Z,User32,CC1
E4825,Create PR,2024-09-02T08:52:55Z,User25,CC12
E4897,Approve PO,2024-09-02T08:52:55Z,Manager6,CC20
E5098,Create PO (Batch),2024-09-02T08:52:55Z,User6,CC6
E5160,Approve PR,2024-09-02T08:52:56Z,Manager4,CC2
E5170,Create PR,2024-09-02T08:52:56Z,User9,CC15
E5251,Create PR,2024-09-02T08:52:56Z,User9,CC19
E5614,Create PR,2024-09-02T08:52:56Z,User43,CC14
E6389,Create PR,2024-09-02T08:52:56Z,User41,CC14
E6497,Create PR,2024-09-02T08:52:56Z,User28,CC9
E6507,Approve PR,2024-09-02T08:52:56Z,Manager4,CC2
E6587,Create PR,2024-09-02T08:52:56Z,User1,CC14
E6664,Approve PR,2024-09-02T08:52:56Z,Manager3,CC11
E7220,Approve PR,2024-09-02T08:52:57Z,Manager5,CC20
E7476,Approve PR,2024-09-02T08:52:57Z,Manager4,CC9
E7627,Create PR,2024-09-02T08:52:57Z,User25,CC16
E7818,Create PR,2024-09-02T08:52:57Z,User33,CC3
E7845,Create PR,2024-09-02T08:52:57Z,User16,CC18
E8117,Create PR,2024-09-02T08:52:57Z,User33,CC11
E8191,Create PR,2024-09-02T08:52:57Z,User35,CC9
E2,Approve PR,2024-09-02T08:53:53Z,Manager3,CC5
E139,Approve PR,2024-09-02T08:53:53Z,Manager5,CC20
E229,Approve PR,2024-09-02T08:53:53Z,Manager2,CC10
E318,Create PR,2024-09-02T08:53:53Z,User10,CC4
E457,Create PR,2024-09-02T08:53:53Z,User3,CC17
E487,Approve PR,2024-09-02T08:53:53Z,Manager1,CC4
E1021,Approve PO,2024-09-02T08:53:53Z,Manager10,CC7
E1059,Approve PO,2024-09-02T08:53:53Z,Manager9,CC9
E1466,Reject PR,2024-09-02T08:53:54Z,Manager7,CC17
E1677,Approve PR,2024-09-02T08:53:54Z,Manager6,CC1
E1931,Create PR,2024-09-02T08:53:54Z,User5,CC18
E2227,Approve PR,2024-09-02T08:53:54Z,Manager6,CC3
E2607,Create PR,2024-09-02T08:53:54Z,User46,CC5
E2849,Create PO (Batch),2024-09-02T08:53:54Z,User6,CC11
E3094,Create PR,2024-09-02T08:53:54Z,User13,CC15
E3229,Create PR,2024-09-02T08:53:54Z,User45,CC18
E3635,Create PO,2024-09-02T08:53:55Z,User5,CC4
E3643,Reject PR,2024-09-02T08:53:55Z,Manager10,CC4
E3979,Create PR,2024-09-02T08:53:55Z,User16,CC1
E4323,Approve PR,2024-09-02T08:53:55Z,Manager3,CC3
E4610,Create PR,2024-09-02T08:53:55Z,User1,CC14
E4640,Approve PR,2024-09-02T08:53:55Z,Manager3,CC5
E5005,Approve PR,2024-09-02T08:53:55Z,Manager1,CC20
E5062,Create PO (Batch),2024-09-02T08:53:55Z,User13,CC2
E5296,Create PR,2024-09-02T08:53:56Z,User39,CC3
E5344,Approve PR,2024-09-02T08:53:56Z,Manager6,CC2
E5645,Create PO,2024-09-02T08:53:56Z,User30,CC10
E5910,Create PR,2024-09-02T08:53:56Z,User47,CC1
E6298,Approve PR,2024-09-02T08:53:56Z,Manager6,CC5
E6542,Create PR,2024-09-02T08:53:56Z,User19,CC10
E6561,Approve PR,2024-09-02T08:53:56Z,Manager9,CC9
E7105,Create PR,2024-09-02T08:53:57Z,User17,CC20
E7164,Approve PR,2024-09-02T08:53:57Z,Manager5,CC5
E7183,Create PR,2024-09-02T08:53:57Z,User23,CC7
E7229,Approve PR,2024-09-02T08:53:57Z,Manager5,CC19
E7302,Create PR,2024-09-02T08:53:57Z,User14,CC14
E7605,Create PR,2024-09-02T08:53:57Z,User29,CC18
E7637,Approve PR,2024-09-02T08:53:57Z,Manager1,CC12
E8062,Approve PR,2024-09-02T08:53:57Z,Manager4,CC16
E8162,Create PR,2024-09-02T08:53:57Z,User31,CC17
E8247,Create PR,2024-09-02T08:53:57Z,User5,CC17
E230,Create PO (Batch),2024-09-02T08:54:53Z,User3,CC8
E319,Approve PR,2024-09-02T08:54:53Z,Manager5,CC12
E467,Approve PR,2024-09-02T08:54:53Z,Manager9,CC5
E504,Create PR,2024-09-02T08:54:53Z,User29,CC8
E648,Create PR,2024-09-02T08:54:53Z,User45,CC18
E792,Create PR,2024-09-02T08:54:53Z,User26,CC4
E868,Create PR,2024-09-02T08:54:53Z,User26,CC14
E1640,Create PR,2024-09-02T08:54:54Z,User3,CC6
E1685,Create PR,2024-09-02T08:54:54Z,User9,CC18
E2022,Create PR,2024-09-02T08:54:54Z,User40,CC17
E2635,Approve PR,2024-09-02T08:54:54Z,Manager4,CC16
E2735,Create PO,2024-09-02T08:54:54Z,User26,CC6
E2976,Approve PR,2024-09-02T08:54:54Z,Manager6,CC3
E2984,Create PR,2024-09-02T08:54:54Z,User42,CC19
E3368,Create PO (Batch),2024-09-02T08:54:54Z,User47,CC8
E3387,Approve PR,2024-09-02T08:54:55Z,Manager3,CC18
E3476,Create PR,2024-09-02T08:54:55Z,User2,CC20
E4119,Approve PR,2024-09-02T08:54:55Z,Manager3,CC3
E5334,Create PR,2024-09-02T08:54:56Z,User36,CC17
E5389,Approve PR,2024-09-02T08:54:56Z,Manager4,CC17
E6096,Create PR,2024-09-02T08:54:56Z,User47,CC1
E6138,Create PR,2024-09-02T08:54:56Z,User3,CC17
E6178,Create PR,2024-09-02T08:54:56Z,User19,CC5
E6205,Create PR,2024-09-02T08:54:56Z,User10,CC8
E6279,Create PR,2024-09-02T08:54:56Z,User37,CC20
E6508,Create PO (Batch),2024-09-02T08:54:56Z,User1,CC15
E6755,Create PR,2024-09-02T08:54:56Z,User37,CC8
E7062,Create PO,2024-09-02T08:54:57Z,User5,CC18
E7457,Create PR,2024-09-02T08:54:57Z,User25,CC19
E7532,Approve PR,2024-09-02T08:54:57Z,Manager8,CC15
E7571,Create PO,2024-09-02T08:54:57Z,User33,CC10
E7597,Approve PR,2024-09-02T08:54:57Z,Manager6,CC3
E7729,Approve PR,2024-09-02T08:54:57Z,Manager1,CC20
E7738,Approve PR,2024-09-02T08:54:57Z,Manager1,CC12
E7882,Approve PR,2024-09-02T08:54:57Z,Manager4,CC15
E431,Approve PR,2024-09-02T08:55:53Z,Manager10,CC5
E576,Create PR,2024-09-02T08:55:53Z,User8,CC13
E748,Approve PR,2024-09-02T08:55:53Z,Manager8,CC18
E784,Approve PR,2024-09-02T08:55:53Z,Manager4,CC8
E1000,Create PR,2024-09-02T08:55:53Z,User21,CC12
E1541,Create PO (Batch),2024-09-02T08:55:54Z,User5,CC18
E1558,Approve PR,2024-09-02T08:55:54Z,Manager8,CC10
E1813,Approve PO,2024-09-02T08:55:54Z,Manager2,CC5
E1875,Create PR,2024-09-02T08:55:54Z,User41,CC9
E1981,Reject PR,2024-09-02T08:55:54Z,Manager5,CC16
E2264,Create PO (Batch),2024-09-02T08:55:54Z,User33,CC12
E2302,Create PR,2024-09-02T08:55:54Z,User34,CC14
E3211,Create PR,2024-09-02T08:55:54Z,User45,CC3
E3508,Approve PR,2024-09-02T08:55:55Z,Manager3,CC11
E3517,Approve PR,2024-09-02T08:55:55Z,Manager1,CC12
E3779,Create PR,2024-09-02T08:55:55Z,User48,CC20
E3896,Create PR,2024-09-02T08:55:55Z,User9,CC13
E3941,Create PR,2024-09-02T08:55:55Z,User17,CC2
E4021,Create PO (Batch),2024-09-02T08:55:55Z,User32,CC8
E4467,Approve PR,2024-09-02T08:55:55Z,Manager1,CC12
E4547,Create PR,2024-09-02T08:55:55Z,User26,CC4
E4660,Approve PR,2024-09-02T08:55:55Z,Manager10,CC19
E4932,Create PO,2024-09-02T08:55:55Z,User24,CC15
E5070,Approve PR,2024-09-02T08:55:55Z,Manager10,CC8
E5380,Approve PR,2024-09-02T08:55:56Z,Manager3,CC18
E5771,Create PR,2024-09-02T08:55:56Z,User13,CC17
E6005,Approve PR,2024-09-02T08:55:56Z,Manager3,CC16
E6049,Create PR,2024-09-02T08:55:56Z,User42,CC15
E6059,Approve PR,2024-09-02T08:55:56Z,Manager10,CC17
E6426,Approve PR,2024-09-02T08:55:56Z,Manager2,CC6
E6694,Create PO,2024-09-02T08:55:56Z,User39,CC7
E6822,Create PR,2024-09-02T08:55:56Z,User11,CC11
E6832,Approve PR,2024-09-02T08:55:56Z,Manager5,CC11
E6849,Create PR,2024-09-02T08:55:56Z,User2,CC16
E7165,Create PO (Batch),2024-09-02T08:55:57Z,User35,CC17
E7268,Create PO (Batch),2024-09-02T08:55:57Z,User32,CC7
E7275,Create PR,2024-09-02T08:55:57Z,User13,CC12
E7702,Approve PR,2024-09-02T08:55:57Z,Manager6,CC3
E7711,Approve PR,2024-09-02T08:55:57Z,Manager1,CC3
E7981,Approve PR,2024-09-02T08:55:57Z,Manager8,CC15
E8154,Approve PR,2024-09-02T08:55:57Z,Manager4,CC18
E8212,Approve PR,2024-09-02T08:55:57Z,Manager6,CC20
E47,Approve PR,2024-09-02T08:56:53Z,Manager5,CC13
E312,Approve PO,2024-09-02T08:56:53Z,Manager9,CC2
E345,Create PR,2024-09-02T08:56:53Z,User21,CC11
E522,Create PR,2024-09-02T08:56:53Z,User16,CC12
E613,Approve PR,2024-09-02T08:56:53Z,Manager5,CC19
E1271,Send PO to Supplier,2024-09-02T08:56:53Z,User28,CC11
E1294,Create PR,2024-09-02T08:56:53Z,User1,CC7
E1348,Create PR,2024-09-02T08:56:53Z,User37,CC14
E1542,Approve PO,2024-09-02T08:56:54Z,Manager5,CC2
E1611,Create PR,2024-09-02T08:56:54Z,User6,CC14
E2313,Create PO (Batch),2024-09-02T08:56:54Z,User50,CC1
E2458,Approve PR,2024-09-02T08:56:54Z,Manager4,CC19
E2494,Approve PR,2024-09-02T08:56:54Z,Manager3,CC9
E2515,Create PR,2024-09-02T08:56:54Z,User47,CC5
E2797,Reject PR,2024-09-02T08:56:54Z,Manager10,CC3
E2995,Create PR,2024-09-02T08:56:54Z,User8,CC14
E3060,Create PO (Batch),2024-09-02T08:56:54Z,User12,CC1
E3498,Create PR,2024-09-02T08:56:55Z,User42,CC18
E3788,Create PR,2024-09-02T08:56:55Z,User13,CC6
E3842,Create PR,2024-09-02T08:56:55Z,User46,CC4
E3961,Create PR,2024-09-02T08:56:55Z,User27,CC9
E4056,Approve PR,2024-09-02T08:56:55Z,Manager10,CC9
E4268,Create PR,2024-09-02T08:56:55Z,User20,CC9
E4287,Approve PR,2024-09-02T08:56:55Z,Manager10,CC6
E4513,Create PO (Batch),2024-09-02T08:56:55Z,User3,CC20
E4538,Create PR,2024-09-02T08:56:55Z,User11,CC14
E4619,Create PR,2024-09-02T08:56:55Z,User39,CC19
E4722,Create PR,2024-09-02T08:56:55Z,User20,CC17
E4876,Create PR,2024-09-02T08:56:55Z,User36,CC10
E4898,Send PO to Supplier,2024-09-02T08:56:55Z,User16,CC19
E5233,Create PR,2024-09-02T08:56:56Z,User40,CC17
E5370,Create PR,2024-09-02T08:56:56Z,User32,CC1
E5727,Approve PR,2024-09-02T08:56:56Z,Manager6,CC13
E5928,Create PR,2024-09-02T08:56:56Z,User43,CC16
E6153,Create PO (Batch),2024-09-02T08:56:56Z,User43,CC9
E6371,Create PR,2024-09-02T08:56:56Z,User9,CC17
E6480,Approve PR,2024-09-02T08:56:56Z,Manager4,CC7
E6525,Approve PR,2024-09-02T08:56:56Z,Manager8,CC17
E6703,Create PO (Batch),2024-09-02T08:56:56Z,User19,CC5
E6950,Create PR,2024-09-02T08:56:57Z,User32,CC18
E7466,Create PR,2024-09-02T08:56:57Z,User22,CC11
E8026,Approve PR,2024-09-02T08:56:57Z,Manager3,CC4
E8070,Create PR,2024-09-02T08:56:57Z,User11,CC17
E8126,Create PR,2024-09-02T08:56:57Z,User12,CC13
E56,Approve PR,2024-09-02T08:57:53Z,Manager10,CC19
E831,Approve PR,2024-09-02T08:57:53Z,Manager4,CC16
E948,Create PO,2024-09-02T08:57:53Z,User4,CC7
E1503,Create PR,2024-09-02T08:57:54Z,User9,CC14
E1920,Create PR,2024-09-02T08:57:54Z,User32,CC16
E2410,Create PR,2024-09-02T08:57:54Z,User16,CC11
E2419,Create PR,2024-09-02T08:57:54Z,User26,CC5
E2525,Approve PR,2024-09-02T08:57:54Z,Manager8,CC13
E2580,Create PO (Batch),2024-09-02T08:57:54Z,User9,CC7
E2587,Create PR,2024-09-02T08:57:54Z,User37,CC3
E3004,Create PR,2024-09-02T08:57:54Z,User47,CC15
E3339,Create PR,2024-09-02T08:57:54Z,User11,CC4
E4009,Reject PR,2024-09-02T08:57:55Z,Manager4,CC13
E4305,Approve PR,2024-09-02T08:57:55Z,Manager6,CC12
E4678,Approve PR,2024-09-02T08:57:55Z,Manager6,CC20
E5820,Create PR,2024-09-02T08:57:56Z,User22,CC3
E5856,Create PR,2024-09-02T08:57:56Z,User7,CC1
E5894,Create PO,2024-09-02T08:57:56Z,User13,CC15
E6023,Approve PR,2024-09-02T08:57:56Z,Manager1,CC14
E6233,Approve PR,2024-09-02T08:57:56Z,Manager4,CC18
E6398,Create PR,2024-09-02T08:57:56Z,User14,CC13
E6453,Approve PR,2024-09-02T08:57:56Z,Manager10,CC11
E6746,Create PR,2024-09-02T08:57:56Z,User9,CC1
E7078,Create PR,2024-09-02T08:57:57Z,User18,CC14
E7341,Approve PR,2024-09-02T08:57:57Z,Manager8,CC16
E7359,Approve PR,2024-09-02T08:57:57Z,Manager4,CC12
E7448,Create PR,2024-09-02T08:57:57Z,User23,CC12
E8000,Create PO (Batch),2024-09-02T08:57:57Z,User13,CC8
E8164,Create PR,2024-09-02T08:57:57Z,User33,CC18
E8174,Approve PR,2024-09-02T08:57:57Z,Manager6,CC4
E28,Create PR,2024-09-02T08:58:53Z,User48,CC3
E320,Create PO,2024-09-02T08:58:53Z,User41,CC12
E412,Create PR,2024-09-02T08:58:53Z,User47,CC15
E479,Create PO,2024-09-02T08:58:53Z,User1,CC8
E558,Create PR,2024-09-02T08:58:53Z,User20,CC9
E765,Create PR,2024-09-02T08:58:53Z,User14,CC14
E819,Create PR,2024-09-02T08:58:53Z,User12,CC10
E1214,Approve PR,2024-09-02T08:58:53Z,Manager9,CC14
E1258,Create PR,2024-09-02T08:58:53Z,User14,CC5
E1709,Create PR,2024-09-02T08:58:54Z,User24,CC16
E1728,Approve PR,2024-09-02T08:58:54Z,Manager2,CC11
E1839,Create PR,2024-09-02T08:58:54Z,User8,CC2
E2090,Approve PR,2024-09-02T08:58:54Z,Manager10,CC6
E2107,Create PR,2024-09-02T08:58:54Z,User43,CC19
E2235,Create PR,2024-09-02T08:58:54Z,User10,CC7
E2644,Approve PR,2024-09-02T08:58:54Z,Manager5,CC2
E2779,Approve PR,2024-09-02T08:58:54Z,Manager7,CC9
E3277,Approve PR,2024-09-02T08:58:54Z,Manager9,CC13
E3377,Create PR,2024-09-02T08:58:55Z,User26,CC8
E3458,Create PR,2024-09-02T08:58:55Z,User43,CC19
E3477,Approve PR,2024-09-02T08:58:55Z,Manager1,CC17
E3496,Create PR,2024-09-02T08:58:55Z,User49,CC14
E4128,Approve PR,2024-09-02T08:58:55Z,Manager2,CC20
E4593,Approve PR,2024-09-02T08:58:55Z,Manager4,CC10
E4707,Approve PO,2024-09-02T08:58:55Z,Manager7,CC11
E4912,Create PR,2024-09-02T08:58:55Z,User11,CC7
E4979,Create PO,2024-09-02T08:58:55Z,User23,CC5
E5017,Create PO (Batch),2024-09-02T08:58:55Z,User43,CC15
E5171,Approve PR,2024-09-02T08:58:56Z,Manager9,CC9
E5305,Create PR,2024-09-02T08:58:56Z,User36,CC11
E5780,Create PR,2024-09-02T08:58:56Z,User30,CC18
E5951,Approve PO,2024-09-02T08:58:56Z,Manager7,CC19
E6089,Create PO (Batch),2024-09-02T08:58:56Z,User8,CC5
E6149,Create PR,2024-09-02T08:58:56Z,User14,CC3
E6223,Create PR,2024-09-02T08:58:56Z,User35,CC2
E6363,Approve PR,2024-09-02T08:58:56Z,Manager6,CC20
E7087,Create PR,2024-09-02T08:58:57Z,User45,CC16
E7096,Create PR,2024-09-02T08:58:57Z,User15,CC14
E7237,Create PR,2024-09-02T08:58:57Z,User15,CC2
E7322,Create PR,2024-09-02T08:58:57Z,User19,CC11
E7332,Approve PR,2024-09-02T08:58:57Z,Manager2,CC5
E7598,Create PO (Batch),2024-09-02T08:58:57Z,User25,CC16
E7693,Approve PR,2024-09-02T08:58:57Z,Manager4,CC8
E8091,Approve PR,2024-09-02T08:58:57Z,Manager7,CC19
E248,Create PO (Batch),2024-09-02T08:59:53Z,User21,CC16
E965,Approve PR,2024-09-02T08:59:53Z,Manager7,CC17
E1148,Create PR,2024-09-02T08:59:53Z,User32,CC10
E1403,Approve PR,2024-09-02T08:59:53Z,Manager1,CC6
E2070,Reject PR,2024-09-02T08:59:54Z,Manager4,CC8
E2440,Approve PR,2024-09-02T08:59:54Z,Manager7,CC15
E2469,Approve PO,2024-09-02T08:59:54Z,Manager8,CC13
E2561,Approve PR,2024-09-02T08:59:54Z,Manager6,CC7
E2625,Create PR,2024-09-02T08:59:54Z,User25,CC8
E2762,Create PO (Batch),2024-09-02T08:59:54Z,User5,CC13
E2920,Approve PR,2024-09-02T08:59:54Z,Manager7,CC8
E3013,Create PR,2024-09-02T08:59:54Z,User12,CC17
E3086,Approve PR,2024-09-02T08:59:54Z,Manager3,CC20
E3580,Approve PR,2024-09-02T08:59:55Z,Manager10,CC12
E3799,Create PO,2024-09-02T08:59:55Z,User12,CC4
E3834,Approve PR,2024-09-02T08:59:55Z,Manager1,CC9
E3942,Approve PR,2024-09-02T08:59:55Z,Manager4,CC7
E4006,Create PR,2024-09-02T08:59:55Z,User32,CC13
E4101,Approve PR,2024-09-02T08:59:55Z,Manager6,CC14
E4192,Create PR,2024-09-02T08:59:55Z,User15,CC6
E4221,Create PR,2024-09-02T08:59:55Z,User34,CC7
E4413,Approve PR,2024-09-02T08:59:55Z,Manager8,CC18
E4668,Create PR,2024-09-02T08:59:55Z,User45,CC6
E5114,Create PR,2024-09-02T08:59:55Z,User11,CC18
E5124,Approve PR,2024-09-02T08:59:55Z,Manager1,CC8
E5270,Approve PR,2024-09-02T08:59:56Z,Manager7,CC4
E6108,Approve PR,2024-09-02T08:59:56Z,Manager7,CC4
E6117,Approve PR,2024-09-02T08:59:56Z,Manager2,CC5
E6136,Create PR,2024-09-02T08:59:56Z,User45,CC19
E6271,Approve PR,2024-09-02T08:59:56Z,Manager2,CC7
E6656,Create PO,2024-09-02T08:59:56Z,User10,CC2
E6896,Create PR,2024-09-02T08:59:56Z,User15,CC12
E6924,Approve PR,2024-09-02T08:59:57Z,Manager9,CC2
E7210,Create PR,2024-09-02T08:59:57Z,User9,CC11
E7394,Create PR,2024-09-02T08:59:57Z,User23,CC7
E7421,Create PR,2024-09-02T08:59:57Z,User28,CC4
E7522,Create PR,2024-09-02T08:59:57Z,User16,CC7
E7782,Create PR,2024-09-02T08:59:57Z,User28,CC9
E7945,Approve PR,2024-09-02T08:59:57Z,Manager4,CC8
E10,Create PR,2024-09-02T09:00:53Z,User12,CC14
E21,Create PO,2024-09-02T09:00:53Z,User13,CC15
E421,Create PR,2024-09-02T09:00:53Z,User28,CC16
E495,Create PR,2024-09-02T09:00:53Z,User36,CC4
E633,Approve PO,2024-09-02T09:00:53Z,Manager10,CC19
E1276,Create PR,2024-09-02T09:00:53Z,User31,CC10
E1457,Approve PR,2024-09-02T09:00:53Z,Manager4,CC2
E1543,Send PO to Supplier,2024-09-02T09:00:54Z,User34,CC12
E1696,Create PR,2024-09-02T09:00:54Z,User37,CC19
E2617,Approve PR,2024-09-02T09:00:54Z,Manager1,CC17
E2780,Create PO,2024-09-02T09:00:54Z,User35,CC12
E3041,Approve PR,2024-09-02T09:00:54Z,Manager9,CC8
E3149,Approve PR,2024-09-02T09:00:54Z,Manager5,CC6
E3258,Create PR,2024-09-02T09:00:54Z,User10,CC6
E3726,Approve PR,2024-09-02T09:00:55Z,Manager8,CC6
E4120,Create PO,2024-09-02T09:00:55Z,User44,CC6
E4222,Approve PR,2024-09-02T09:00:55Z,Manager1,CC14
E4281,Send PO to Supplier,2024-09-02T09:00:55Z,User16,CC16
E4594,Create PO,2024-09-02T09:00:55Z,User46,CC18
E4733,Create PO,2024-09-02T09:00:55Z,User46,CC10
E5087,Create PR,2024-09-02T09:00:55Z,User30,CC4
E5198,Approve PR,2024-09-02T09:00:56Z,Manager4,CC18
E5217,Create PO,2024-09-02T09:00:56Z,User38,CC19
E5306,Reject PR,2024-09-02T09:00:56Z,Manager7,CC20
E5454,Approve PO,2024-09-02T09:00:56Z,Manager5,CC7
E5789,Create PR,2024-09-02T09:00:56Z,User4,CC9
E5939,Create PO (Batch),2024-09-02T09:00:56Z,User49,CC2
E6307,Approve PR,2024-09-02T09:00:56Z,Manager6,CC3
E6337,Create PO,2024-09-02T09:00:56Z,User2,CC12
E6977,Create PR,2024-09-02T09:00:57Z,User39,CC1
E7276,Approve PR,2024-09-02T09:00:57Z,Manager6,CC19
E7606,Reject PR,2024-09-02T09:00:57Z,Manager2,CC18
E7764,Create PR,2024-09-02T09:00:57Z,User21,CC13
E8241,Approve PO,2024-09-02T09:00:57Z,Manager2,CC14
E8265,Create PR,2024-09-02T09:00:57Z,User35,CC5
E291,Create PR,2024-09-02T09:01:53Z,User17,CC2
E358,Create PR,2024-09-02T09:01:53Z,User16,CC7
E540,Create PR,2024-09-02T09:01:53Z,User42,CC16
E829,Reject PR,2024-09-02T09:01:53Z,Manager5,CC6
E973,Create PR,2024-09-02T09:01:53Z,User39,CC2
E1029,Create PR,2024-09-02T09:01:53Z,User38,CC17
E1131,Approve PR,2024-09-02T09:01:53Z,Manager5,CC1
E1438,Create PR,2024-09-02T09:01:53Z,User46,CC3
E1791,Approve PR,2024-09-02T09:01:54Z,Manager1,CC14
E2004,Create PR,2024-09-02T09:01:54Z,User45,CC13
E2128,Approve PR,2024-09-02T09:01:54Z,Manager4,CC19
E2246,Create PO,2024-09-02T09:01:54Z,User32,CC5
E2330,Approve PR,2024-09-02T09:01:54Z,Manager10,CC18
E2571,Create PO,2024-09-02T09:01:54Z,User15,CC15
E3105,Create PO (Batch),2024-09-02T09:01:54Z,User9,CC12
E3499,Approve PR,2024-09-02T09:01:55Z,Manager3,CC20
E3588,Create PR,2024-09-02T09:01:55Z,User38,CC9
E3653,Create PR,2024-09-02T09:01:55Z,User22,CC8
E3870,Approve PR,2024-09-02T09:01:55Z,Manager1,CC2
E3953,Approve PR,2024-09-02T09:01:55Z,Manager4,CC13
E4038,Approve PR,2024-09-02T09:01:55Z,Manager5,CC8
E4184,Approve PR,2024-09-02T09:01:55Z,Manager6,CC5
E4314,Approve PR,2024-09-02T09:01:55Z,Manager2,CC17
E4341,Approve PR,2024-09-02T09:01:55Z,Manager5,CC9
E4368,Approve PR,2024-09-02T09:01:55Z,Manager6,CC5
E4750,Approve PR,2024-09-02T09:01:55Z,Manager10,CC1
E5143,Create PO,2024-09-02T09:01:56Z,User47,CC10
E5316,Create PR,2024-09-02T09:01:56Z,User21,CC20
E5512,Approve PR,2024-09-02T09:01:56Z,Manager3,CC18
E5520,Create PR,2024-09-02T09:01:56Z,User9,CC9
E5792,Approve PR,2024-09-02T09:01:56Z,Manager10,CC12
E5901,Create PR,2024-09-02T09:01:56Z,User10,CC6
E5919,Create PR,2024-09-02T09:01:56Z,User6,CC6
E6764,Create PR,2024-09-02T09:01:56Z,User15,CC13
E6773,Create PR,2024-09-02T09:01:56Z,User27,CC4
E7712,Create PO,2024-09-02T09:01:57Z,User48,CC12
E7855,Approve PR,2024-09-02T09:01:57Z,Manager6,CC11
E7892,Create PO (Batch),2024-09-02T09:01:57Z,User48,CC12
E385,Create PR,2024-09-02T09:02:53Z,User45,CC1
E841,Create PR,2024-09-02T09:02:53Z,User11,CC3
E1449,Create PO (Batch),2024-09-02T09:02:53Z,User21,CC11
E1485,Create PR,2024-09-02T09:02:54Z,User31,CC16
E2033,Create PR,2024-09-02T09:02:54Z,User50,CC11
E2688,Create PR,2024-09-02T09:02:54Z,User12,CC11
E2928,Create PR,2024-09-02T09:02:54Z,User12,CC18
E3140,Approve PR,2024-09-02T09:02:54Z,Manager7,CC15
E3330,Create PR,2024-09-02T09:02:54Z,User24,CC18
E3378,Approve PR,2024-09-02T09:02:55Z,Manager9,CC12
E3950,Create PR,2024-09-02T09:02:55Z,User31,CC2
E4213,Approve PR,2024-09-02T09:02:55Z,Manager2,CC4
E4476,Approve PR,2024-09-02T09:02:55Z,Manager8,CC7
E4781,Approve PR,2024-09-02T09:02:55Z,Manager9,CC2
E4816,Create PR,2024-09-02T09:02:55Z,User5,CC13
E4957,Create PR,2024-09-02T09:02:55Z,User6,CC5
E5288,Approve PR,2024-09-02T09:02:56Z,Manager1,CC17
E5653,Approve PR,2024-09-02T09:02:56Z,Manager4,CC14
E5700,Approve PR,2024-09-02T09:02:56Z,Manager8,CC2
E5717,Create PR,2024-09-02T09:02:56Z,User37,CC3
E6031,Create PR,2024-09-02T09:02:56Z,User37,CC5
E6197,Approve PR,2024-09-02T09:02:56Z,Manager5,CC1
E6515,Create PR,2024-09-02T09:02:56Z,User11,CC8
E6738,Approve PR,2024-09-02T09:02:56Z,Manager4,CC16
E6820,Create PR,2024-09-02T09:02:56Z,User29,CC4
E6905,Create PR,2024-09-02T09:02:56Z,User9,CC16
E7155,Approve PR,2024-09-02T09:02:57Z,Manager4,CC9
E7247,Approve PR,2024-09-02T09:02:57Z,Manager6,CC9
E7303,Reject PR,2024-09-02T09:02:57Z,Manager8,CC16
E7863,Create PR,2024-09-02T09:02:57Z,User37,CC15
E7920,Approve PO,2024-09-02T09:02:57Z,Manager3,CC13
E73,Create PR,2024-09-02T09:03:53Z,User11,CC3
E100,Create PR,2024-09-02T09:03:53Z,User23,CC2
E202,Approve PR,2024-09-02T09:03:53Z,Manager10,CC3
E212,Create PO,2024-09-02T09:03:53Z,User25,CC16
E774,Create PR,2024-09-02T09:03:53Z,User37,CC12
E886,Create PR,2024-09-02T09:03:53Z,User31,CC12
E974,Approve PR,2024-09-02T09:03:53Z,Manager2,CC3
E1110,Create PR,2024-09-02T09:03:53Z,User20,CC19
E1638,Create PR,2024-09-02T09:03:54Z,User8,CC14
E1763,Create PR,2024-09-02T09:03:54Z,User21,CC6
E1911,Create PR,2024-09-02T09:03:54Z,User22,CC18
E1971,Create PO (Batch),2024-09-02T09:03:54Z,User7,CC13
E2449,Approve PR,2024-09-02T09:03:54Z,Manager1,CC18
E2476,Approve PR,2024-09-02T09:03:54Z,Manager6,CC1
E2801,Approve PR,2024-09-02T09:03:54Z,Manager6,CC3
E2809,Create PR,2024-09-02T09:03:54Z,User40,CC5
E2811,Create PR,2024-09-02T09:03:54Z,User41,CC5
E2921,Create PO,2024-09-02T09:03:54Z,User32,CC11
E2994,Reject PR,2024-09-02T09:03:54Z,Manager10,CC9
E3202,Create PR,2024-09-02T09:03:54Z,User28,CC11
E3357,Create PR,2024-09-02T09:03:54Z,User38,CC4
E3552,Create PR,2024-09-02T09:03:55Z,User25,CC7
E3806,Create PR,2024-09-02T09:03:55Z,User18,CC17
E3924,Approve PR,2024-09-02T09:03:55Z,Manager3,CC19
E3932,Create PR,2024-09-02T09:03:55Z,User43,CC12
E4075,Create PO (Batch),2024-09-02T09:03:55Z,User44,CC3
E4695,Create PR,2024-09-02T09:03:55Z,User21,CC14
E4771,Create PO,2024-09-02T09:03:55Z,User2,CC6
E4845,Create PR,2024-09-02T09:03:55Z,User32,CC7
E4941,Create PO (Batch),2024-09-02T09:03:55Z,User41,CC14
E4968,Create PR,2024-09-02T09:03:55Z,User33,CC6
E5052,Approve PR,2024-09-02T09:03:55Z,Manager7,CC13
E5088,Approve PR,2024-09-02T09:03:55Z,Manager3,CC7
E5308,Approve PR,2024-09-02T09:03:56Z,Manager3,CC9
E5443,Approve PR,2024-09-02T09:03:56Z,Manager3,CC16
E5670,Create PR,2024-09-02T09:03:56Z,User36,CC15
E5790,Reject PR,2024-09-02T09:03:56Z,Manager4,CC18
E5883,Create PR,2024-09-02T09:03:56Z,User49,CC9
E5977,Create PR,2024-09-02T09:03:56Z,User21,CC15
E5987,Approve PR,2024-09-02T09:03:56Z,Manager2,CC2
E6129,Create PO,2024-09-02T09:03:56Z,User42,CC6
E6179,Approve PR,2024-09-02T09:03:56Z,Manager6,CC5
E6198,Create PO,2024-09-02T09:03:56Z,User4,CC9
E6288,Create PR,2024-09-02T09:03:56Z,User40,CC3
E6344,Create PR,2024-09-02T09:03:56Z,User35,CC7
E6471,Approve PR,2024-09-02T09:03:56Z,Manager9,CC10
E6672,Create PR,2024-09-02T09:03:56Z,User5,CC11
E7034,Approve PR,2024-09-02T09:03:57Z,Manager3,CC13
E7599,Approve PO,2024-09-02T09:03:57Z,Manager9,CC7
E7675,Approve PO,2024-09-02T09:03:57Z,Manager4,CC18
E7730,Create PO (Batch),2024-09-02T09:03:57Z,User29,CC19
E7827,Create PR,2024-09-02T09:03:57Z,User49,CC2
E7846,Approve PR,2024-09-02T09:03:57Z,Manager3,CC12
E7973,Create PO,2024-09-02T09:03:57Z,User50,CC14
E166,Approve PR,2024-09-02T09:04:53Z,Manager9,CC6
E658,Approve PR,2024-09-02T09:04:53Z,Manager7,CC17
E766,Approve PR,2024-09-02T09:04:53Z,Manager7,CC8
E1169,Approve PR,2024-09-02T09:04:53Z,Manager7,CC14
E1287,Create PO,2024-09-02T09:04:53Z,User3,CC20
E1450,Approve PO,2024-09-02T09:04:53Z,Manager5,CC11
E1549,Approve PR,2024-09-02T09:04:54Z,Manager2,CC9
E2025,Approve PR,2024-09-02T09:04:54Z,Manager2,CC8
E3230,Approve PR,2024-09-02T09:04:54Z,Manager10,CC15
E3268,Approve PR,2024-09-02T09:04:54Z,Manager4,CC10
E3754,Create PO (Batch),2024-09-02T09:04:55Z,User11,CC3
E3763,Create PO,2024-09-02T09:04:55Z,User42,CC18
E3915,Approve PR,2024-09-02T09:04:55Z,Manager5,CC10
E4458,Approve PR,2024-09-02T09:04:55Z,Manager2,CC16
E4548,Approve PR,2024-09-02T09:04:55Z,Manager8,CC10
E4951,Approve PO,2024-09-02T09:04:55Z,Manager7,CC20
E5736,Approve PR,2024-09-02T09:04:56Z,Manager5,CC10
E6180,Create PO (Batch),2024-09-02T09:04:56Z,User5,CC13
E7142,Reject PR,2024-09-02T09:04:57Z,Manager1,CC6
E7561,Approve PO,2024-09-02T09:04:57Z,Manager1,CC12
E7893,Approve PO,2024-09-02T09:04:57Z,Manager7,CC14
E7982,Create PO (Batch),2024-09-02T09:04:57Z,User35,CC8
E8071,Reject PR,2024-09-02T09:04:57Z,Manager1,CC9
E8082,Approve PR,2024-09-02T09:04:57Z,Manager10,CC13
E177,Approve PO,2024-09-02T09:05:53Z,Manager9,CC17
E1197,Create PO (Batch),2024-09-02T09:05:53Z,User28,CC5
E1313,Approve PR,2024-09-02T09:05:53Z,Manager2,CC4
E1404,Create PO (Batch),2024-09-02T09:05:53Z,User48,CC7
E1783,Create PO (Batch),2024-09-02T09:05:54Z,User34,CC12
E1997,Create PO,2024-09-02T09:05:54Z,User14,CC20
E2005,Approve PR,2024-09-02T09:05:54Z,Manager1,CC20
E2043,Approve PR,2024-09-02T09:05:54Z,Manager10,CC16
E2054,Approve PO,2024-09-02T09:05:54Z,Manager8,CC2
E2303,Approve PR,2024-09-02T09:05:54Z,Manager4,CC6
E2866,Approve PR,2024-09-02T09:05:54Z,Manager6,CC18
E3497,Reject PR,2024-09-02T09:05:55Z,Manager5,CC17
E3825,Approve PR,2024-09-02T09:05:55Z,Manager5,CC8
E4065,Approve PR,2024-09-02T09:05:55Z,Manager1,CC8
E4530,Approve PR,2024-09-02T09:05:55Z,Manager4,CC3
E4632,Create PO,2024-09-02T09:05:55Z,User33,CC4
E5025,Approve PR,2024-09-02T09:05:55Z,Manager5,CC9
E5839,Approve PR,2024-09-02T09:05:56Z,Manager6,CC17
E6079,Approve PR,2024-09-02T09:05:56Z,Manager8,CC18
E6150,Reject PR,2024-09-02T09:05:56Z,Manager5,CC5
E6189,Create PO,2024-09-02T09:05:56Z,User8,CC10
E6316,Reject PR,2024-09-02T09:05:56Z,Manager7,CC8
E6516,Approve PR,2024-09-02T09:05:56Z,Manager8,CC17
E6590,Approve PR,2024-09-02T09:05:56Z,Manager4,CC11
E6897,Approve PR,2024-09-02T09:05:56Z,Manager4,CC12
E6933,Approve PR,2024-09-02T09:05:57Z,Manager3,CC5
E7043,Approve PR,2024-09-02T09:05:57Z,Manager10,CC7
E7285,Approve PR,2024-09-02T09:05:57Z,Manager5,CC5
E7664,Approve PR,2024-09-02T09:05:57Z,Manager10,CC11
E7954,Approve PR,2024-09-02T09:05:57Z,Manager2,CC15
E203,Create PO,2024-09-02T09:06:53Z,User10,CC9
E266,Create PO,2024-09-02T09:06:53Z,User44,CC12
E283,Approve PR,2024-09-02T09:06:53Z,Manager4,CC19
E292,Approve PR,2024-09-02T09:06:53Z,Manager1,CC7
E449,Approve PR,2024-09-02T09:06:53Z,Manager9,CC10
E595,Approve PR,2024-09-02T09:06:53Z,Manager10,CC15
E686,Create PO,2024-09-02T09:06:53Z,User4,CC13
E713,Create PO,2024-09-02T09:06:53Z,User44,CC20
E785,Create PO (Batch),2024-09-02T09:06:53Z,User40,CC13
E1421,Approve PR,2024-09-02T09:06:53Z,Manager3,CC8
E2073,Create PO (Batch),2024-09-02T09:06:54Z,User49,CC1
E2350,Approve PO,2024-09-02T09:06:54Z,Manager1,CC5
E2572,Approve PO,2024-09-02T09:06:54Z,Manager3,CC20
E2689,Approve PR,2024-09-02T09:06:54Z,Manager2,CC17
E2902,Approve PR,2024-09-02T09:06:54Z,Manager4,CC9
E3433,Create PO (Batch),2024-09-02T09:06:55Z,User1,CC8
E4817,Approve PR,2024-09-02T09:06:55Z,Manager6,CC1
E5418,Approve PO,2024-09-02T09:06:56Z,Manager7,CC19
E6142,Create PO (Batch),2024-09-02T09:06:56Z,User40,CC19
E6417,Approve PR,2024-09-02T09:06:56Z,Manager10,CC13
E6619,Approve PR,2024-09-02T09:06:56Z,Manager4,CC19
E7166,Approve PO,2024-09-02T09:06:57Z,Manager10,CC13
E7395,Approve PR,2024-09-02T09:06:57Z,Manager10,CC5
E328,Approve PR,2024-09-02T09:07:53Z,Manager3,CC17
E337,Approve PR,2024-09-02T09:07:53Z,Manager5,CC16
E480,Approve PO,2024-09-02T09:07:53Z,Manager4,CC16
E992,Approve PR,2024-09-02T09:07:53Z,Manager5,CC12
E1250,Approve PR,2024-09-02T09:07:53Z,Manager10,CC4
E1746,Approve PR,2024-09-02T09:07:54Z,Manager10,CC11
E2209,Approve PR,2024-09-02T09:07:54Z,Manager8,CC12
E2218,Approve PR,2024-09-02T09:07:54Z,Manager2,CC11
E2450,Create PO,2024-09-02T09:07:54Z,User3,CC2
E2503,Reject PR,2024-09-02T09:07:54Z,Manager6,CC11
E4603,Create PO,2024-09-02T09:07:55Z,User15,CC19
E5363,Create PO,2024-09-02T09:07:56Z,User49,CC15
E5461,Approve PR,2024-09-02T09:07:56Z,Manager4,CC15
E5496,Approve PO,2024-09-02T09:07:56Z,Manager1,CC17
E5634,Create PO,2024-09-02T09:07:56Z,User6,CC6
E7684,Approve PR,2024-09-02T09:07:57Z,Manager4,CC8
E7694,Create PO,2024-09-02T09:07:57Z,User15,CC4
E7811,Create PO (Batch),2024-09-02T09:07:57Z,User26,CC7
E29,Approve PR,2024-09-02T09:08:53Z,Manager6,CC20
E1149,Reject PR,2024-09-02T09:08:53Z,Manager5,CC17
E1151,Approve PR,2024-09-02T09:08:53Z,Manager9,CC8
E1323,Create PO,2024-09-02T09:08:53Z,User11,CC14
E1998,Approve PO,2024-09-02T09:08:54Z,Manager6,CC6
E2147,Create PO,2024-09-02T09:08:54Z,User30,CC4
E2290,Reject PR,2024-09-02T09:08:54Z,Manager6,CC9
E2375,Approve PR,2024-09-02T09:08:54Z,Manager1,CC11
E2485,Approve PR,2024-09-02T09:08:54Z,Manager8,CC16
E2947,Approve PR,2024-09-02T09:08:54Z,Manager6,CC15
E2967,Approve PR,2024-09-02T09:08:54Z,Manager2,CC18
E3077,Approve PR,2024-09-02T09:08:54Z,Manager8,CC17
E3141,Create PO,2024-09-02T09:08:54Z,User42,CC6
E3203,Approve PR,2024-09-02T09:08:54Z,Manager3,CC17
E3313,Approve PR,2024-09-02T09:08:54Z,Manager5,CC12
E3405,Approve PR,2024-09-02T09:08:55Z,Manager9,CC10
E3488,Approve PR,2024-09-02T09:08:55Z,Manager6,CC13
E3527,Create PO,2024-09-02T09:08:55Z,User8,CC14
E3702,Send PO to Supplier,2024-09-02T09:08:55Z,User47,CC15
E3916,Create PO,2024-09-02T09:08:55Z,User27,CC10
E4057,Create PO (Batch),2024-09-02T09:08:55Z,User23,CC12
E4315,Create PO (Batch),2024-09-02T09:08:55Z,User30,CC19
E4351,Create PO,2024-09-02T09:08:55Z,User43,CC19
E4620,Approve PR,2024-09-02T09:08:55Z,Manager4,CC14
E5151,Approve PR,2024-09-02T09:08:56Z,Manager8,CC6
E5444,Create PO (Batch),2024-09-02T09:08:56Z,User26,CC3
E5969,Approve PR,2024-09-02T09:08:56Z,Manager3,CC2
E6675,Approve PR,2024-09-02T09:08:56Z,Manager8,CC13
E7054,Approve PO,2024-09-02T09:08:57Z,Manager5,CC9
E7323,Approve PR,2024-09-02T09:08:57Z,Manager2,CC19
E7386,Approve PR,2024-09-02T09:08:57Z,Manager10,CC7
E7541,Approve PR,2024-09-02T09:08:57Z,Manager3,CC20
E8035,Approve PR,2024-09-02T09:08:57Z,Manager6,CC7
E129,Create PO (Batch),2024-09-02T09:09:53Z,User11,CC12
E301,Approve PR,2024-09-02T09:09:53Z,Manager9,CC8
E1113,Approve PR,2024-09-02T09:09:53Z,Manager3,CC13
E1179,Create PO,2024-09-02T09:09:53Z,User18,CC14
E1187,Approve PR,2024-09-02T09:09:53Z,Manager1,CC3
E1341,Create PO (Batch),2024-09-02T09:09:53Z,User6,CC8
E1376,Approve PR,2024-09-02T09:09:53Z,Manager5,CC15
E1650,Approve PR,2024-09-02T09:09:54Z,Manager10,CC14
E1814,Send PO to Supplier,2024-09-02T09:09:54Z,User23,CC18
E1886,Create PO,2024-09-02T09:09:54Z,User3,CC20
E1999,Send PO to Supplier,2024-09-02T09:09:54Z,User10,CC9
E2459,Create PO,2024-09-02T09:09:54Z,User46,CC6
E2875,Approve PR,2024-09-02T09:09:54Z,Manager10,CC12
E3158,Approve PR,2024-09-02T09:09:54Z,Manager10,CC2
E3176,Approve PR,2024-09-02T09:09:54Z,Manager4,CC3
E3625,Approve PR,2024-09-02T09:09:55Z,Manager1,CC3
E4441,Create PO (Batch),2024-09-02T09:09:55Z,User3,CC6
E4751,Create PO,2024-09-02T09:09:55Z,User39,CC11
E4866,Approve PR,2024-09-02T09:09:55Z,Manager10,CC14
E5099,Approve PO,2024-09-02T09:09:55Z,Manager9,CC10
E5252,Approve PR,2024-09-02T09:09:56Z,Manager8,CC7
E5328,Approve PO,2024-09-02T09:09:56Z,Manager9,CC15
E5398,Approve PR,2024-09-02T09:09:56Z,Manager2,CC16
E5772,Approve PR,2024-09-02T09:09:56Z,Manager6,CC20
E6024,Create PO,2024-09-02T09:09:56Z,User4,CC12
E6070,Approve PR,2024-09-02T09:09:56Z,Manager1,CC7
E6118,Create PO (Batch),2024-09-02T09:09:56Z,User12,CC15
E6381,Approve PR,2024-09-02T09:09:56Z,Manager9,CC20
E6408,Approve PR,2024-09-02T09:09:56Z,Manager2,CC19
E6454,Create PO (Batch),2024-09-02T09:09:56Z,User35,CC17
E6795,Create PO,2024-09-02T09:09:56Z,User2,CC14
E6906,Approve PR,2024-09-02T09:09:56Z,Manager7,CC8
E7025,Approve PR,2024-09-02T09:09:57Z,Manager1,CC12
E7079,Approve PR,2024-09-02T09:09:57Z,Manager2,CC3
E7523,Approve PR,2024-09-02T09:09:57Z,Manager10,CC18
E7676,Send PO to Supplier,2024-09-02T09:09:57Z,User33,CC12
E7713,Approve PO,2024-09-02T09:09:57Z,Manager5,CC6
E7747,Approve PR,2024-09-02T09:09:57Z,Manager3,CC5
E7856,Create PO (Batch),2024-09-02T09:09:57Z,User19,CC2
E7974,Approve PO,2024-09-02T09:09:57Z,Manager5,CC13
E8063,Create PO (Batch),2024-09-02T09:09:57Z,User5,CC18
E8092,Create PO,2024-09-02T09:09:57Z,User41,CC1
E8101,Create PO,2024-09-02T09:09:57Z,User47,CC17
E8230,Approve PR,2024-09-02T09:09:57Z,Manager8,CC19
E284,Create PO,2024-09-02T09:10:53Z,User32,CC8
E1067,Create PO (Batch),2024-09-02T09:10:53Z,User5,CC12
E1576,Approve PR,2024-09-02T09:10:54Z,Manager6,CC2
E1695,Reject PR,2024-09-02T09:10:54Z,Manager6,CC17
E1950,Approve PR,2024-09-02T09:10:54Z,Manager1,CC15
E2062,Create PO,2024-09-02T09:10:54Z,User32,CC11
E2282,Create PO,2024-09-02T09:10:54Z,User26,CC17
E2293,Create PO,2024-09-02T09:10:54Z,User14,CC3
E2588,Approve PR,2024-09-02T09:10:54Z,Manager5,CC17
E2939,Create PO,2024-09-02T09:10:54Z,User24,CC1
E3194,Approve PR,2024-09-02T09:10:54Z,Manager9,CC12
E3269,Create PO (Batch),2024-09-02T09:10:54Z,User19,CC9
E3423,Approve PR,2024-09-02T09:10:55Z,Manager8,CC18
E3434,Approve PO,2024-09-02T09:10:55Z,Manager6,CC7
E3800,Approve PO,2024-09-02T09:10:55Z,Manager7,CC11
E3843,Approve PR,2024-09-02T09:10:55Z,Manager1,CC14
E3888,Approve PR,2024-09-02T09:10:55Z,Manager4,CC15
E3897,Approve PR,2024-09-02T09:10:55Z,Manager8,CC15
E4083,Approve PR,2024-09-02T09:10:55Z,Manager9,CC7
E4092,Approve PR,2024-09-02T09:10:55Z,Manager4,CC20
E4521,Approve PR,2024-09-02T09:10:55Z,Manager3,CC19
E4679,Create PO (Batch),2024-09-02T09:10:55Z,User33,CC3
E5089,Create PO (Batch),2024-09-02T09:10:55Z,User26,CC8
E5218,Approve PO,2024-09-02T09:10:56Z,Manager5,CC4
E5297,Approve PR,2024-09-02T09:10:56Z,Manager8,CC12
E5364,Approve PO,2024-09-02T09:10:56Z,Manager1,CC19
E5875,Approve PR,2024-09-02T09:10:56Z,Manager8,CC8
E6162,Create PO,2024-09-02T09:10:56Z,User3,CC15
E7440,Approve PR,2024-09-02T09:10:57Z,Manager10,CC8
E8001,Approve PO,2024-09-02T09:10:57Z,Manager9,CC17
E267,Approve PO,2024-09-02T09:11:53Z,Manager8,CC17
E496,Approve PR,2024-09-02T09:11:53Z,Manager5,CC20
E975,Create PO,2024-09-02T09:11:53Z,User1,CC15
E1431,Create PO (Batch),2024-09-02T09:11:53Z,User1,CC4
E1850,Create PO (Batch),2024-09-02T09:11:54Z,User17,CC7
E1894,Approve PR,2024-09-02T09:11:54Z,Manager6,CC12
E2034,Approve PR,2024-09-02T09:11:54Z,Manager2,CC14
E2654,Create PO,2024-09-02T09:11:54Z,User36,CC1
E2857,Approve PR,2024-09-02T09:11:54Z,Manager6,CC13
E3005,Approve PR,2024-09-02T09:11:54Z,Manager2,CC7
E3167,Approve PR,2024-09-02T09:11:54Z,Manager9,CC17
E3286,Approve PR,2024-09-02T09:11:54Z,Manager3,CC15
E3350,Create PO (Batch),2024-09-02T09:11:54Z,User4,CC9
E3647,Approve PO,2024-09-02T09:11:55Z,Manager3,CC5
E3717,Approve PR,2024-09-02T09:11:55Z,Manager7,CC16
E3735,Approve PR,2024-09-02T09:11:55Z,Manager2,CC11
E3807,Approve PR,2024-09-02T09:11:55Z,Manager1,CC3
E5425,Approve PR,2024-09-02T09:11:56Z,Manager9,CC16
E5557,Approve PR,2024-09-02T09:11:56Z,Manager2,CC17
E5745,Approve PR,2024-09-02T09:11:56Z,Manager1,CC2
E6242,Approve PR,2024-09-02T09:11:56Z,Manager2,CC13
E6907,Create PO (Batch),2024-09-02T09:11:56Z,User47,CC18
E7063,Approve PO,2024-09-02T09:11:57Z,Manager1,CC1
E7071,Create PO,2024-09-02T09:11:57Z,User34,CC18
E7377,Approve PR,2024-09-02T09:11:57Z,Manager8,CC1
E7414,Create PO (Batch),2024-09-02T09:11:57Z,User13,CC9
E7458,Approve PR,2024-09-02T09:11:57Z,Manager5,CC4
E7477,Create PO,2024-09-02T09:11:57Z,User9,CC9
E7703,Create PO (Batch),2024-09-02T09:11:57Z,User40,CC9
E7864,Approve PR,2024-09-02T09:11:57Z,Manager1,CC6
E8284,Approve PR,2024-09-02T09:11:57Z,Manager1,CC7
E3,Create PO (Batch),2024-09-02T09:12:53Z,User31,CC12
E450,Create PO,2024-09-02T09:12:53Z,User7,CC6
E481,Send PO to Supplier,2024-09-02T09:12:53Z,User48,CC4
E966,Create PO,2024-09-02T09:12:53Z,User2,CC8
E1039,Approve PR,2024-09-02T09:12:53Z,Manager1,CC1
E1215,Create PO (Batch),2024-09-02T09:12:53Z,User45,CC14
E1697,Reject PR,2024-09-02T09:12:54Z,Manager8,CC16
E1831,Approve PR,2024-09-02T09:12:54Z,Manager9,CC12
E2395,Approve PO,2024-09-02T09:12:54Z,Manager1,CC5
E2403,Create PO (Batch),2024-09-02T09:12:54Z,User49,CC5
E3259,Approve PR,2024-09-02T09:12:54Z,Manager9,CC3
E3518,Create PO (Batch),2024-09-02T09:12:55Z,User17,CC1
E3598,Approve PR,2024-09-02T09:12:55Z,Manager1,CC6
E3780,Approve PR,2024-09-02T09:12:55Z,Manager7,CC13
E3998,Approve PR,2024-09-02T09:12:55Z,Manager5,CC4
E5035,Create PO,2024-09-02T09:12:55Z,User8,CC11
E5867,Create PO (Batch),2024-09-02T09:12:56Z,User23,CC17
E6260,Approve PR,2024-09-02T09:12:56Z,Manager2,CC13
E6739,Create PO (Batch),2024-09-02T09:12:56Z,User48,CC15
E6821,Reject PR,2024-09-02T09:12:56Z,Manager5,CC6
E6841,Approve PR,2024-09-02T09:12:56Z,Manager5,CC12
E6942,Approve PR,2024-09-02T09:12:57Z,Manager10,CC6
E7135,Approve PO,2024-09-02T09:12:57Z,Manager1,CC13
E7167,Send PO to Supplier,2024-09-02T09:12:57Z,User11,CC14
E8221,Approve PR,2024-09-02T09:12:57Z,Manager9,CC18
E137,Reject PR,2024-09-02T09:13:53Z,Manager3,CC5
E256,Approve PR,2024-09-02T09:13:53Z,Manager1,CC5
E268,Send PO to Supplier,2024-09-02T09:13:53Z,User43,CC5
E1075,Approve PR,2024-09-02T09:13:53Z,Manager10,CC1
E1132,Create PO (Batch),2024-09-02T09:13:53Z,User29,CC14
E1223,Approve PR,2024-09-02T09:13:53Z,Manager4,CC15
E1764,Approve PR,2024-09-02T09:13:54Z,Manager1,CC18
E1912,Approve PR,2024-09-02T09:13:54Z,Manager9,CC20
E1932,Approve PR,2024-09-02T09:13:54Z,Manager6,CC10
E2192,Create PO (Batch),2024-09-02T09:13:54Z,User47,CC9
E2655,Approve PO,2024-09-02T09:13:54Z,Manager3,CC5
E2744,Create PO (Batch),2024-09-02T09:13:54Z,User4,CC19
E3032,Approve PR,2024-09-02T09:13:54Z,Manager7,CC8
E3185,Approve PR,2024-09-02T09:13:54Z,Manager5,CC3
E4121,Approve PO,2024-09-02T09:13:55Z,Manager5,CC16
E4734,Approve PO,2024-09-02T09:13:55Z,Manager4,CC20
E5169,Reject PR,2024-09-02T09:13:56Z,Manager7,CC4
E5279,Approve PR,2024-09-02T09:13:56Z,Manager8,CC15
E5309,Create PO,2024-09-02T09:13:56Z,User1,CC4
E5606,Approve PR,2024-09-02T09:13:56Z,Manager2,CC5
E5642,Reject PR,2024-09-02T09:13:56Z,Manager9,CC6
E5680,Reject PR,2024-09-02T09:13:56Z,Manager3,CC11
E6170,Approve PR,2024-09-02T09:13:56Z,Manager3,CC14
E6399,Approve PR,2024-09-02T09:13:56Z,Manager7,CC17
E6579,Approve PR,2024-09-02T09:13:56Z,Manager6,CC14
E6969,Approve PR,2024-09-02T09:13:57Z,Manager8,CC11
E7202,Approve PR,2024-09-02T09:13:57Z,Manager3,CC18
E7551,Create PO,2024-09-02T09:13:57Z,User8,CC16
E7757,Create PO (Batch),2024-09-02T09:13:57Z,User11,CC12
E7793,Create PO,2024-09-02T09:13:57Z,User7,CC8
E404,Approve PR,2024-09-02T09:14:53Z,Manager10,CC20
E451,Approve PO,2024-09-02T09:14:53Z,Manager10,CC5
E993,Create PO (Batch),2024-09-02T09:14:53Z,User49,CC20
E1111,Reject PR,2024-09-02T09:14:53Z,Manager9,CC5
E1755,Approve PR,2024-09-02T09:14:54Z,Manager3,CC6
E2108,Approve PR,2024-09-02T09:14:54Z,Manager9,CC7
E2626,Approve PR,2024-09-02T09:14:54Z,Manager2,CC13
E2788,Approve PR,2024-09-02T09:14:54Z,Manager9,CC17
E2802,Create PO,2024-09-02T09:14:54Z,User45,CC13
E3295,Approve PR,2024-09-02T09:14:54Z,Manager5,CC1
E3971,Approve PR,2024-09-02T09:14:55Z,Manager6,CC11
E4066,Create PO,2024-09-02T09:14:55Z,User9,CC4
E4102,Create PO (Batch),2024-09-02T09:14:55Z,User47,CC3
E4723,Approve PR,2024-09-02T09:14:55Z,Manager10,CC7
E4942,Approve PO,2024-09-02T09:14:55Z,Manager10,CC13
E5578,Create PO (Batch),2024-09-02T09:14:56Z,User11,CC13
E5801,Reject PR,2024-09-02T09:14:56Z,Manager10,CC18
E7136,Send PO to Supplier,2024-09-02T09:14:57Z,User26,CC7
E7238,Approve PR,2024-09-02T09:14:57Z,Manager7,CC12
E7404,Approve PR,2024-09-02T09:14:57Z,Manager4,CC9
E7449,Approve PR,2024-09-02T09:14:57Z,Manager5,CC3
E7503,Reject PR,2024-09-02T09:14:57Z,Manager8,CC9
E7617,Approve PR,2024-09-02T09:14:57Z,Manager1,CC5
E7646,Approve PR,2024-09-02T09:14:57Z,Manager10,CC9
E7946,Create PO,2024-09-02T09:14:57Z,User8,CC19
E860,Approve PR,2024-09-02T09:15:53Z,Manager6,CC6
E1060,Send PO to Supplier,2024-09-02T09:15:53Z,User17,CC3
E2026,Create PO (Batch),2024-09-02T09:15:54Z,User15,CC17
E2139,Approve PO,2024-09-02T09:15:54Z,Manager9,CC15
E3589,Approve PR,2024-09-02T09:15:55Z,Manager3,CC2
E4093,Create PO (Batch),2024-09-02T09:15:55Z,User3,CC20
E4324,Create PO,2024-09-02T09:15:55Z,User18,CC10
E4404,Approve PR,2024-09-02T09:15:55Z,Manager3,CC4
E6025,Approve PO,2024-09-02T09:15:56Z,Manager9,CC3
E6042,Create PO,2024-09-02T09:15:56Z,User6,CC10
E6599,Approve PR,2024-09-02T09:15:56Z,Manager6,CC15
E6729,Approve PR,2024-09-02T09:15:56Z,Manager8,CC10
E6785,Approve PR,2024-09-02T09:15:56Z,Manager3,CC7
E6951,Approve PR,2024-09-02T09:15:57Z,Manager10,CC10
E7175,Approve PR,2024-09-02T09:15:57Z,Manager8,CC20
E7196,Send PO to Supplier,2024-09-02T09:15:57Z,User45,CC9
E7505,Approve PR,2024-09-02T09:15:57Z,Manager8,CC2
E7524,Create PO (Batch),2024-09-02T09:15:57Z,User50,CC3
E7975,Send PO to Supplier,2024-09-02T09:15:57Z,User45,CC12
E111,Create PO (Batch),2024-09-02T09:16:53Z,User41,CC10
E668,Create PO,2024-09-02T09:16:53Z,User11,CC10
E694,Approve PR,2024-09-02T09:16:53Z,Manager8,CC5
E714,Approve PO,2024-09-02T09:16:53Z,Manager8,CC20
E793,Approve PR,2024-09-02T09:16:53Z,Manager7,CC20
E1216,Approve PO,2024-09-02T09:16:53Z,Manager8,CC11
E1603,Approve PR,2024-09-02T09:16:54Z,Manager8,CC11
E2636,Create PO (Batch),2024-09-02T09:16:54Z,User5,CC8
E2708,Create PO (Batch),2024-09-02T09:16:54Z,User26,CC11
E2752,Approve PR,2024-09-02T09:16:54Z,Manager8,CC13
E2810,Reject PR,2024-09-02T09:16:54Z,Manager2,CC10
E2822,Create PO (Batch),2024-09-02T09:16:54Z,User36,CC1
E3663,Approve PR,2024-09-02T09:16:55Z,Manager5,CC20
E3672,Approve PR,2024-09-02T09:16:55Z,Manager7,CC14
E3736,Create PO,2024-09-02T09:16:55Z,User37,CC5
E3844,Create PO,2024-09-02T09:16:55Z,User9,CC18
E4139,Approve PR,2024-09-02T09:16:55Z,Manager10,CC11
E4242,Approve PR,2024-09-02T09:16:55Z,Manager1,CC5
E4687,Approve PR,2024-09-02T09:16:55Z,Manager7,CC13
E5781,Approve PR,2024-09-02T09:16:56Z,Manager4,CC5
E6354,Approve PR,2024-09-02T09:16:56Z,Manager3,CC4
E6570,Approve PR,2024-09-02T09:16:56Z,Manager2,CC10
E6628,Approve PR,2024-09-02T09:16:56Z,Manager4,CC9
E6665,Create PO (Batch),2024-09-02T09:16:56Z,User31,CC19
E6812,Approve PR,2024-09-02T09:16:56Z,Manager8,CC13
E6823,Approve PR,2024-09-02T09:16:56Z,Manager3,CC18
E7147,Create PO,2024-09-02T09:16:57Z,User26,CC1
E7828,Approve PR,2024-09-02T09:16:57Z,Manager10,CC4
E112,Approve PO,2024-09-02T09:17:53Z,Manager6,CC14
E949,Approve PO,2024-09-02T09:17:53Z,Manager4,CC11
E1084,Approve PR,2024-09-02T09:17:53Z,Manager7,CC5
E1161,Create PO (Batch),2024-09-02T09:17:53Z,User44,CC17
E2129,Create PO,2024-09-02T09:17:54Z,User14,CC9
E2155,Approve PR,2024-09-02T09:17:54Z,Manager2,CC7
E2581,Approve PO,2024-09-02T09:17:54Z,Manager9,CC5
E2597,Reject PR,2024-09-02T09:17:54Z,Manager7,CC10
E2893,Approve PR,2024-09-02T09:17:54Z,Manager9,CC3
E3131,Approve PR,2024-09-02T09:17:54Z,Manager8,CC9
E3212,Approve PR,2024-09-02T09:17:54Z,Manager9,CC13
E3287,Create PO (Batch),2024-09-02T09:17:54Z,User9,CC9
E3917,Approve PO,2024-09-02T09:17:55Z,Manager9,CC6
E4166,Approve PR,2024-09-02T09:17:55Z,Manager10,CC11
E4395,Approve PR,2024-09-02T09:17:55Z,Manager8,CC14
E4459,Create PO (Batch),2024-09-02T09:17:55Z,User16,CC19
E4790,Approve PR,2024-09-02T09:17:55Z,Manager5,CC8
E5615,Approve PR,2024-09-02T09:17:56Z,Manager5,CC5
E6730,Create PO,2024-09-02T09:17:56Z,User5,CC6
E6925,Create PO (Batch),2024-09-02T09:17:57Z,User41,CC3
E7106,Approve PR,2024-09-02T09:17:57Z,Manager6,CC14
E7695,Approve PO,2024-09-02T09:17:57Z,Manager9,CC16
E8018,Create PO (Batch),2024-09-02T09:17:57Z,User45,CC7
E158,Create PO (Batch),2024-09-02T09:18:53Z,User12,CC7
E238,Approve PR,2024-09-02T09:18:53Z,Manager1,CC18
E329,Create PO,2024-09-02T09:18:53Z,User19,CC16
E405,Create PO (Batch),2024-09-02T09:18:53Z,User5,CC4
E945,Reject PR,2024-09-02T09:18:53Z,Manager10,CC12
E1304,Approve PR,2024-09-02T09:18:53Z,Manager6,CC7
E1349,Approve PR,2024-09-02T09:18:53Z,Manager7,CC4
E1959,Reject PR,2024-09-02T09:18:54Z,Manager8,CC2
E3095,Approve PR,2024-09-02T09:18:54Z,Manager7,CC14
E3221,Approve PR,2024-09-02T09:18:54Z,Manager4,CC11
E3396,Approve PR,2024-09-02T09:18:55Z,Manager5,CC6
E4094,Approve PO,2024-09-02T09:18:55Z,Manager5,CC4
E4549,Create PO (Batch),2024-09-02T09:18:55Z,User31,CC3
E4800,Create PO (Batch),2024-09-02T09:18:55Z,User39,CC15
E4837,Approve PR,2024-09-02T09:18:55Z,Manager2,CC1
E5152,Create PO,2024-09-02T09:18:56Z,User18,CC9
E5189,Approve PR,2024-09-02T09:18:56Z,Manager4,CC19
E5262,Create PO (Batch),2024-09-02T09:18:56Z,User39,CC4
E5470,Reject PR,2024-09-02T09:18:56Z,Manager1,CC10
E5782,Create PO (Batch),2024-09-02T09:18:56Z,User6,CC7
E6472,Create PO (Batch),2024-09-02T09:18:56Z,User24,CC16
E6498,Approve PR,2024-09-02T09:18:56Z,Manager2,CC11
E6638,Create PO,2024-09-02T09:18:56Z,User2,CC10
E6676,Create PO (Batch),2024-09-02T09:18:56Z,User16,CC20
E6943,Create PO (Batch),2024-09-02T09:18:57Z,User40,CC12
E7044,Create PO,2024-09-02T09:18:57Z,User17,CC3
E7148,Approve PO,2024-09-02T09:18:57Z,Manager5,CC8
E7184,Approve PR,2024-09-02T09:18:57Z,Manager7,CC11
E7239,Create PO (Batch),2024-09-02T09:18:57Z,User10,CC2
E7269,Approve PO,2024-09-02T09:18:57Z,Manager10,CC12
E7277,Create PO (Batch),2024-09-02T09:18:57Z,User12,CC8
E7494,Approve PR,2024-09-02T09:18:57Z,Manager5,CC11
E7812,Approve PO,2024-09-02T09:18:57Z,Manager6,CC1
E8064,Approve PO,2024-09-02T09:18:57Z,Manager1,CC17
E48,Create PO,2024-09-02T09:19:53Z,User49,CC15
E83,Approve PR,2024-09-02T09:19:53Z,Manager10,CC2
E184,Approve PR,2024-09-02T09:19:53Z,Manager9,CC6
E440,Approve PR,2024-09-02T09:19:53Z,Manager5,CC8
E842,Approve PR,2024-09-02T09:19:53Z,Manager8,CC6
E1093,Approve PR,2024-09-02T09:19:53Z,Manager1,CC9
E1851,Approve PO,2024-09-02T09:19:54Z,Manager5,CC5
E1984,Create PO (Batch),2024-09-02T09:19:54Z,User26,CC8
E2023,Reject PR,2024-09-02T09:19:54Z,Manager3,CC17
E2099,Approve PR,2024-09-02T09:19:54Z,Manager4,CC9
E2725,Approve PR,2024-09-02T09:19:54Z,Manager5,CC20
E3087,Create PO (Batch),2024-09-02T09:19:54Z,User12,CC13
E3305,Create PO (Batch),2024-09-02T09:19:54Z,User12,CC1
E3441,Approve PR,2024-09-02T09:19:55Z,Manager6,CC18
E3852,Approve PR,2024-09-02T09:19:55Z,Manager5,CC13
E4193,Approve PR,2024-09-02T09:19:55Z,Manager8,CC8
E4211,Reject PR,2024-09-02T09:19:55Z,Manager8,CC1
E4377,Approve PR,2024-09-02T09:19:55Z,Manager6,CC17
E4696,Approve PR,2024-09-02T09:19:55Z,Manager9,CC11
E4714,Approve PR,2024-09-02T09:19:55Z,Manager2,CC14
E4801,Approve PO,2024-09-02T09:19:55Z,Manager2,CC12
E4988,Create PO (Batch),2024-09-02T09:19:55Z,User6,CC13
E5172,Create PO,2024-09-02T09:19:56Z,User23,CC2
E5486,Create PO (Batch),2024-09-02T09:19:56Z,User37,CC5
E5521,Approve PR,2024-09-02T09:19:56Z,Manager2,CC20
E5567,Create PO,2024-09-02T09:19:56Z,User41,CC1
E5692,Create PO,2024-09-02T09:19:56Z,User49,CC9
E5988,Create PO,2024-09-02T09:19:56Z,User49,CC5
E7006,Create PO (Batch),2024-09-02T09:19:57Z,User39,CC12
E7258,Approve PR,2024-09-02T09:19:57Z,Manager6,CC14
E8248,Approve PR,2024-09-02T09:19:57Z,Manager10,CC19
E193,Approve PR,2024-09-02T09:20:53Z,Manager2,CC1
E355,Reject PR,2024-09-02T09:20:53Z,Manager2,CC11
E640,Approve PR,2024-09-02T09:20:53Z,Manager3,CC9
E832,Create PO (Batch),2024-09-02T09:20:53Z,User6,CC16
E896,Approve PR,2024-09-02T09:20:53Z,Manager8,CC4
E1217,Send PO to Supplier,2024-09-02T09:20:53Z,User21,CC14
E1585,Approve PR,2024-09-02T09:20:54Z,Manager7,CC10
E1630,Approve PR,2024-09-02T09:20:54Z,Manager10,CC9
E1669,Create PO (Batch),2024-09-02T09:20:54Z,User34,CC3
E1852,Send PO to Supplier,2024-09-02T09:20:54Z,User40,CC8
E2544,Create PO,2024-09-02T09:20:54Z,User19,CC4
E2885,Create PO (Batch),2024-09-02T09:20:54Z,User43,CC7
E3159,Create PO,2024-09-02T09:20:54Z,User30,CC13
E3177,Create PO (Batch),2024-09-02T09:20:54Z,User29,CC20
E3682,Create PO,2024-09-02T09:20:55Z,User20,CC17
E3999,Create PO (Batch),2024-09-02T09:20:55Z,User17,CC10
E4176,Create PO (Batch),2024-09-02T09:20:55Z,User38,CC12
E4269,Approve PR,2024-09-02T09:20:55Z,Manager4,CC17
E4576,Create PO (Batch),2024-09-02T09:20:55Z,User4,CC17
E4808,Approve PR,2024-09-02T09:20:55Z,Manager10,CC14
E4905,Create PO (Batch),2024-09-02T09:20:55Z,User7,CC7
E5399,Create PO,2024-09-02T09:20:56Z,User20,CC15
E5504,Create PO (Batch),2024-09-02T09:20:56Z,User17,CC4
E5902,Approve PR,2024-09-02T09:20:56Z,Manager5,CC2
E6234,Create PO,2024-09-02T09:20:56Z,User34,CC12
E6747,Approve PR,2024-09-02T09:20:56Z,Manager5,CC19
E6777,Create PO (Batch),2024-09-02T09:20:56Z,User26,CC5
E6860,Create PO (Batch),2024-09-02T09:20:56Z,User29,CC15
E6870,Approve PR,2024-09-02T09:20:56Z,Manager9,CC18
E7240,Approve PO,2024-09-02T09:20:57Z,Manager6,CC16
E7294,Approve PR,2024-09-02T09:20:57Z,Manager9,CC13
E7351,Create PO,2024-09-02T09:20:57Z,User40,CC4
E7432,Create PO,2024-09-02T09:20:57Z,User45,CC14
E7514,Approve PR,2024-09-02T09:20:57Z,Manager3,CC20
E7638,Create PO,2024-09-02T09:20:57Z,User22,CC3
E7857,Approve PO,2024-09-02T09:20:57Z,Manager6,CC14
E8155,Create PO (Batch),2024-09-02T09:20:57Z,User9,CC20
E92,Approve PR,2024-09-02T09:21:53Z,Manager1,CC17
E604,Approve PR,2024-09-02T09:21:53Z,Manager10,CC18
E649,Approve PR,2024-09-02T09:21:53Z,Manager5,CC15
E1259,Approve PR,2024-09-02T09:21:53Z,Manager1,CC4
E1305,Create PO (Batch),2024-09-02T09:21:53Z,User12,CC17
E1405,Approve PO,2024-09-02T09:21:53Z,Manager8,CC13
E1729,Create PO (Batch),2024-09-02T09:21:54Z,User13,CC4
E2830,Approve PR,2024-09-02T09:21:54Z,Manager9,CC3
E3006,Create PO (Batch),2024-09-02T09:21:54Z,User7,CC16
E3213,Create PO,2024-09-02T09:21:54Z,User15,CC8
E3369,Approve PO,2024-09-02T09:21:54Z,Manager7,CC9
E3607,Approve PR,2024-09-02T09:21:55Z,Manager3,CC2
E3853,Create PO,2024-09-02T09:21:55Z,User28,CC1
E3871,Create PO,2024-09-02T09:21:55Z,User30,CC2
E3907,Create PO (Batch),2024-09-02T09:21:55Z,User42,CC3
E4111,Create PO,2024-09-02T09:21:55Z,User10,CC1
E4251,Approve PR,2024-09-02T09:21:55Z,Manager4,CC14
E5043,Approve PR,2024-09-02T09:21:55Z,Manager3,CC19
E5090,Approve PO,2024-09-02T09:21:55Z,Manager7,CC4
E5125,Create PO (Batch),2024-09-02T09:21:55Z,User8,CC14
E5783,Approve PO,2024-09-02T09:21:56Z,Manager3,CC16
E6006,Create PO (Batch),2024-09-02T09:21:56Z,User2,CC10
E6097,Reject PR,2024-09-02T09:21:56Z,Manager6,CC13
E6382,Create PO (Batch),2024-09-02T09:21:56Z,User10,CC17
E6444,Approve PR,2024-09-02T09:21:56Z,Manager9,CC6
E6473,Approve PO,2024-09-02T09:21:56Z,Manager3,CC19
E6509,Approve PO,2024-09-02T09:21:56Z,Manager8,CC4
E6517,Create PO (Batch),2024-09-02T09:21:56Z,User45,CC8
E6833,Create PO (Batch),2024-09-02T09:21:56Z,User17,CC20
E7525,Approve PO,2024-09-02T09:21:57Z,Manager6,CC18
E7947,Approve PO,2024-09-02T09:21:57Z,Manager9,CC3
E523,Approve PR,2024-09-02T09:22:53Z,Manager5,CC12
E677,Create PO,2024-09-02T09:22:53Z,User25,CC16
E721,Approve PR,2024-09-02T09:22:53Z,Manager8,CC2
E1641,Approve PR,2024-09-02T09:22:54Z,Manager5,CC20
E2709,Approve PO,2024-09-02T09:22:54Z,Manager8,CC9
E3379,Create PO (Batch),2024-09-02T09:22:55Z,User4,CC18
E3536,Create PO,2024-09-02T09:22:55Z,User44,CC17
E3708,Approve PR,2024-09-02T09:22:55Z,Manager3,CC15
E3772,Create PO,2024-09-02T09:22:55Z,User17,CC8
E4514,Approve PO,2024-09-02T09:22:55Z,Manager2,CC20
E4996,Approve PR,2024-09-02T09:22:55Z,Manager7,CC11
E5199,Create PO (Batch),2024-09-02T09:22:56Z,User3,CC20
E5407,Approve PR,2024-09-02T09:22:56Z,Manager7,CC15
E5487,Approve PO,2024-09-02T09:22:56Z,Manager7,CC8
E5530,Approve PR,2024-09-02T09:22:56Z,Manager3,CC18
E5884,Approve PR,2024-09-02T09:22:56Z,Manager3,CC9
E5895,Approve PO,2024-09-02T09:22:56Z,Manager3,CC8
E6139,Reject PR,2024-09-02T09:22:56Z,Manager6,CC8
E6252,Create PO,2024-09-02T09:22:56Z,User30,CC7
E6571,Create PO,2024-09-02T09:22:56Z,User27,CC14
E7608,Approve PR,2024-09-02T09:22:57Z,Manager2,CC2
E7936,Approve PR,2024-09-02T09:22:57Z,Manager9,CC20
E8110,Create PO (Batch),2024-09-02T09:22:57Z,User8,CC5
E983,Approve PR,2024-09-02T09:23:53Z,Manager5,CC8
E1049,Create PO (Batch),2024-09-02T09:23:53Z,User23,CC5
E1324,Approve PO,2024-09-02T09:23:53Z,Manager3,CC16
E1522,Approve PR,2024-09-02T09:23:54Z,Manager1,CC4
E1639,Reject PR,2024-09-02T09:23:54Z,Manager10,CC8
E1923,Approve PR,2024-09-02T09:23:54Z,Manager7,CC6
E2173,Approve PR,2024-09-02T09:23:54Z,Manager10,CC8
E2662,Approve PR,2024-09-02T09:23:54Z,Manager10,CC7
E3414,Approve PR,2024-09-02T09:23:55Z,Manager6,CC13
E3673,Create PO,2024-09-02T09:23:55Z,User27,CC17
E3690,Approve PR,2024-09-02T09:23:55Z,Manager10,CC7
E4342,Create PO (Batch),2024-09-02T09:23:55Z,User16,CC13
E4611,Approve PR,2024-09-02T09:23:55Z,Manager6,CC15
E4772,Approve PO,2024-09-02T09:23:55Z,Manager7,CC8
E4958,Reject PR,2024-09-02T09:23:55Z,Manager5,CC11
E5115,Approve PR,2024-09-02T09:23:55Z,Manager2,CC5
E5173,Approve PO,2024-09-02T09:23:56Z,Manager5,CC11
E5558,Create PO (Batch),2024-09-02T09:23:56Z,User5,CC14
E6100,Create PO,2024-09-02T09:23:56Z,User45,CC2
E6562,Create PO,2024-09-02T09:23:56Z,User13,CC16
E7124,Approve PR,2024-09-02T09:23:57Z,Manager10,CC17
E7579,Approve PR,2024-09-02T09:23:57Z,Manager4,CC10
E7894,Send PO to Supplier,2024-09-02T09:23:57Z,User43,CC4
E7927,Approve PR,2024-09-02T09:23:57Z,Manager5,CC16
E8163,Reject PR,2024-09-02T09:23:57Z,Manager9,CC5
E8175,Create PO,2024-09-02T09:23:57Z,User38,CC7
E8276,Create PO,2024-09-02T09:23:57Z,User16,CC17
E802,Approve PR,2024-09-02T09:24:53Z,Manager4,CC18
E936,Approve PR,2024-09-02T09:24:53Z,Manager9,CC11
E1234,Approve PO,2024-09-02T09:24:53Z,Manager8,CC9
E1331,Approve PR,2024-09-02T09:24:53Z,Manager2,CC5
E1532,Create PO,2024-09-02T09:24:54Z,User23,CC6
E1670,Approve PO,2024-09-02T09:24:54Z,Manager5,CC12
E1702,Create PO (Batch),2024-09-02T09:24:54Z,User11,CC15
E1809,Reject PR,2024-09-02T09:24:54Z,Manager6,CC14
E3571,Approve PR,2024-09-02T09:24:55Z,Manager5,CC9
E4022,Approve PO,2024-09-02T09:24:55Z,Manager6,CC17
E4122,Send PO to Supplier,2024-09-02T09:24:55Z,User36,CC5
E4158,Create PO,2024-09-02T09:24:55Z,User26,CC9
E4233,Approve PR,2024-09-02T09:24:55Z,Manager9,CC10
E4494,Approve PR,2024-09-02T09:24:55Z,Manager9,CC13
E4585,Create PO,2024-09-02T09:24:55Z,User32,CC12
E4888,Approve PO,2024-09-02T09:24:55Z,Manager10,CC16
E5014,Reject PR,2024-09-02T09:24:55Z,Manager4,CC11
E5764,Create PO (Batch),2024-09-02T09:24:56Z,User16,CC6
E5857,Approve PR,2024-09-02T09:24:56Z,Manager2,CC7
E6126,Reject PR,2024-09-02T09:24:56Z,Manager8,CC15
E6383,Approve PO,2024-09-02T09:24:56Z,Manager3,CC14
E6639,Approve PO,2024-09-02T09:24:56Z,Manager9,CC10
E7278,Approve PO,2024-09-02T09:24:57Z,Manager7,CC13
E7562,Send PO to Supplier,2024-09-02T09:24:57Z,User44,CC20
E7819,Approve PR,2024-09-02T09:24:57Z,Manager5,CC8
E8036,Create PO,2024-09-02T09:24:57Z,User36,CC9
E119,Approve PR,2024-09-02T09:25:53Z,Manager10,CC1
E715,Send PO to Supplier,2024-09-02T09:25:53Z,User24,CC5
E1594,Approve PR,2024-09-02T09:25:54Z,Manager9,CC6
E1895,Create PO (Batch),2024-09-02T09:25:54Z,User41,CC15
E2608,Approve PR,2024-09-02T09:25:54Z,Manager4,CC7
E2753,Create PO,2024-09-02T09:25:54Z,User2,CC20
E3052,Approve PO,2024-09-02T09:25:54Z,Manager5,CC20
E4296,Approve PR,2024-09-02T09:25:55Z,Manager10,CC10
E4316,Approve PO,2024-09-02T09:25:55Z,Manager4,CC9
E4485,Approve PR,2024-09-02T09:25:55Z,Manager1,CC7
E4505,Approve PO,2024-09-02T09:25:55Z,Manager10,CC17
E4680,Approve PO,2024-09-02T09:25:55Z,Manager4,CC8
E4922,Approve PR,2024-09-02T09:25:55Z,Manager4,CC10
E4943,Send PO to Supplier,2024-09-02T09:25:55Z,User2,CC11
E5354,Create PO,2024-09-02T09:25:56Z,User24,CC15
E5568,Approve PO,2024-09-02T09:25:56Z,Manager3,CC15
E5830,Approve PR,2024-09-02T09:25:56Z,Manager10,CC5
E5996,Approve PR,2024-09-02T09:25:56Z,Manager1,CC14
E6119,Approve PO,2024-09-02T09:25:56Z,Manager8,CC20
E6224,Approve PR,2024-09-02T09:25:56Z,Manager7,CC18
E6543,Approve PR,2024-09-02T09:25:56Z,Manager9,CC18
E6711,Approve PR,2024-09-02T09:25:56Z,Manager9,CC7
E6850,Approve PR,2024-09-02T09:25:56Z,Manager10,CC4
E7016,Approve PO,2024-09-02T09:25:57Z,Manager4,CC3
E7600,Send PO to Supplier,2024-09-02T09:25:57Z,User12,CC1
E7647,Create PO,2024-09-02T09:25:57Z,User27,CC16
E338,Create PO (Batch),2024-09-02T09:26:53Z,User42,CC7
E359,Approve PR,2024-09-02T09:26:53Z,Manager3,CC18
E386,Approve PR,2024-09-02T09:26:53Z,Manager9,CC19
E398,Send PO to Supplier,2024-09-02T09:26:53Z,User1,CC10
E432,Create PO,2024-09-02T09:26:53Z,User16,CC3
E514,Approve PR,2024-09-02T09:26:53Z,Manager8,CC15
E905,Approve PR,2024-09-02T09:26:53Z,Manager5,CC12
E1010,Approve PR,2024-09-02T09:26:53Z,Manager3,CC17
E1205,Approve PR,2024-09-02T09:26:53Z,Manager6,CC7
E2121,Approve PO,2024-09-02T09:26:54Z,Manager4,CC19
E2183,Create PO,2024-09-02T09:26:54Z,User10,CC9
E2430,Create PO (Batch),2024-09-02T09:26:54Z,User40,CC4
E2535,Create PO (Batch),2024-09-02T09:26:54Z,User12,CC8
E2600,Create PO,2024-09-02T09:26:54Z,User11,CC4
E2656,Send PO to Supplier,2024-09-02T09:26:54Z,User1,CC10
E2682,Approve PO,2024-09-02T09:26:54Z,Manager5,CC12
E2736,Approve PO,2024-09-02T09:26:54Z,Manager4,CC7
E2960,Approve PO,2024-09-02T09:26:54Z,Manager9,CC2
E3122,Approve PR,2024-09-02T09:26:54Z,Manager2,CC11
E3178,Approve PO,2024-09-02T09:26:54Z,Manager9,CC17
E3278,Create PO (Batch),2024-09-02T09:26:54Z,User26,CC5
E3331,Approve PR,2024-09-02T09:26:54Z,Manager6,CC17
E3340,Approve PR,2024-09-02T09:26:54Z,Manager10,CC9
E3789,Approve PR,2024-09-02T09:26:55Z,Manager3,CC2
E4030,Create PO (Batch),2024-09-02T09:26:55Z,User34,CC4
E4325,Approve PO,2024-09-02T09:26:55Z,Manager10,CC16
E4332,Approve PR,2024-09-02T09:26:55Z,Manager8,CC5
E4651,Approve PR,2024-09-02T09:26:55Z,Manager10,CC19
E4913,Approve PR,2024-09-02T09:26:55Z,Manager10,CC9
E5006,Create PO,2024-09-02T09:26:55Z,User41,CC2
E5476,Approve PR,2024-09-02T09:26:56Z,Manager5,CC17
E5671,Approve PR,2024-09-02T09:26:56Z,Manager6,CC9
E6463,Create PO (Batch),2024-09-02T09:26:56Z,User18,CC6
E6491,Approve PO,2024-09-02T09:26:56Z,Manager4,CC5
E6518,Approve PO,2024-09-02T09:26:56Z,Manager1,CC19
E7080,Create PO (Batch),2024-09-02T09:26:57Z,User6,CC20
E7279,Send PO to Supplier,2024-09-02T09:26:57Z,User26,CC14
E7368,Approve PR,2024-09-02T09:26:57Z,Manager8,CC8
E7415,Approve PO,2024-09-02T09:26:57Z,Manager10,CC1
E8202,Create PO,2024-09-02T09:26:57Z,User43,CC13
E194,Create PO (Batch),2024-09-02T09:27:53Z,User10,CC11
E204,Approve PO,2024-09-02T09:27:53Z,Manager4,CC11
E730,Approve PR,2024-09-02T09:27:53Z,Manager6,CC10
E811,Approve PR,2024-09-02T09:27:53Z,Manager6,CC1
E840,Reject PR,2024-09-02T09:27:53Z,Manager8,CC17
E1030,Approve PR,2024-09-02T09:27:53Z,Manager1,CC6
E1621,Approve PR,2024-09-02T09:27:54Z,Manager5,CC8
E1840,Approve PR,2024-09-02T09:27:54Z,Manager8,CC10
E1921,Reject PR,2024-09-02T09:27:54Z,Manager7,CC16
E2174,Create PO (Batch),2024-09-02T09:27:54Z,User19,CC5
E2376,Create PO,2024-09-02T09:27:54Z,User21,CC6
E2699,Create PO,2024-09-02T09:27:54Z,User13,CC4
E2717,Create PO,2024-09-02T09:27:54Z,User22,CC2
E3014,Approve PR,2024-09-02T09:27:54Z,Manager9,CC13
E3106,Approve PO,2024-09-02T09:27:54Z,Manager9,CC17
E3214,Approve PO,2024-09-02T09:27:54Z,Manager7,CC10
E3270,Approve PO,2024-09-02T09:27:54Z,Manager9,CC8
E3314,Create PO (Batch),2024-09-02T09:27:54Z,User2,CC20
E4076,Approve PO,2024-09-02T09:27:55Z,Manager2,CC1
E4262,Approve PO,2024-09-02T09:27:55Z,Manager3,CC9
E4359,Approve PR,2024-09-02T09:27:55Z,Manager7,CC1
E5080,Create PO,2024-09-02T09:27:55Z,User21,CC17
E5436,Approve PO,2024-09-02T09:27:56Z,Manager3,CC11
E6611,Create PO (Batch),2024-09-02T09:27:56Z,User45,CC3
E6647,Create PO (Batch),2024-09-02T09:27:56Z,User33,CC6
E6684,Approve PR,2024-09-02T09:27:56Z,Manager2,CC20
E6740,Approve PO,2024-09-02T09:27:56Z,Manager5,CC19
E7873,Approve PR,2024-09-02T09:27:57Z,Manager1,CC11
E7900,Approve PR,2024-09-02T09:27:57Z,Manager2,CC10
E8044,Approve PR,2024-09-02T09:27:57Z,Manager3,CC4
E39,Create PO (Batch),2024-09-02T09:28:53Z,User24,CC15
E321,Approve PO,2024-09-02T09:28:53Z,Manager2,CC5
E568,Approve PR,2024-09-02T09:28:53Z,Manager1,CC1
E703,Approve PR,2024-09-02T09:28:53Z,Manager3,CC8
E1022,Send PO to Supplier,2024-09-02T09:28:53Z,User27,CC5
E1396,Approve PO,2024-09-02T09:28:53Z,Manager8,CC12
E2035,Create PO (Batch),2024-09-02T09:28:54Z,User32,CC18
E2236,Approve PR,2024-09-02T09:28:54Z,Manager9,CC10
E2255,Create PO,2024-09-02T09:28:54Z,User43,CC14
E2294,Approve PO,2024-09-02T09:28:54Z,Manager2,CC7
E2552,Approve PR,2024-09-02T09:28:54Z,Manager3,CC17
E2589,Create PO (Batch),2024-09-02T09:28:54Z,User50,CC12
E2637,Approve PO,2024-09-02T09:28:54Z,Manager7,CC5
E2789,Create PO (Batch),2024-09-02T09:28:54Z,User39,CC7
E3024,Create PO,2024-09-02T09:28:54Z,User3,CC2
E3486,Reject PR,2024-09-02T09:28:55Z,Manager3,CC14
E3764,Approve PO,2024-09-02T09:28:55Z,Manager9,CC13
E4742,Create PO,2024-09-02T09:28:55Z,User18,CC10
E4791,Create PO,2024-09-02T09:28:55Z,User42,CC11
E5345,Create PO,2024-09-02T09:28:56Z,User20,CC9
E5462,Create PO (Batch),2024-09-02T09:28:56Z,User26,CC13
E5569,Send PO to Supplier,2024-09-02T09:28:56Z,User34,CC6
E6171,Create PO (Batch),2024-09-02T09:28:56Z,User50,CC1
E6563,Approve PO,2024-09-02T09:28:56Z,Manager2,CC9
E6600,Create PO (Batch),2024-09-02T09:28:56Z,User40,CC2
E6648,Approve PO,2024-09-02T09:28:56Z,Manager2,CC10
E7804,Send PO to Supplier,2024-09-02T09:28:57Z,User33,CC14
E7990,Approve PR,2024-09-02T09:28:57Z,Manager8,CC2
E8053,Approve PR,2024-09-02T09:28:57Z,Manager7,CC2
E8185,Approve PO,2024-09-02T09:28:57Z,Manager6,CC9
E596,Create PO (Batch),2024-09-02T09:29:53Z,User19,CC7
E1496,Create PO (Batch),2024-09-02T09:29:54Z,User18,CC18
E1730,Approve PO,2024-09-02T09:29:54Z,Manager10,CC7
E2274,Approve PO,2024-09-02T09:29:54Z,Manager9,CC9
E2601,Approve PO,2024-09-02T09:29:54Z,Manager3,CC1
E2922,Approve PO,2024-09-02T09:29:54Z,Manager4,CC7
E3469,Create PO,2024-09-02T09:29:55Z,User43,CC12
E3617,Create PO,2024-09-02T09:29:55Z,User24,CC14
E4129,Create PO (Batch),2024-09-02T09:29:55Z,User47,CC6
E4140,Create PO,2024-09-02T09:29:55Z,User21,CC16
E4369,Create PO,2024-09-02T09:29:55Z,User39,CC17
E4414,Create PO,2024-09-02T09:29:55Z,User32,CC9
E4595,Approve PO,2024-09-02T09:29:55Z,Manager1,CC16
E4980,Approve PO,2024-09-02T09:29:55Z,Manager6,CC13
E5488,Send PO to Supplier,2024-09-02T09:29:56Z,User36,CC4
E5624,Approve PR,2024-09-02T09:29:56Z,Manager4,CC6
E5682,Approve PR,2024-09-02T09:29:56Z,Manager10,CC4
E5960,Approve PR,2024-09-02T09:29:56Z,Manager7,CC17
E6181,Approve PO,2024-09-02T09:29:56Z,Manager8,CC20
E6526,Create PO (Batch),2024-09-02T09:29:56Z,User4,CC14
E6534,Approve PR,2024-09-02T09:29:56Z,Manager6,CC11
E6612,Approve PO,2024-09-02T09:29:56Z,Manager9,CC19
E6695,Approve PO,2024-09-02T09:29:56Z,Manager5,CC2
E7088,Approve PR,2024-09-02T09:29:57Z,Manager6,CC1
E7316,Approve PO,2024-09-02T09:29:57Z,Manager1,CC2
E7333,Create PO (Batch),2024-09-02T09:29:57Z,User4,CC15
E7572,Approve PO,2024-09-02T09:29:57Z,Manager9,CC14
E7589,Create PO (Batch),2024-09-02T09:29:57Z,User14,CC16
E7839,Approve PO,2024-09-02T09:29:57Z,Manager8,CC11
E8266,Approve PR,2024-09-02T09:29:57Z,Manager1,CC20
E57,Create PO (Batch),2024-09-02T09:30:53Z,User5,CC12
E167,Create PO,2024-09-02T09:30:53Z,User6,CC4
E346,Approve PR,2024-09-02T09:30:53Z,Manager3,CC18
E378,Create PO (Batch),2024-09-02T09:30:53Z,User6,CC11
E820,Approve PR,2024-09-02T09:30:53Z,Manager8,CC12
E852,Create PO (Batch),2024-09-02T09:30:53Z,User24,CC15
E1342,Approve PO,2024-09-02T09:30:53Z,Manager9,CC14
E1368,Create PO,2024-09-02T09:30:53Z,User40,CC13
E1660,Create PO,2024-09-02T09:30:54Z,User3,CC19
E1774,Create PO (Batch),2024-09-02T09:30:54Z,User9,CC15
E1904,Create PO,2024-09-02T09:30:54Z,User19,CC10
E2014,Approve PR,2024-09-02T09:30:54Z,Manager9,CC19
E2948,Create PO (Batch),2024-09-02T09:30:54Z,User22,CC17
E2956,Reject PR,2024-09-02T09:30:54Z,Manager3,CC13
E4386,Approve PR,2024-09-02T09:30:55Z,Manager8,CC15
E4477,Create PO,2024-09-02T09:30:55Z,User38,CC3
E4961,Create PO (Batch),2024-09-02T09:30:55Z,User39,CC18
E5036,Approve PO,2024-09-02T09:30:55Z,Manager8,CC13
E5108,Approve PO,2024-09-02T09:30:55Z,Manager8,CC2
E6217,Approve PO,2024-09-02T09:30:56Z,Manager2,CC7
E6328,Create PO,2024-09-02T09:30:56Z,User11,CC3
E6435,Approve PR,2024-09-02T09:30:56Z,Manager10,CC6
E6481,Create PO (Batch),2024-09-02T09:30:56Z,User47,CC12
E6722,Approve PO,2024-09-02T09:30:56Z,Manager5,CC19
E6868,Reject PR,2024-09-02T09:30:56Z,Manager7,CC14
E7176,Create PO,2024-09-02T09:30:57Z,User27,CC15
E7682,Reject PR,2024-09-02T09:30:57Z,Manager3,CC18
E7865,Create PO (Batch),2024-09-02T09:30:57Z,User29,CC2
E8093,Approve PO,2024-09-02T09:30:57Z,Manager1,CC12
E8137,Create PO (Batch),2024-09-02T09:30:57Z,User38,CC1
E8277,Approve PO,2024-09-02T09:30:57Z,Manager3,CC15
E149,Create PO,2024-09-02T09:31:53Z,User46,CC18
E185,Create PO (Batch),2024-09-02T09:31:53Z,User8,CC14
E387,Create PO,2024-09-02T09:31:53Z,User14,CC10
E577,Approve PR,2024-09-02T09:31:53Z,Manager3,CC19
E1198,Approve PO,2024-09-02T09:31:53Z,Manager3,CC3
E1801,Create PO (Batch),2024-09-02T09:31:54Z,User28,CC1
E1829,Reject PR,2024-09-02T09:31:54Z,Manager8,CC11
E2536,Approve PO,2024-09-02T09:31:54Z,Manager9,CC19
E2672,Create PO (Batch),2024-09-02T09:31:54Z,User1,CC14
E2968,Create PO,2024-09-02T09:31:54Z,User45,CC4
E3388,Create PO (Batch),2024-09-02T09:31:55Z,User10,CC9
E4333,Create PO (Batch),2024-09-02T09:31:55Z,User29,CC14
E4835,Reject PR,2024-09-02T09:31:55Z,Manager5,CC10
E5390,Create PO (Batch),2024-09-02T09:31:56Z,User40,CC11
E5472,Reject PR,2024-09-02T09:31:56Z,Manager9,CC3
E5635,Approve PO,2024-09-02T09:31:56Z,Manager1,CC6
E5646,Approve PO,2024-09-02T09:31:56Z,Manager8,CC19
E5804,Create PO,2024-09-02T09:31:56Z,User14,CC13
E5813,Create PO (Batch),2024-09-02T09:31:56Z,User41,CC13
E6261,Create PO (Batch),2024-09-02T09:31:56Z,User31,CC15
E6765,Approve PR,2024-09-02T09:31:56Z,Manager3,CC14
E7107,Create PO (Batch),2024-09-02T09:31:57Z,User3,CC14
E8186,Send PO to Supplier,2024-09-02T09:31:57Z,User29,CC5
E695,Create PO (Batch),2024-09-02T09:32:53Z,User30,CC3
E1076,Create PO (Batch),2024-09-02T09:32:53Z,User49,CC3
E1513,Approve PR,2024-09-02T09:32:54Z,Manager3,CC17
E1550,Create PO,2024-09-02T09:32:54Z,User30,CC7
E1678,Create PO,2024-09-02T09:32:54Z,User11,CC7
E1739,Approve PO,2024-09-02T09:32:54Z,Manager6,CC2
E2148,Approve PO,2024-09-02T09:32:54Z,Manager8,CC6
E2842,Send PO to Supplier,2024-09-02T09:32:54Z,User27,CC5
E3061,Approve PO,2024-09-02T09:32:54Z,Manager8,CC4
E3250,Approve PR,2024-09-02T09:32:54Z,Manager7,CC1
E3509,Create PO,2024-09-02T09:32:55Z,User12,CC2
E3683,Approve PO,2024-09-02T09:32:55Z,Manager9,CC19
E3989,Approve PR,2024-09-02T09:32:55Z,Manager8,CC14
E4270,Create PO (Batch),2024-09-02T09:32:55Z,User45,CC18
E4506,Send PO to Supplier,2024-09-02T09:32:55Z,User20,CC2
E4621,Create PO,2024-09-02T09:32:55Z,User40,CC13
E4641,Create PO (Batch),2024-09-02T09:32:55Z,User10,CC10
E4652,Create PO (Batch),2024-09-02T09:32:55Z,User18,CC7
E5134,Create PO (Batch),2024-09-02T09:32:55Z,User36,CC11
E5174,Send PO to Supplier,2024-09-02T09:32:56Z,User7,CC12
E5335,Approve PR,2024-09-02T09:32:56Z,Manager8,CC19
E6427,Create PO,2024-09-02T09:32:56Z,User3,CC8
E6580,Create PO,2024-09-02T09:32:56Z,User42,CC12
E6879,Approve PR,2024-09-02T09:32:56Z,Manager8,CC3
E6978,Approve PR,2024-09-02T09:32:57Z,Manager10,CC18
E6989,Approve PO,2024-09-02T09:32:57Z,Manager5,CC19
E7467,Approve PR,2024-09-02T09:32:57Z,Manager3,CC2
E8002,Send PO to Supplier,2024-09-02T09:32:57Z,User18,CC16
E8267,Create PO (Batch),2024-09-02T09:32:57Z,User13,CC5
E634,Send PO to Supplier,2024-09-02T09:33:53Z,User18,CC9
E914,Approve PR,2024-09-02T09:33:53Z,Manager1,CC13
E967,Approve PO,2024-09-02T09:33:53Z,Manager10,CC7
E1468,Approve PR,2024-09-02T09:33:54Z,Manager4,CC3
E1586,Create PO,2024-09-02T09:33:54Z,User28,CC16
E2201,Create PO,2024-09-02T09:33:54Z,User24,CC17
E2582,Send PO to Supplier,2024-09-02T09:33:54Z,User29,CC17
E3370,Send PO to Supplier,2024-09-02T09:33:54Z,User19,CC5
E3459,Approve PR,2024-09-02T09:33:55Z,Manager4,CC15
E3581,Create PO,2024-09-02T09:33:55Z,User8,CC2
E3954,Create PO,2024-09-02T09:33:55Z,User9,CC16
E4360,Create PO (Batch),2024-09-02T09:33:55Z,User34,CC1
E4415,Approve PO,2024-09-02T09:33:55Z,Manager1,CC1
E4760,Create PO,2024-09-02T09:33:55Z,User8,CC18
E5226,Create PO,2024-09-02T09:33:56Z,User32,CC5
E6786,Create PO (Batch),2024-09-02T09:33:56Z,User28,CC12
E6824,Create PO (Batch),2024-09-02T09:33:56Z,User6,CC14
E6979,Create PO (Batch),2024-09-02T09:33:57Z,User24,CC17
E7495,Create PO,2024-09-02T09:33:57Z,User50,CC8
E7774,Approve PR,2024-09-02T09:33:57Z,Manager7,CC12
E8102,Approve PO,2024-09-02T09:33:57Z,Manager8,CC7
E65,Approve PR,2024-09-02T09:34:53Z,Manager8,CC17
E178,Send PO to Supplier,2024-09-02T09:34:53Z,User49,CC14
E488,Create PO,2024-09-02T09:34:53Z,User24,CC20
E1288,Approve PO,2024-09-02T09:34:53Z,Manager5,CC18
E1913,Create PO,2024-09-02T09:34:54Z,User28,CC10
E1961,Approve PR,2024-09-02T09:34:54Z,Manager2,CC9
E2265,Approve PO,2024-09-02T09:34:54Z,Manager2,CC10
E2295,Send PO to Supplier,2024-09-02T09:34:54Z,User28,CC20
E2358,Create PO (Batch),2024-09-02T09:34:54Z,User20,CC1
E2438,Reject PR,2024-09-02T09:34:54Z,Manager2,CC10
E2609,Create PO (Batch),2024-09-02T09:34:54Z,User39,CC9
E2618,Create PO (Batch),2024-09-02T09:34:54Z,User16,CC13
E2858,Create PO (Batch),2024-09-02T09:34:54Z,User12,CC13
E3115,Approve PO,2024-09-02T09:34:54Z,Manager1,CC8
E3251,Create PO,2024-09-02T09:34:54Z,User46,CC2
E3510,Approve PO,2024-09-02T09:34:55Z,Manager4,CC15
E4653,Approve PO,2024-09-02T09:34:55Z,Manager3,CC16
E4681,Send PO to Supplier,2024-09-02T09:34:55Z,User12,CC2
E5317,Approve PR,2024-09-02T09:34:56Z,Manager8,CC4
E5477,Create PO (Batch),2024-09-02T09:34:56Z,User42,CC17
E5595,Approve PR,2024-09-02T09:34:56Z,Manager7,CC12
E5746,Create PO (Batch),2024-09-02T09:34:56Z,User31,CC12
E5814,Approve PO,2024-09-02T09:34:56Z,Manager10,CC11
E6032,Approve PR,2024-09-02T09:34:56Z,Manager7,CC14
E6071,Create PO,2024-09-02T09:34:56Z,User49,CC6
E6553,Create PO,2024-09-02T09:34:56Z,User2,CC20
E6787,Approve PO,2024-09-02T09:34:56Z,Manager4,CC10
E6851,Create PO (Batch),2024-09-02T09:34:56Z,User14,CC9
E7115,Approve PR,2024-09-02T09:34:57Z,Manager5,CC15
E7858,Send PO to Supplier,2024-09-02T09:34:57Z,User23,CC2
E8037,Approve PO,2024-09-02T09:34:57Z,Manager3,CC11
E8083,Create PO,2024-09-02T09:34:57Z,User46,CC16
E8156,Approve PO,2024-09-02T09:34:57Z,Manager9,CC20
E195,Approve PO,2024-09-02T09:35:53Z,Manager8,CC17
E274,Approve PR,2024-09-02T09:35:53Z,Manager9,CC19
E659,Create PO (Batch),2024-09-02T09:35:53Z,User5,CC19
E869,Approve PR,2024-09-02T09:35:53Z,Manager10,CC17
E1001,Approve PR,2024-09-02T09:35:53Z,Manager5,CC12
E1123,Create PO (Batch),2024-09-02T09:35:53Z,User33,CC16
E1162,Approve PO,2024-09-02T09:35:53Z,Manager4,CC5
E1568,Create PO (Batch),2024-09-02T09:35:54Z,User11,CC2
E1721,Approve PO,2024-09-02T09:35:54Z,Manager8,CC17
E1792,Create PO (Batch),2024-09-02T09:35:54Z,User12,CC2
E1802,Approve PO,2024-09-02T09:35:54Z,Manager8,CC5
E2140,Send PO to Supplier,2024-09-02T09:35:54Z,User5,CC13
E2339,Approve PR,2024-09-02T09:35:54Z,Manager2,CC11
E2507,Approve PR,2024-09-02T09:35:54Z,Manager9,CC8
E2537,Send PO to Supplier,2024-09-02T09:35:54Z,User14,CC13
E3096,Create PO,2024-09-02T09:35:54Z,User27,CC11
E3132,Create PO (Batch),2024-09-02T09:35:54Z,User50,CC13
E3168,Create PO (Batch),2024-09-02T09:35:54Z,User50,CC10
E3358,Approve PR,2024-09-02T09:35:54Z,Manager10,CC10
E3406,Create PO (Batch),2024-09-02T09:35:55Z,User34,CC12
E3519,Approve PO,2024-09-02T09:35:55Z,Manager6,CC3
E3654,Approve PR,2024-09-02T09:35:55Z,Manager4,CC8
E3727,Create PO (Batch),2024-09-02T09:35:55Z,User34,CC17
E4234,Create PO,2024-09-02T09:35:55Z,User32,CC15
E4306,Create PO,2024-09-02T09:35:55Z,User43,CC17
E4460,Approve PO,2024-09-02T09:35:55Z,Manager3,CC2
E5180,Approve PR,2024-09-02T09:35:56Z,Manager1,CC12
E5355,Approve PO,2024-09-02T09:35:56Z,Manager1,CC8
E5662,Approve PR,2024-09-02T09:35:56Z,Manager1,CC8
E6206,Approve PR,2024-09-02T09:35:56Z,Manager2,CC6
E6299,Create PO (Batch),2024-09-02T09:35:56Z,User24,CC8
E6464,Approve PO,2024-09-02T09:35:56Z,Manager6,CC11
E6996,Approve PR,2024-09-02T09:35:57Z,Manager8,CC18
E7618,Create PO,2024-09-02T09:35:57Z,User41,CC7
E8145,Approve PR,2024-09-02T09:35:57Z,Manager7,CC6
E8192,Approve PR,2024-09-02T09:35:57Z,Manager3,CC2
E458,Approve PR,2024-09-02T09:36:53Z,Manager6,CC12
E739,Approve PR,2024-09-02T09:36:53Z,Manager2,CC2
E930,Send PO to Supplier,2024-09-02T09:36:53Z,User47,CC10
E957,Create PO,2024-09-02T09:36:53Z,User49,CC11
E1002,Create PO (Batch),2024-09-02T09:36:53Z,User33,CC2
E1914,Approve PO,2024-09-02T09:36:54Z,Manager3,CC11
E2912,Create PO (Batch),2024-09-02T09:36:54Z,User3,CC11
E3489,Create PO,2024-09-02T09:36:55Z,User48,CC19
E3546,Approve PO,2024-09-02T09:36:55Z,Manager2,CC18
E3691,Create PO,2024-09-02T09:36:55Z,User31,CC11
E4149,Create PO,2024-09-02T09:36:55Z,User48,CC3
E4855,Approve PR,2024-09-02T09:36:55Z,Manager9,CC4
E5207,Approve PR,2024-09-02T09:36:56Z,Manager8,CC14
E5540,Create PO (Batch),2024-09-02T09:36:56Z,User8,CC2
E5548,Approve PR,2024-09-02T09:36:56Z,Manager10,CC2
E5754,Approve PR,2024-09-02T09:36:56Z,Manager6,CC7
E5848,Approve PR,2024-09-02T09:36:56Z,Manager4,CC6
E5868,Approve PO,2024-09-02T09:36:56Z,Manager8,CC7
E6109,Create PO (Batch),2024-09-02T09:36:56Z,User3,CC7
E6649,Send PO to Supplier,2024-09-02T09:36:56Z,User3,CC3
E6917,Approve PO,2024-09-02T09:36:57Z,Manager7,CC19
E6960,Approve PR,2024-09-02T09:36:57Z,Manager10,CC15
E7017,Send PO to Supplier,2024-09-02T09:36:57Z,User37,CC7
E7185,Create PO (Batch),2024-09-02T09:36:57Z,User31,CC3
E7433,Approve PO,2024-09-02T09:36:57Z,Manager6,CC18
E7829,Create PO (Batch),2024-09-02T09:36:57Z,User8,CC16
E7840,Send PO to Supplier,2024-09-02T09:36:57Z,User11,CC16
E7963,Approve PR,2024-09-02T09:36:57Z,Manager5,CC17
E441,Create PO,2024-09-02T09:37:53Z,User45,CC14
E775,Approve PR,2024-09-02T09:37:53Z,Manager7,CC18
E1241,Approve PR,2024-09-02T09:37:53Z,Manager9,CC6
E1277,Approve PR,2024-09-02T09:37:53Z,Manager4,CC12
E1306,Approve PO,2024-09-02T09:37:53Z,Manager9,CC4
E1941,Approve PR,2024-09-02T09:37:54Z,Manager6,CC15
E2100,Create PO,2024-09-02T09:37:54Z,User40,CC8
E2149,Send PO to Supplier,2024-09-02T09:37:54Z,User23,CC8
E2359,Approve PO,2024-09-02T09:37:54Z,Manager10,CC14
E2384,Approve PR,2024-09-02T09:37:54Z,Manager5,CC8
E2460,Approve PO,2024-09-02T09:37:54Z,Manager1,CC9
E2781,Approve PO,2024-09-02T09:37:54Z,Manager7,CC9
E3068,Approve PR,2024-09-02T09:37:54Z,Manager9,CC13
E4185,Create PO,2024-09-02T09:37:55Z,User25,CC15
E4223,Create PO,2024-09-02T09:37:55Z,User16,CC20
E5126,Approve PO,2024-09-02T09:37:55Z,Manager8,CC8
E5391,Approve PO,2024-09-02T09:37:56Z,Manager3,CC20
E5497,Send PO to Supplier,2024-09-02T09:37:56Z,User49,CC16
E5654,Create PO (Batch),2024-09-02T09:37:56Z,User6,CC9
E5718,Approve PR,2024-09-02T09:37:56Z,Manager4,CC2
E6235,Approve PO,2024-09-02T09:37:56Z,Manager9,CC15
E6409,Create PO (Batch),2024-09-02T09:37:56Z,User37,CC17
E6554,Approve PO,2024-09-02T09:37:56Z,Manager5,CC9
E7506,Create PO (Batch),2024-09-02T09:37:57Z,User40,CC8
E7830,Approve PO,2024-09-02T09:37:57Z,Manager3,CC12
E8027,Create PO,2024-09-02T09:37:57Z,User5,CC8
E8213,Create PO,2024-09-02T09:37:57Z,User18,CC20
E4,Approve PO,2024-09-02T09:38:53Z,Manager3,CC19
E550,Approve PR,2024-09-02T09:38:53Z,Manager2,CC14
E1140,Approve PR,2024-09-02T09:38:53Z,Manager1,CC5
E1439,Approve PR,2024-09-02T09:38:53Z,Manager1,CC20
E1514,Create PO,2024-09-02T09:38:54Z,User22,CC14
E1740,Send PO to Supplier,2024-09-02T09:38:54Z,User44,CC14
E1775,Approve PO,2024-09-02T09:38:54Z,Manager2,CC9
E2283,Approve PO,2024-09-02T09:38:54Z,Manager3,CC7
E2314,Approve PO,2024-09-02T09:38:54Z,Manager4,CC10
E2486,Create PO,2024-09-02T09:38:54Z,User37,CC14
E2573,Send PO to Supplier,2024-09-02T09:38:54Z,User10,CC19
E2754,Approve PO,2024-09-02T09:38:54Z,Manager7,CC17
E3007,Approve PO,2024-09-02T09:38:54Z,Manager5,CC15
E3053,Send PO to Supplier,2024-09-02T09:38:54Z,User22,CC6
E3563,Create PO (Batch),2024-09-02T09:38:55Z,User33,CC16
E3648,Send PO to Supplier,2024-09-02T09:38:55Z,User11,CC13
E3674,Approve PO,2024-09-02T09:38:55Z,Manager6,CC20
E3744,Approve PR,2024-09-02T09:38:55Z,Manager8,CC7
E3816,Approve PR,2024-09-02T09:38:55Z,Manager6,CC14
E5234,Approve PR,2024-09-02T09:38:56Z,Manager7,CC4
E5289,Create PO (Batch),2024-09-02T09:38:56Z,User11,CC5
E5445,Approve PO,2024-09-02T09:38:56Z,Manager7,CC2
E5970,Create PO,2024-09-02T09:38:56Z,User7,CC19
E6060,Create PO,2024-09-02T09:38:56Z,User10,CC1
E6280,Approve PR,2024-09-02T09:38:56Z,Manager6,CC9
E6418,Create PO (Batch),2024-09-02T09:38:56Z,User50,CC1
E6620,Create PO (Batch),2024-09-02T09:38:56Z,User10,CC15
E6871,Create PO (Batch),2024-09-02T09:38:56Z,User34,CC10
E6997,Create PO (Batch),2024-09-02T09:38:57Z,User17,CC14
E7248,Create PO (Batch),2024-09-02T09:38:57Z,User49,CC14
E7259,Create PO (Batch),2024-09-02T09:38:57Z,User28,CC18
E66,Create PO (Batch),2024-09-02T09:39:53Z,User46,CC3
E140,Create PO,2024-09-02T09:39:53Z,User9,CC2
E505,Approve PR,2024-09-02T09:39:53Z,Manager5,CC3
E541,Approve PR,2024-09-02T09:39:53Z,Manager10,CC5
E1295,Approve PR,2024-09-02T09:39:53Z,Manager8,CC6
E1486,Approve PR,2024-09-02T09:39:54Z,Manager9,CC13
E2081,Approve PR,2024-09-02T09:39:54Z,Manager5,CC6
E2256,Approve PO,2024-09-02T09:39:54Z,Manager6,CC16
E2495,Create PO (Batch),2024-09-02T09:39:54Z,User16,CC5
E2683,Send PO to Supplier,2024-09-02T09:39:54Z,User23,CC12
E2985,Approve PR,2024-09-02T09:39:54Z,Manager7,CC12
E3204,Create PO,2024-09-02T09:39:54Z,User8,CC19
E3222,Create PO (Batch),2024-09-02T09:39:54Z,User16,CC10
E3478,Create PO (Batch),2024-09-02T09:39:55Z,User10,CC3
E3664,Create PO (Batch),2024-09-02T09:39:55Z,User4,CC11
E3854,Approve PO,2024-09-02T09:39:55Z,Manager2,CC3
E3862,Create PO (Batch),2024-09-02T09:39:55Z,User18,CC3
E4039,Create PO (Batch),2024-09-02T09:39:55Z,User11,CC8
E4058,Approve PO,2024-09-02T09:39:55Z,Manager1,CC11
E4422,Approve PR,2024-09-02T09:39:55Z,Manager5,CC1
E4629,Reject PR,2024-09-02T09:39:55Z,Manager4,CC4
E4661,Create PO (Batch),2024-09-02T09:39:55Z,User27,CC20
E5091,Send PO to Supplier,2024-09-02T09:39:55Z,User39,CC5
E5318,Create PO (Batch),2024-09-02T09:39:56Z,User3,CC12
E5478,Approve PO,2024-09-02T09:39:56Z,Manager9,CC18
E5616,Create PO (Batch),2024-09-02T09:39:56Z,User35,CC8
E5737,Create PO (Batch),2024-09-02T09:39:56Z,User38,CC4
E5805,Approve PO,2024-09-02T09:39:56Z,Manager6,CC12
E5952,Send PO to Supplier,2024-09-02T09:39:56Z,User34,CC3
E6199,Approve PO,2024-09-02T09:39:56Z,Manager3,CC8
E6842,Create PO (Batch),2024-09-02T09:39:56Z,User45,CC19
E6888,Approve PR,2024-09-02T09:39:56Z,Manager5,CC16
E8127,Approve PR,2024-09-02T09:39:57Z,Manager9,CC9
E8210,Reject PR,2024-09-02T09:39:57Z,Manager7,CC5
E8242,Send PO to Supplier,2024-09-02T09:39:57Z,User3,CC15
E8294,Create PO,2024-09-02T09:39:57Z,User46,CC16
E322,Send PO to Supplier,2024-09-02T09:40:53Z,User10,CC5
E879,Create PO,2024-09-02T09:40:53Z,User40,CC20
E1077,Approve PO,2024-09-02T09:40:53Z,Manager1,CC19
E1152,Create PO (Batch),2024-09-02T09:40:53Z,User21,CC15
E1359,Create PO,2024-09-02T09:40:53Z,User49,CC6
E1559,Create PO,2024-09-02T09:40:54Z,User19,CC17
E1868,Create PO (Batch),2024-09-02T09:40:54Z,User4,CC2
E1876,Approve PR,2024-09-02T09:40:54Z,Manager9,CC17
E2322,Create PO,2024-09-02T09:40:54Z,User23,CC8
E2886,Approve PO,2024-09-02T09:40:54Z,Manager3,CC11
E2894,Create PO (Batch),2024-09-02T09:40:54Z,User4,CC19
E2940,Approve PO,2024-09-02T09:40:54Z,Manager10,CC4
E3097,Approve PO,2024-09-02T09:40:54Z,Manager5,CC13
E3636,Approve PO,2024-09-02T09:40:55Z,Manager1,CC6
E3709,Create PO (Batch),2024-09-02T09:40:55Z,User20,CC10
E3962,Approve PR,2024-09-02T09:40:55Z,Manager7,CC7
E4387,Create PO,2024-09-02T09:40:55Z,User9,CC18
E4735,Send PO to Supplier,2024-09-02T09:40:55Z,User24,CC4
E4782,Create PO,2024-09-02T09:40:55Z,User19,CC16
E5018,Approve PO,2024-09-02T09:40:55Z,Manager6,CC1
E5109,Send PO to Supplier,2024-09-02T09:40:55Z,User8,CC18
E5381,Create PO,2024-09-02T09:40:56Z,User29,CC2
E5455,Send PO to Supplier,2024-09-02T09:40:56Z,User15,CC6
E5711,Approve PO,2024-09-02T09:40:56Z,Manager8,CC7
E5728,Create PO,2024-09-02T09:40:56Z,User22,CC15
E6014,Approve PR,2024-09-02T09:40:56Z,Manager5,CC19
E6608,Reject PR,2024-09-02T09:40:56Z,Manager5,CC3
E6756,Approve PR,2024-09-02T09:40:56Z,Manager4,CC10
E6805,Approve PO,2024-09-02T09:40:56Z,Manager2,CC7
E7324,Create PO (Batch),2024-09-02T09:40:57Z,User45,CC17
E7342,Create PO,2024-09-02T09:40:57Z,User41,CC17
E7533,Create PO (Batch),2024-09-02T09:40:57Z,User35,CC3
E7704,Approve PO,2024-09-02T09:40:57Z,Manager4,CC15
E7765,Approve PR,2024-09-02T09:40:57Z,Manager3,CC4
E8038,Send PO to Supplier,2024-09-02T09:40:57Z,User39,CC7
E8065,Send PO to Supplier,2024-09-02T09:40:57Z,User48,CC3
E168,Approve PO,2024-09-02T09:41:53Z,Manager6,CC6
E339,Approve PO,2024-09-02T09:41:53Z,Manager7,CC16
E368,Approve PR,2024-09-02T09:41:53Z,Manager4,CC13
E588,Approve PO,2024-09-02T09:41:53Z,Manager10,CC10
E759,Approve PO,2024-09-02T09:41:53Z,Manager4,CC16
E897,Create PO (Batch),2024-09-02T09:41:53Z,User26,CC14
E1114,Create PO (Batch),2024-09-02T09:41:53Z,User29,CC18
E1170,Create PO (Batch),2024-09-02T09:41:53Z,User27,CC15
E1278,Create PO (Batch),2024-09-02T09:41:53Z,User31,CC11
E1385,Approve PR,2024-09-02T09:41:53Z,Manager2,CC16
E1595,Create PO,2024-09-02T09:41:54Z,User10,CC9
E1784,Approve PO,2024-09-02T09:41:54Z,Manager1,CC16
E2451,Approve PO,2024-09-02T09:41:54Z,Manager6,CC3
E2673,Approve PO,2024-09-02T09:41:54Z,Manager2,CC11
E2710,Send PO to Supplier,2024-09-02T09:41:54Z,User32,CC5
E2969,Approve PO,2024-09-02T09:41:54Z,Manager10,CC17
E3547,Send PO to Supplier,2024-09-02T09:41:55Z,User4,CC16
E3951,Reject PR,2024-09-02T09:41:55Z,Manager1,CC7
E4288,Create PO,2024-09-02T09:41:55Z,User40,CC16
E4743,Approve PO,2024-09-02T09:41:55Z,Manager8,CC4
E5989,Approve PO,2024-09-02T09:41:56Z,Manager8,CC4
E6281,Create PO (Batch),2024-09-02T09:41:56Z,User35,CC7
E6455,Approve PO,2024-09-02T09:41:56Z,Manager2,CC18
E6926,Approve PO,2024-09-02T09:41:57Z,Manager1,CC12
E6961,Create PO,2024-09-02T09:41:57Z,User47,CC5
E7305,Approve PR,2024-09-02T09:41:57Z,Manager7,CC17
E7378,Create PO,2024-09-02T09:41:57Z,User19,CC11
E7405,Create PO,2024-09-02T09:41:57Z,User17,CC9
E7416,Send PO to Supplier,2024-09-02T09:41:57Z,User50,CC18
E7648,Approve PO,2024-09-02T09:41:57Z,Manager10,CC8
E7783,Approve PR,2024-09-02T09:41:57Z,Manager2,CC20
E8231,Create PO,2024-09-02T09:41:57Z,User13,CC11
E8278,Send PO to Supplier,2024-09-02T09:41:57Z,User13,CC3
E130,Approve PO,2024-09-02T09:42:53Z,Manager8,CC2
E950,Send PO to Supplier,2024-09-02T09:42:53Z,User41,CC4
E1604,Create PO (Batch),2024-09-02T09:42:54Z,User49,CC16
E2130,Approve PO,2024-09-02T09:42:54Z,Manager2,CC7
E2247,Approve PO,2024-09-02T09:42:54Z,Manager9,CC5
E2351,Send PO to Supplier,2024-09-02T09:42:54Z,User14,CC17
E2823,Approve PO,2024-09-02T09:42:54Z,Manager2,CC19
E3322,Approve PR,2024-09-02T09:42:54Z,Manager4,CC7
E3351,Approve PO,2024-09-02T09:42:54Z,Manager3,CC13
E3415,Create PO,2024-09-02T09:42:55Z,User47,CC7
E3835,Create PO (Batch),2024-09-02T09:42:55Z,User22,CC3
E4405,Create PO (Batch),2024-09-02T09:42:55Z,User6,CC10
E4431,Approve PR,2024-09-02T09:42:55Z,Manager1,CC15
E4522,Create PO,2024-09-02T09:42:55Z,User21,CC9
E4773,Send PO to Supplier,2024-09-02T09:42:55Z,User5,CC15
E4818,Create PO,2024-09-02T09:42:55Z,User27,CC11
E5161,Create PO (Batch),2024-09-02T09:42:56Z,User10,CC10
E5625,Create PO,2024-09-02T09:42:56Z,User48,CC16
E5719,Create PO,2024-09-02T09:42:56Z,User37,CC19
E6050,Approve PR,2024-09-02T09:42:56Z,Manager8,CC12
E6338,Approve PO,2024-09-02T09:42:56Z,Manager8,CC8
E6345,Approve PR,2024-09-02T09:42:56Z,Manager5,CC3
E6712,Create PO (Batch),2024-09-02T09:42:56Z,User14,CC9
E7035,Create PO,2024-09-02T09:42:57Z,User50,CC17
E7241,Send PO to Supplier,2024-09-02T09:42:57Z,User18,CC18
E7334,Approve PO,2024-09-02T09:42:57Z,Manager7,CC14
E7657,Approve PO,2024-09-02T09:42:57Z,Manager7,CC5
E7909,Approve PR,2024-09-02T09:42:57Z,Manager8,CC9
E7937,Create PO,2024-09-02T09:42:57Z,User20,CC10
E213,Approve PO,2024-09-02T09:43:53Z,Manager6,CC19
E220,Approve PR,2024-09-02T09:43:53Z,Manager2,CC18
E468,Create PO (Batch),2024-09-02T09:43:53Z,User46,CC11
E506,Create PO (Batch),2024-09-02T09:43:53Z,User5,CC14
E597,Approve PO,2024-09-02T09:43:53Z,Manager8,CC1
E623,Create PO,2024-09-02T09:43:53Z,User25,CC8
E749,Create PO,2024-09-02T09:43:53Z,User48,CC20
E984,Create PO (Batch),2024-09-02T09:43:53Z,User10,CC11
E1180,Approve PO,2024-09-02T09:43:53Z,Manager9,CC9
E1296,Create PO (Batch),2024-09-02T09:43:53Z,User1,CC16
E1858,Approve PR,2024-09-02T09:43:54Z,Manager9,CC2
E1951,Create PO (Batch),2024-09-02T09:43:54Z,User7,CC15
E2122,Send PO to Supplier,2024-09-02T09:43:54Z,User27,CC11
E2526,Create PO (Batch),2024-09-02T09:43:54Z,User48,CC14
E2876,Create PO (Batch),2024-09-02T09:43:54Z,User35,CC6
E3452,Approve PO,2024-09-02T09:43:55Z,Manager6,CC10
E3963,Create PO,2024-09-02T09:43:55Z,User16,CC11
E4130,Approve PO,2024-09-02T09:43:55Z,Manager2,CC5
E4137,Reject PR,2024-09-02T09:43:55Z,Manager6,CC1
E4202,Approve PR,2024-09-02T09:43:55Z,Manager9,CC1
E4214,Create PO (Batch),2024-09-02T09:43:55Z,User9,CC8
E4612,Create PO,2024-09-02T09:43:55Z,User25,CC13
E4633,Approve PO,2024-09-02T09:43:55Z,Manager10,CC16
E4654,Send PO to Supplier,2024-09-02T09:43:55Z,User32,CC9
E4809,Create PO (Batch),2024-09-02T09:43:55Z,User17,CC16
E6319,Create PO (Batch),2024-09-02T09:43:56Z,User31,CC7
E6419,Approve PO,2024-09-02T09:43:56Z,Manager6,CC1
E6564,Send PO to Supplier,2024-09-02T09:43:56Z,User28,CC9
E6588,Reject PR,2024-09-02T09:43:56Z,Manager9,CC5
E6927,Send PO to Supplier,2024-09-02T09:43:57Z,User40,CC1
E6934,Create PO,2024-09-02T09:43:57Z,User36,CC3
E7203,Create PO,2024-09-02T09:43:57Z,User12,CC17
E7628,Approve PR,2024-09-02T09:43:57Z,Manager5,CC18
E7831,Send PO to Supplier,2024-09-02T09:43:57Z,User41,CC4
E8214,Approve PO,2024-09-02T09:43:57Z,Manager2,CC2
E8222,Create PO,2024-09-02T09:43:57Z,User50,CC15
E74,Approve PR,2024-09-02T09:44:53Z,Manager7,CC5
E84,Create PO,2024-09-02T09:44:53Z,User30,CC12
E660,Approve PO,2024-09-02T09:44:53Z,Manager8,CC6
E994,Approve PO,2024-09-02T09:44:53Z,Manager5,CC13
E2156,Create PO (Batch),2024-09-02T09:44:54Z,User19,CC1
E2404,Approve PO,2024-09-02T09:44:54Z,Manager3,CC19
E2508,Create PO,2024-09-02T09:44:54Z,User20,CC16
E3150,Create PO,2024-09-02T09:44:54Z,User47,CC4
E3241,Approve PO,2024-09-02T09:44:54Z,Manager4,CC10
E3352,Send PO to Supplier,2024-09-02T09:44:54Z,User49,CC12
E3528,Approve PO,2024-09-02T09:44:55Z,Manager8,CC5
E4007,Reject PR,2024-09-02T09:44:55Z,Manager5,CC17
E4011,Approve PR,2024-09-02T09:44:55Z,Manager1,CC1
E4478,Approve PO,2024-09-02T09:44:55Z,Manager1,CC13
E4486,Create PO,2024-09-02T09:44:55Z,User31,CC11
E4697,Create PO,2024-09-02T09:44:55Z,User6,CC14
E4810,Approve PO,2024-09-02T09:44:55Z,Manager2,CC9
E4889,Send PO to Supplier,2024-09-02T09:44:55Z,User14,CC9
E5026,Create PO (Batch),2024-09-02T09:44:55Z,User19,CC1
E5200,Approve PO,2024-09-02T09:44:56Z,Manager6,CC10
E5244,Create PO,2024-09-02T09:44:56Z,User13,CC16
E5356,Send PO to Supplier,2024-09-02T09:44:56Z,User15,CC11
E5821,Approve PR,2024-09-02T09:44:56Z,Manager8,CC16
E5911,Approve PR,2024-09-02T09:44:56Z,Manager7,CC12
E6544,Create PO,2024-09-02T09:44:56Z,User38,CC13
E6741,Send PO to Supplier,2024-09-02T09:44:56Z,User33,CC20
E7295,Create PO,2024-09-02T09:44:57Z,User16,CC4
E7406,Approve PO,2024-09-02T09:44:57Z,Manager6,CC4
E7441,Create PO (Batch),2024-09-02T09:44:57Z,User20,CC4
E8257,Approve PR,2024-09-02T09:44:57Z,Manager5,CC8
E141,Approve PO,2024-09-02T09:45:53Z,Manager8,CC20
E275,Create PO (Batch),2024-09-02T09:45:53Z,User20,CC3
E413,Approve PR,2024-09-02T09:45:53Z,Manager1,CC11
E497,Create PO,2024-09-02T09:45:53Z,User36,CC10
E731,Create PO (Batch),2024-09-02T09:45:53Z,User13,CC19
E794,Create PO,2024-09-02T09:45:53Z,User48,CC16
E1078,Send PO to Supplier,2024-09-02T09:45:53Z,User35,CC5
E1104,Approve PO,2024-09-02T09:45:53Z,Manager1,CC3
E1181,Send PO to Supplier,2024-09-02T09:45:53Z,User35,CC15
E1710,Approve PR,2024-09-02T09:45:54Z,Manager4,CC6
E3078,Create PO (Batch),2024-09-02T09:45:54Z,User12,CC4
E3755,Approve PO,2024-09-02T09:45:55Z,Manager5,CC17
E3972,Create PO,2024-09-02T09:45:55Z,User23,CC13
E4451,Approve PO,2024-09-02T09:45:55Z,Manager2,CC13
E4744,Send PO to Supplier,2024-09-02T09:45:55Z,User45,CC12
E4752,Approve PO,2024-09-02T09:45:55Z,Manager3,CC10
E4826,Approve PR,2024-09-02T09:45:55Z,Manager4,CC17
E4997,Create PO (Batch),2024-09-02T09:45:55Z,User14,CC14
E5371,Approve PR,2024-09-02T09:45:56Z,Manager3,CC10
E5408,Create PO (Batch),2024-09-02T09:45:56Z,User10,CC16
E5701,Create PO,2024-09-02T09:45:56Z,User29,CC13
E6080,Create PO (Batch),2024-09-02T09:45:56Z,User23,CC6
E6163,Approve PO,2024-09-02T09:45:56Z,Manager4,CC20
E6677,Approve PO,2024-09-02T09:45:56Z,Manager6,CC6
E7221,Create PO (Batch),2024-09-02T09:45:57Z,User10,CC16
E7459,Create PO (Batch),2024-09-02T09:45:57Z,User25,CC1
E7552,Approve PO,2024-09-02T09:45:57Z,Manager9,CC18
E7685,Create PO (Batch),2024-09-02T09:45:57Z,User10,CC12
E7847,Create PO,2024-09-02T09:45:57Z,User50,CC14
E8010,Approve PO,2024-09-02T09:45:57Z,Manager9,CC4
E8249,Create PO (Batch),2024-09-02T09:45:57Z,User30,CC1
E11,Approve PR,2024-09-02T09:46:53Z,Manager5,CC10
E569,Create PO,2024-09-02T09:46:53Z,User49,CC20
E624,Approve PO,2024-09-02T09:46:53Z,Manager4,CC2
E767,Create PO (Batch),2024-09-02T09:46:53Z,User15,CC8
E1406,Send PO to Supplier,2024-09-02T09:46:53Z,User44,CC18
E1631,Create PO,2024-09-02T09:46:54Z,User9,CC13
E1679,Approve PO,2024-09-02T09:46:54Z,Manager9,CC20
E1832,Create PO (Batch),2024-09-02T09:46:54Z,User50,CC10
E1896,Approve PO,2024-09-02T09:46:54Z,Manager7,CC6
E2257,Send PO to Supplier,2024-09-02T09:46:54Z,User36,CC4
E2366,Approve PR,2024-09-02T09:46:54Z,Manager9,CC14
E2396,Send PO to Supplier,2024-09-02T09:46:54Z,User2,CC14
E2420,Approve PR,2024-09-02T09:46:54Z,Manager6,CC11
E2431,Approve PO,2024-09-02T09:46:54Z,Manager6,CC9
E2638,Send PO to Supplier,2024-09-02T09:46:54Z,User36,CC18
E2755,Send PO to Supplier,2024-09-02T09:46:54Z,User25,CC19
E2771,Create PO (Batch),2024-09-02T09:46:54Z,User32,CC1
E2867,Create PO (Batch),2024-09-02T09:46:54Z,User1,CC1
E2996,Approve PR,2024-09-02T09:46:54Z,Manager3,CC18
E3088,Approve PO,2024-09-02T09:46:54Z,Manager9,CC6
E3260,Create PO (Batch),2024-09-02T09:46:54Z,User17,CC19
E3790,Create PO,2024-09-02T09:46:55Z,User9,CC7
E3845,Approve PO,2024-09-02T09:46:55Z,Manager7,CC11
E3980,Approve PR,2024-09-02T09:46:55Z,Manager5,CC1
E4557,Approve PR,2024-09-02T09:46:55Z,Manager5,CC17
E4753,Send PO to Supplier,2024-09-02T09:46:55Z,User21,CC19
E5071,Create PO (Batch),2024-09-02T09:46:55Z,User15,CC11
E5607,Create PO (Batch),2024-09-02T09:46:56Z,User19,CC17
E5729,Approve PO,2024-09-02T09:46:56Z,Manager3,CC2
E5793,Create PO,2024-09-02T09:46:56Z,User25,CC20
E5903,Create PO,2024-09-02T09:46:56Z,User8,CC17
E6355,Create PO (Batch),2024-09-02T09:46:56Z,User47,CC20
E6935,Approve PO,2024-09-02T09:46:57Z,Manager3,CC11
E7720,Approve PR,2024-09-02T09:46:57Z,Manager6,CC10
E489,Approve PO,2024-09-02T09:47:53Z,Manager4,CC17
E1642,Create PO,2024-09-02T09:47:54Z,User40,CC14
E1933,Create PO (Batch),2024-09-02T09:47:54Z,User35,CC19
E2044,Create PO,2024-09-02T09:47:54Z,User31,CC7
E2055,Send PO to Supplier,2024-09-02T09:47:54Z,User5,CC12
E2441,Create PO,2024-09-02T09:47:54Z,User16,CC9
E2516,Approve PR,2024-09-02T09:47:54Z,Manager4,CC18
E2619,Approve PO,2024-09-02T09:47:54Z,Manager10,CC16
E2763,Approve PO,2024-09-02T09:47:54Z,Manager4,CC4
E2877,Approve PO,2024-09-02T09:47:54Z,Manager1,CC3
E2970,Send PO to Supplier,2024-09-02T09:47:54Z,User44,CC16
E3042,Create PO,2024-09-02T09:47:54Z,User38,CC16
E4141,Approve PO,2024-09-02T09:47:55Z,Manager3,CC14
E4326,Send PO to Supplier,2024-09-02T09:47:55Z,User47,CC14
E5446,Send PO to Supplier,2024-09-02T09:47:56Z,User39,CC10
E5947,Reject PR,2024-09-02T09:47:56Z,Manager8,CC13
E6182,Send PO to Supplier,2024-09-02T09:47:56Z,User48,CC9
E6253,Approve PO,2024-09-02T09:47:56Z,Manager7,CC4
E6581,Approve PO,2024-09-02T09:47:56Z,Manager1,CC15
E6613,Send PO to Supplier,2024-09-02T09:47:56Z,User9,CC10
E7542,Create PO,2024-09-02T09:47:57Z,User26,CC3
E7820,Create PO,2024-09-02T09:47:57Z,User32,CC15
E8074,Create PO,2024-09-02T09:47:57Z,User48,CC8
E8285,Create PO (Batch),2024-09-02T09:47:57Z,User29,CC5
E22,Approve PO,2024-09-02T09:48:53Z,Manager2,CC7
E30,Create PO,2024-09-02T09:48:53Z,User24,CC2
E93,Create PO (Batch),2024-09-02T09:48:53Z,User31,CC15
E422,Approve PR,2024-09-02T09:48:53Z,Manager9,CC7
E542,Create PO,2024-09-02T09:48:53Z,User23,CC20
E551,Create PO,2024-09-02T09:48:53Z,User28,CC16
E614,Create PO (Batch),2024-09-02T09:48:53Z,User18,CC6
E669,Approve PO,2024-09-02T09:48:53Z,Manager9,CC8
E1242,Create PO,2024-09-02T09:48:53Z,User45,CC13
E1686,Approve PR,2024-09-02T09:48:54Z,Manager9,CC15
E3737,Approve PO,2024-09-02T09:48:55Z,Manager8,CC18
E3925,Create PO,2024-09-02T09:48:55Z,User26,CC7
E4539,Approve PR,2024-09-02T09:48:55Z,Manager8,CC5
E4846,Approve PR,2024-09-02T09:48:55Z,Manager5,CC11
E5190,Create PO,2024-09-02T09:48:56Z,User7,CC3
E5522,Create PO (Batch),2024-09-02T09:48:56Z,User45,CC10
E5773,Create PO (Batch),2024-09-02T09:48:56Z,User34,CC20
E6143,Approve PO,2024-09-02T09:48:56Z,Manager1,CC13
E6218,Send PO to Supplier,2024-09-02T09:48:56Z,User31,CC6
E6346,Create PO,2024-09-02T09:48:56Z,User46,CC19
E6390,Approve PR,2024-09-02T09:48:56Z,Manager7,CC9
E7064,Send PO to Supplier,2024-09-02T09:48:57Z,User39,CC15
E7296,Approve PO,2024-09-02T09:48:57Z,Manager7,CC19
E7369,Create PO (Batch),2024-09-02T09:48:57Z,User32,CC11
E7714,Send PO to Supplier,2024-09-02T09:48:57Z,User30,CC13
E94,Approve PO,2024-09-02T09:49:53Z,Manager6,CC7
E221,Create PO,2024-09-02T09:49:53Z,User40,CC12
E406,Approve PO,2024-09-02T09:49:53Z,Manager7,CC20
E559,Approve PR,2024-09-02T09:49:53Z,Manager3,CC15
E1068,Approve PO,2024-09-02T09:49:53Z,Manager10,CC17
E1206,Create PO,2024-09-02T09:49:53Z,User14,CC15
E1412,Approve PR,2024-09-02T09:49:53Z,Manager8,CC4
E1972,Approve PO,2024-09-02T09:49:54Z,Manager9,CC19
E2082,Create PO,2024-09-02T09:49:54Z,User47,CC17
E2165,Create PO (Batch),2024-09-02T09:49:54Z,User13,CC17
E2315,Send PO to Supplier,2024-09-02T09:49:54Z,User14,CC1
E3389,Approve PO,2024-09-02T09:49:55Z,Manager10,CC20
E3442,Create PO,2024-09-02T09:49:55Z,User45,CC2
E4084,Create PO (Batch),2024-09-02T09:49:55Z,User27,CC3
E4271,Approve PO,2024-09-02T09:49:55Z,Manager7,CC17
E4540,Create PO (Batch),2024-09-02T09:49:55Z,User46,CC20
E5127,Send PO to Supplier,2024-09-02T09:49:55Z,User29,CC20
E5365,Send PO to Supplier,2024-09-02T09:49:56Z,User23,CC20
E5663,Create PO,2024-09-02T09:49:56Z,User38,CC1
E5840,Create PO (Batch),2024-09-02T09:49:56Z,User4,CC19
E6190,Approve PO,2024-09-02T09:49:56Z,Manager8,CC20
E6320,Approve PO,2024-09-02T09:49:56Z,Manager1,CC14
E6391,Create PO (Batch),2024-09-02T09:49:56Z,User23,CC4
E6499,Create PO,2024-09-02T09:49:56Z,User31,CC15
E6657,Approve PO,2024-09-02T09:49:56Z,Manager5,CC7
E6880,Create PO,2024-09-02T09:49:56Z,User9,CC2
E6952,Create PO,2024-09-02T09:49:57Z,User4,CC15
E7156,Create PO,2024-09-02T09:49:57Z,User33,CC16
E7230,Create PO (Batch),2024-09-02T09:49:57Z,User14,CC8
E7478,Approve PO,2024-09-02T09:49:57Z,Manager5,CC2
E7486,Create PO (Batch),2024-09-02T09:49:57Z,User2,CC1
E7739,Create PO (Batch),2024-09-02T09:49:57Z,User28,CC7
E7983,Approve PO,2024-09-02T09:49:57Z,Manager10,CC9
E58,Approve PO,2024-09-02T09:50:53Z,Manager2,CC15
E976,Approve PO,2024-09-02T09:50:53Z,Manager9,CC5
E1235,Send PO to Supplier,2024-09-02T09:50:53Z,User10,CC2
E1251,Create PO (Batch),2024-09-02T09:50:53Z,User26,CC10
E1478,Create PO,2024-09-02T09:50:54Z,User19,CC15
E1515,Approve PO,2024-09-02T09:50:54Z,Manager10,CC17
E1821,Create PO (Batch),2024-09-02T09:50:54Z,User29,CC17
E2432,Send PO to Supplier,2024-09-02T09:50:54Z,User7,CC20
E2929,Approve PR,2024-09-02T09:50:54Z,Manager8,CC14
E3142,Approve PO,2024-09-02T09:50:54Z,Manager6,CC11
E3380,Approve PO,2024-09-02T09:50:55Z,Manager3,CC10
E3572,Create PO,2024-09-02T09:50:55Z,User21,CC1
E3781,Create PO (Batch),2024-09-02T09:50:55Z,User2,CC12
E3880,Create PO,2024-09-02T09:50:55Z,User29,CC17
E4708,Send PO to Supplier,2024-09-02T09:50:55Z,User25,CC15
E5419,Send PO to Supplier,2024-09-02T09:50:56Z,User1,CC11
E5586,Approve PR,2024-09-02T09:50:56Z,Manager8,CC15
E5626,Approve PO,2024-09-02T09:50:56Z,Manager9,CC13
E6110,Approve PO,2024-09-02T09:50:56Z,Manager4,CC8
E6300,Approve PO,2024-09-02T09:50:56Z,Manager7,CC3
E6364,Create PO (Batch),2024-09-02T09:50:56Z,User18,CC3
E6445,Create PO,2024-09-02T09:50:56Z,User31,CC15
E6723,Send PO to Supplier,2024-09-02T09:50:56Z,User31,CC12
E6944,Approve PO,2024-09-02T09:50:57Z,Manager6,CC5
E7026,Create PO (Batch),2024-09-02T09:50:57Z,User14,CC15
E7055,Send PO to Supplier,2024-09-02T09:50:57Z,User37,CC15
E7883,Create PO (Batch),2024-09-02T09:50:57Z,User35,CC13
E8165,Approve PR,2024-09-02T09:50:57Z,Manager7,CC11
E231,Approve PO,2024-09-02T09:51:53Z,Manager1,CC1
E1497,Approve PO,2024-09-02T09:51:54Z,Manager9,CC3
E1651,Create PO (Batch),2024-09-02T09:51:54Z,User27,CC8
E2091,Create PO (Batch),2024-09-02T09:51:54Z,User16,CC15
E3315,Approve PO,2024-09-02T09:51:54Z,Manager10,CC3
E3443,Approve PO,2024-09-02T09:51:55Z,Manager4,CC6
E4040,Approve PO,2024-09-02T09:51:55Z,Manager6,CC20
E4263,Send PO to Supplier,2024-09-02T09:51:55Z,User43,CC11
E4914,Create PO,2024-09-02T09:51:55Z,User1,CC14
E5063,Approve PO,2024-09-02T09:51:55Z,Manager8,CC5
E5437,Send PO to Supplier,2024-09-02T09:51:56Z,User25,CC2
E5876,Create PO (Batch),2024-09-02T09:51:56Z,User18,CC19
E5920,Approve PR,2024-09-02T09:51:56Z,Manager9,CC10
E6072,Approve PO,2024-09-02T09:51:56Z,Manager1,CC20
E6111,Send PO to Supplier,2024-09-02T09:51:56Z,User27,CC13
E6308,Create PO (Batch),2024-09-02T09:51:56Z,User10,CC8
E6519,Send PO to Supplier,2024-09-02T09:51:56Z,User46,CC18
E6898,Create PO,2024-09-02T09:51:56Z,User29,CC1
E7639,Approve PO,2024-09-02T09:51:57Z,Manager4,CC18
E7658,Send PO to Supplier,2024-09-02T09:51:57Z,User31,CC9
E7928,Create PO (Batch),2024-09-02T09:51:57Z,User16,CC20
E7955,Create PO,2024-09-02T09:51:57Z,User5,CC6
E8118,Approve PR,2024-09-02T09:51:57Z,Manager9,CC1
E8268,Approve PO,2024-09-02T09:51:57Z,Manager2,CC20
E40,Approve PO,2024-09-02T09:52:53Z,Manager3,CC13
E347,Create PO,2024-09-02T09:52:53Z,User35,CC6
E1622,Create PO,2024-09-02T09:52:54Z,User9,CC6
E2228,Create PO,2024-09-02T09:52:54Z,User8,CC9
E2470,Send PO to Supplier,2024-09-02T09:52:54Z,User30,CC17
E2645,Create PO (Batch),2024-09-02T09:52:54Z,User16,CC13
E2986,Create PO (Batch),2024-09-02T09:52:54Z,User9,CC7
E3025,Approve PO,2024-09-02T09:52:54Z,Manager9,CC2
E3179,Send PO to Supplier,2024-09-02T09:52:54Z,User31,CC17
E3435,Send PO to Supplier,2024-09-02T09:52:55Z,User9,CC9
E4047,Approve PR,2024-09-02T09:52:55Z,Manager1,CC3
E4067,Approve PO,2024-09-02T09:52:55Z,Manager1,CC11
E4085,Approve PO,2024-09-02T09:52:55Z,Manager1,CC8
E4452,Send PO to Supplier,2024-09-02T09:52:55Z,User35,CC8
E4566,Approve PR,2024-09-02T09:52:55Z,Manager4,CC6
E4877,Approve PR,2024-09-02T09:52:55Z,Manager4,CC8
E4962,Approve PO,2024-09-02T09:52:55Z,Manager4,CC17
E4989,Approve PO,2024-09-02T09:52:55Z,Manager4,CC16
E5869,Send PO to Supplier,2024-09-02T09:52:56Z,User37,CC10
E6144,Send PO to Supplier,2024-09-02T09:52:56Z,User15,CC14
E6456,Send PO to Supplier,2024-09-02T09:52:56Z,User7,CC11
E6465,Send PO to Supplier,2024-09-02T09:52:56Z,User40,CC10
E6582,Send PO to Supplier,2024-09-02T09:52:56Z,User50,CC3
E7036,Approve PO,2024-09-02T09:52:57Z,Manager3,CC2
E7231,Approve PO,2024-09-02T09:52:57Z,Manager1,CC20
E8103,Send PO to Supplier,2024-09-02T09:52:57Z,User31,CC7
E887,Approve PR,2024-09-02T09:53:53Z,Manager10,CC17
E1887,Approve PO,2024-09-02T09:53:54Z,Manager3,CC14
E1952,Approve PO,2024-09-02T09:53:54Z,Manager3,CC8
E2275,Send PO to Supplier,2024-09-02T09:53:54Z,User50,CC9
E2377,Approve PO,2024-09-02T09:53:54Z,Manager7,CC2
E2477,Create PO,2024-09-02T09:53:54Z,User42,CC18
E2517,Create PO,2024-09-02T09:53:54Z,User15,CC20
E2850,Approve PO,2024-09-02T09:53:54Z,Manager3,CC9
E3195,Create PO,2024-09-02T09:53:54Z,User13,CC16
E4023,Send PO to Supplier,2024-09-02T09:53:55Z,User44,CC19
E4095,Send PO to Supplier,2024-09-02T09:53:55Z,User1,CC14
E4604,Approve PO,2024-09-02T09:53:55Z,Manager8,CC6
E4662,Approve PO,2024-09-02T09:53:55Z,Manager2,CC3
E4698,Approve PO,2024-09-02T09:53:55Z,Manager1,CC4
E4933,Approve PO,2024-09-02T09:53:55Z,Manager4,CC2
E5100,Send PO to Supplier,2024-09-02T09:53:55Z,User26,CC11
E5253,Create PO,2024-09-02T09:53:56Z,User32,CC13
E5310,Approve PO,2024-09-02T09:53:56Z,Manager10,CC19
E5978,Approve PR,2024-09-02T09:53:56Z,Manager1,CC17
E6356,Approve PO,2024-09-02T09:53:56Z,Manager8,CC19
E6813,Create PO,2024-09-02T09:53:56Z,User14,CC2
E7211,Approve PR,2024-09-02T09:53:57Z,Manager6,CC14
E7249,Approve PO,2024-09-02T09:53:57Z,Manager8,CC7
E8028,Approve PO,2024-09-02T09:53:57Z,Manager8,CC12
E120,Create PO (Batch),2024-09-02T09:54:53Z,User21,CC5
E150,Approve PO,2024-09-02T09:54:53Z,Manager9,CC14
E340,Send PO to Supplier,2024-09-02T09:54:53Z,User34,CC18
E1440,Create PO (Batch),2024-09-02T09:54:53Z,User3,CC18
E1504,Approve PR,2024-09-02T09:54:54Z,Manager7,CC12
E1822,Approve PO,2024-09-02T09:54:54Z,Manager9,CC4
E2109,Create PO,2024-09-02T09:54:54Z,User5,CC10
E2411,Approve PR,2024-09-02T09:54:54Z,Manager8,CC11
E2726,Create PO (Batch),2024-09-02T09:54:54Z,User14,CC2
E2903,Create PO,2024-09-02T09:54:54Z,User49,CC15
E2977,Create PO,2024-09-02T09:54:54Z,User19,CC7
E3205,Approve PO,2024-09-02T09:54:54Z,Manager10,CC5
E3684,Send PO to Supplier,2024-09-02T09:54:55Z,User42,CC12
E3745,Create PO,2024-09-02T09:54:55Z,User19,CC14
E3981,Create PO,2024-09-02T09:54:55Z,User32,CC5
E4150,Approve PO,2024-09-02T09:54:55Z,Manager3,CC6
E4167,Create PO,2024-09-02T09:54:55Z,User7,CC1
E4388,Approve PO,2024-09-02T09:54:55Z,Manager7,CC19
E4663,Send PO to Supplier,2024-09-02T09:54:55Z,User13,CC11
E4923,Create PO (Batch),2024-09-02T09:54:55Z,User2,CC12
E4952,Send PO to Supplier,2024-09-02T09:54:55Z,User24,CC13
E5271,Create PO,2024-09-02T09:54:56Z,User40,CC20
E5531,Create PO (Batch),2024-09-02T09:54:56Z,User16,CC15
E5627,Send PO to Supplier,2024-09-02T09:54:56Z,User32,CC6
E5806,Send PO to Supplier,2024-09-02T09:54:56Z,User48,CC2
E5929,Approve PR,2024-09-02T09:54:56Z,Manager7,CC17
E6272,Create PO,2024-09-02T09:54:56Z,User20,CC17
E6535,Create PO (Batch),2024-09-02T09:54:56Z,User48,CC6
E6591,Create PO,2024-09-02T09:54:56Z,User50,CC18
E6796,Approve PO,2024-09-02T09:54:56Z,Manager7,CC5
E6843,Approve PO,2024-09-02T09:54:56Z,Manager4,CC8
E8019,Approve PO,2024-09-02T09:54:57Z,Manager6,CC7
E196,Send PO to Supplier,2024-09-02T09:55:53Z,User40,CC20
E257,Create PO,2024-09-02T09:55:53Z,User33,CC8
E285,Approve PO,2024-09-02T09:55:53Z,Manager9,CC8
E388,Approve PO,2024-09-02T09:55:53Z,Manager3,CC7
E452,Send PO to Supplier,2024-09-02T09:55:53Z,User36,CC20
E524,Create PO,2024-09-02T09:55:53Z,User37,CC15
E625,Send PO to Supplier,2024-09-02T09:55:53Z,User24,CC20
E650,Create PO (Batch),2024-09-02T09:55:53Z,User19,CC4
E696,Approve PO,2024-09-02T09:55:53Z,Manager10,CC15
E1953,Send PO to Supplier,2024-09-02T09:55:54Z,User8,CC3
E1985,Approve PO,2024-09-02T09:55:54Z,Manager4,CC12
E3123,Create PO,2024-09-02T09:55:54Z,User9,CC6
E4361,Approve PO,2024-09-02T09:55:55Z,Manager3,CC1
E4468,Create PO (Batch),2024-09-02T09:55:55Z,User31,CC7
E4531,Create PO,2024-09-02T09:55:55Z,User9,CC3
E4642,Approve PO,2024-09-02T09:55:55Z,Manager7,CC13
E4669,Approve PR,2024-09-02T09:55:55Z,Manager8,CC4
E4724,Create PO (Batch),2024-09-02T09:55:55Z,User45,CC19
E5144,Approve PO,2024-09-02T09:55:56Z,Manager7,CC3
E5280,Create PO,2024-09-02T09:55:56Z,User19,CC13
E5513,Create PO (Batch),2024-09-02T09:55:56Z,User31,CC20
E5549,Create PO (Batch),2024-09-02T09:55:56Z,User18,CC6
E5720,Approve PO,2024-09-02T09:55:56Z,Manager3,CC9
E5904,Approve PO,2024-09-02T09:55:56Z,Manager10,CC12
E6137,Reject PR,2024-09-02T09:55:56Z,Manager8,CC19
E6154,Approve PO,2024-09-02T09:55:56Z,Manager7,CC14
E6372,Approve PR,2024-09-02T09:55:56Z,Manager3,CC2
E6774,Reject PR,2024-09-02T09:55:56Z,Manager6,CC11
E6970,Create PO (Batch),2024-09-02T09:55:57Z,User36,CC7
E7948,Send PO to Supplier,2024-09-02T09:55:57Z,User45,CC19
E7956,Approve PO,2024-09-02T09:55:57Z,Manager1,CC14
E7964,Create PO,2024-09-02T09:55:57Z,User23,CC10
E8203,Approve PO,2024-09-02T09:55:57Z,Manager2,CC16
E249,Approve PO,2024-09-02T09:56:53Z,Manager5,CC8
E313,Send PO to Supplier,2024-09-02T09:56:53Z,User9,CC4
E442,Approve PO,2024-09-02T09:56:53Z,Manager2,CC13
E1188,Create PO (Batch),2024-09-02T09:56:53Z,User38,CC20
E1260,Create PO,2024-09-02T09:56:53Z,User42,CC4
E1350,Create PO (Batch),2024-09-02T09:56:53Z,User47,CC12
E1612,Approve PR,2024-09-02T09:56:54Z,Manager10,CC17
E1722,Send PO to Supplier,2024-09-02T09:56:54Z,User19,CC4
E2063,Approve PO,2024-09-02T09:56:54Z,Manager5,CC6
E3098,Send PO to Supplier,2024-09-02T09:56:54Z,User35,CC5
E4792,Approve PO,2024-09-02T09:56:55Z,Manager5,CC8
E5579,Approve PO,2024-09-02T09:56:56Z,Manager8,CC19
E6704,Approve PO,2024-09-02T09:56:56Z,Manager2,CC8
E7232,Send PO to Supplier,2024-09-02T09:56:57Z,User19,CC10
E7286,Create PO (Batch),2024-09-02T09:56:57Z,User48,CC13
E7360,Create PO,2024-09-02T09:56:57Z,User43,CC18
E7422,Approve PR,2024-09-02T09:56:57Z,Manager9,CC14
E7731,Approve PO,2024-09-02T09:56:57Z,Manager8,CC6
E570,Approve PO,2024-09-02T09:57:53Z,Manager6,CC2
E687,Approve PO,2024-09-02T09:57:53Z,Manager4,CC2
E786,Approve PO,2024-09-02T09:57:53Z,Manager1,CC15
E1451,Send PO to Supplier,2024-09-02T09:57:53Z,User4,CC3
E2700,Approve PO,2024-09-02T09:57:54Z,Manager1,CC11
E3718,Create PO,2024-09-02T09:57:55Z,User5,CC16
E3863,Approve PO,2024-09-02T09:57:55Z,Manager1,CC2
E4194,Create PO,2024-09-02T09:57:55Z,User45,CC10
E4370,Approve PO,2024-09-02T09:57:55Z,Manager6,CC8
E4577,Approve PO,2024-09-02T09:57:55Z,Manager9,CC6
E5372,Create PO,2024-09-02T09:57:56Z,User43,CC11
E5514,Approve PO,2024-09-02T09:57:56Z,Manager2,CC6
E5971,Approve PO,2024-09-02T09:57:56Z,Manager3,CC15
E6090,Approve PO,2024-09-02T09:57:56Z,Manager1,CC1
E6474,Send PO to Supplier,2024-09-02T09:57:56Z,User16,CC11
E6678,Send PO to Supplier,2024-09-02T09:57:56Z,User2,CC11
E7007,Approve PO,2024-09-02T09:57:57Z,Manager2,CC16
E7097,Approve PR,2024-09-02T09:57:57Z,Manager10,CC19
E7177,Approve PO,2024-09-02T09:57:57Z,Manager4,CC5
E8215,Send PO to Supplier,2024-09-02T09:57:57Z,User7,CC13
E95,Send PO to Supplier,2024-09-02T09:58:53Z,User35,CC1
E302,Create PO,2024-09-02T09:58:53Z,User8,CC20
E543,Approve PO,2024-09-02T09:58:53Z,Manager9,CC5
E1360,Approve PO,2024-09-02T09:58:53Z,Manager2,CC3
E1377,Create PO,2024-09-02T09:58:53Z,User6,CC19
E1458,Create PO (Batch),2024-09-02T09:58:53Z,User6,CC14
E1469,Create PO,2024-09-02T09:58:54Z,User28,CC7
E1479,Approve PO,2024-09-02T09:58:54Z,Manager7,CC1
E2562,Create PO,2024-09-02T09:58:54Z,User50,CC18
E2690,Create PO (Batch),2024-09-02T09:58:54Z,User30,CC5
E3397,Create PO (Batch),2024-09-02T09:58:55Z,User15,CC18
E3710,Approve PO,2024-09-02T09:58:55Z,Manager2,CC13
E3773,Approve PO,2024-09-02T09:58:55Z,Manager1,CC18
E3908,Approve PO,2024-09-02T09:58:55Z,Manager8,CC12
E4151,Send PO to Supplier,2024-09-02T09:58:55Z,User19,CC6
E4343,Approve PO,2024-09-02T09:58:55Z,Manager10,CC11
E4479,Send PO to Supplier,2024-09-02T09:58:55Z,User22,CC13
E5336,Create PO,2024-09-02T09:58:56Z,User10,CC10
E5505,Approve PO,2024-09-02T09:58:56Z,Manager1,CC18
E6033,Create PO (Batch),2024-09-02T09:58:56Z,User28,CC20
E6289,Approve PR,2024-09-02T09:58:56Z,Manager5,CC9
E6527,Approve PO,2024-09-02T09:58:56Z,Manager5,CC6
E7089,Create PO,2024-09-02T09:58:57Z,User7,CC6
E7573,Send PO to Supplier,2024-09-02T09:58:57Z,User6,CC17
E7758,Approve PO,2024-09-02T09:58:57Z,Manager4,CC10
E49,Approve PO,2024-09-02T09:59:53Z,Manager7,CC12
E67,Approve PO,2024-09-02T09:59:53Z,Manager3,CC18
E101,Approve PR,2024-09-02T09:59:53Z,Manager10,CC12
E159,Approve PO,2024-09-02T09:59:53Z,Manager4,CC11
E498,Approve PO,2024-09-02T09:59:53Z,Manager10,CC16
E1040,Create PO,2024-09-02T09:59:53Z,User9,CC9
E1199,Send PO to Supplier,2024-09-02T09:59:53Z,User39,CC10
E1422,Create PO,2024-09-02T09:59:53Z,User45,CC2
E1516,Send PO to Supplier,2024-09-02T09:59:54Z,User7,CC15
E1523,Create PO (Batch),2024-09-02T09:59:54Z,User37,CC14
E1776,Send PO to Supplier,2024-09-02T09:59:54Z,User31,CC8
E2331,Create PO (Batch),2024-09-02T09:59:54Z,User46,CC9
E2590,Approve PO,2024-09-02T09:59:54Z,Manager10,CC15
E2812,Approve PR,2024-09-02T09:59:54Z,Manager9,CC5
E2887,Send PO to Supplier,2024-09-02T09:59:54Z,User37,CC18
E3390,Send PO to Supplier,2024-09-02T09:59:55Z,User13,CC17
E3470,Approve PO,2024-09-02T09:59:55Z,Manager4,CC9
E3553,Approve PR,2024-09-02T09:59:55Z,Manager10,CC11
E3943,Create PO (Batch),2024-09-02T09:59:55Z,User12,CC13
E4031,Approve PO,2024-09-02T09:59:55Z,Manager1,CC15
E4289,Approve PO,2024-09-02T09:59:55Z,Manager1,CC12
E5053,Create PO,2024-09-02T09:59:55Z,User44,CC6
E5263,Approve PO,2024-09-02T09:59:56Z,Manager4,CC9
E5272,Approve PO,2024-09-02T09:59:56Z,Manager9,CC10
E5765,Approve PO,2024-09-02T09:59:56Z,Manager4,CC8
E5940,Approve PO,2024-09-02T09:59:56Z,Manager9,CC14
E6015,Create PO,2024-09-02T09:59:56Z,User35,CC4
E6321,Send PO to Supplier,2024-09-02T09:59:56Z,User33,CC14
E6446,Approve PO,2024-09-02T09:59:56Z,Manager10,CC7
E6705,Send PO to Supplier,2024-09-02T09:59:56Z,User43,CC13
E6825,Approve PO,2024-09-02T09:59:56Z,Manager1,CC10
E6918,Send PO to Supplier,2024-09-02T09:59:57Z,User3,CC20
E6998,Approve PO,2024-09-02T09:59:57Z,Manager7,CC9
E7270,Send PO to Supplier,2024-09-02T09:59:57Z,User43,CC10
E7450,Create PO (Batch),2024-09-02T09:59:57Z,User13,CC6
E7468,Create PO (Batch),2024-09-02T09:59:57Z,User17,CC17
E7766,Create PO (Batch),2024-09-02T09:59:57Z,User42,CC7
E113,Send PO to Supplier,2024-09-02T10:00:53Z,User14,CC6
E605,Create PO (Batch),2024-09-02T10:00:53Z,User32,CC6
E688,Send PO to Supplier,2024-09-02T10:00:53Z,User41,CC19
E833,Approve PO,2024-09-02T10:00:53Z,Manager8,CC6
E1243,Approve PO,2024-09-02T10:00:53Z,Manager3,CC8
E1314,Create PO (Batch),2024-09-02T10:00:53Z,User40,CC13
E1652,Approve PO,2024-09-02T10:00:54Z,Manager1,CC3
E1803,Send PO to Supplier,2024-09-02T10:00:54Z,User44,CC12
E2036,Approve PO,2024-09-02T10:00:54Z,Manager1,CC18
E3323,Create PO (Batch),2024-09-02T10:00:54Z,User11,CC5
E3500,Create PO,2024-09-02T10:00:55Z,User36,CC14
E4378,Create PO (Batch),2024-09-02T10:00:55Z,User19,CC3
E4523,Approve PO,2024-09-02T10:00:55Z,Manager9,CC2
E4838,Create PO (Batch),2024-09-02T10:00:55Z,User16,CC2
E4969,Approve PR,2024-09-02T10:00:55Z,Manager8,CC12
E5245,Approve PO,2024-09-02T10:00:56Z,Manager9,CC18
E5281,Approve PO,2024-09-02T10:00:56Z,Manager10,CC3
E5774,Approve PO,2024-09-02T10:00:56Z,Manager4,CC12
E6243,Create PO,2024-09-02T10:00:56Z,User42,CC10
E7149,Send PO to Supplier,2024-09-02T10:00:57Z,User47,CC9
E7157,Approve PO,2024-09-02T10:00:57Z,Manager5,CC19
E7204,Approve PO,2024-09-02T10:00:57Z,Manager9,CC2
E7665,Create PO (Batch),2024-09-02T10:00:57Z,User31,CC16
E7748,Create PO,2024-09-02T10:00:57Z,User14,CC13
E7921,Send PO to Supplier,2024-09-02T10:00:57Z,User10,CC19
E8128,Create PO,2024-09-02T10:00:57Z,User29,CC9
E1094,Create PO,2024-09-02T10:01:53Z,User42,CC1
E2131,Send PO to Supplier,2024-09-02T10:01:54Z,User25,CC11
E2284,Send PO to Supplier,2024-09-02T10:01:54Z,User12,CC19
E2627,Create PO (Batch),2024-09-02T10:01:54Z,User29,CC10
E2737,Send PO to Supplier,2024-09-02T10:01:54Z,User34,CC1
E3279,Approve PO,2024-09-02T10:01:54Z,Manager8,CC12
E3296,Create PO,2024-09-02T10:01:54Z,User37,CC17
E3416,Approve PO,2024-09-02T10:01:55Z,Manager1,CC13
E3599,Create PO,2024-09-02T10:01:55Z,User49,CC10
E3675,Send PO to Supplier,2024-09-02T10:01:55Z,User48,CC9
E3808,Create PO (Batch),2024-09-02T10:01:55Z,User16,CC18
E4867,Create PO (Batch),2024-09-02T10:01:55Z,User22,CC18
E5219,Send PO to Supplier,2024-09-02T10:01:56Z,User34,CC10
E5550,Approve PO,2024-09-02T10:01:56Z,Manager7,CC8
E5747,Approve PO,2024-09-02T10:01:56Z,Manager1,CC19
E5831,Create PO (Batch),2024-09-02T10:01:56Z,User43,CC15
E6428,Approve PO,2024-09-02T10:01:56Z,Manager6,CC8
E6666,Approve PO,2024-09-02T10:01:56Z,Manager1,CC10
E6673,Reject PR,2024-09-02T10:01:56Z,Manager4,CC3
E6778,Approve PO,2024-09-02T10:01:56Z,Manager1,CC18
E7335,Send PO to Supplier,2024-09-02T10:01:57Z,User5,CC6
E7387,Create PO,2024-09-02T10:01:57Z,User22,CC4
E7543,Approve PO,2024-09-02T10:01:57Z,Manager7,CC11
E293,Create PO,2024-09-02T10:02:53Z,User47,CC19
E812,Create PO (Batch),2024-09-02T10:02:53Z,User2,CC9
E853,Approve PO,2024-09-02T10:02:53Z,Manager6,CC3
E1224,Create PO,2024-09-02T10:02:53Z,User41,CC12
E1343,Send PO to Supplier,2024-09-02T10:02:53Z,User11,CC9
E1524,Approve PO,2024-09-02T10:02:54Z,Manager7,CC6
E1765,Create PO (Batch),2024-09-02T10:02:54Z,User32,CC15
E2553,Create PO,2024-09-02T10:02:54Z,User20,CC19
E2663,Create PO (Batch),2024-09-02T10:02:54Z,User47,CC3
E3160,Approve PO,2024-09-02T10:02:54Z,Manager9,CC19
E3231,Create PO (Batch),2024-09-02T10:02:54Z,User30,CC16
E3590,Create PO (Batch),2024-09-02T10:02:55Z,User17,CC9
E3618,Approve PO,2024-09-02T10:02:55Z,Manager7,CC11
E3791,Approve PO,2024-09-02T10:02:55Z,Manager4,CC3
E3801,Send PO to Supplier,2024-09-02T10:02:55Z,User6,CC8
E4670,Create PO,2024-09-02T10:02:55Z,User43,CC20
E5463,Approve PO,2024-09-02T10:02:56Z,Manager2,CC1
E5683,Create PO,2024-09-02T10:02:56Z,User28,CC8
E6130,Approve PO,2024-09-02T10:02:56Z,Manager6,CC17
E6826,Send PO to Supplier,2024-09-02T10:02:56Z,User12,CC20
E7306,Create PO,2024-09-02T10:02:57Z,User21,CC19
E7396,Create PO,2024-09-02T10:02:57Z,User45,CC16
E7609,Create PO (Batch),2024-09-02T10:02:57Z,User30,CC3
E7794,Approve PO,2024-09-02T10:02:57Z,Manager8,CC5
E7984,Send PO to Supplier,2024-09-02T10:02:57Z,User27,CC4
E205,Send PO to Supplier,2024-09-02T10:03:53Z,User29,CC15
E1361,Send PO to Supplier,2024-09-02T10:03:53Z,User47,CC13
E1432,Approve PO,2024-09-02T10:03:53Z,Manager7,CC2
E2824,Send PO to Supplier,2024-09-02T10:03:54Z,User36,CC11
E2997,Create PO (Batch),2024-09-02T10:03:54Z,User24,CC2
E3161,Send PO to Supplier,2024-09-02T10:03:54Z,User7,CC9
E3261,Approve PO,2024-09-02T10:03:54Z,Manager1,CC17
E3933,Approve PR,2024-09-02T10:03:55Z,Manager6,CC1
E6309,Approve PO,2024-09-02T10:03:56Z,Manager7,CC2
E6436,Create PO (Batch),2024-09-02T10:03:56Z,User21,CC11
E6629,Create PO (Batch),2024-09-02T10:03:56Z,User24,CC15
E7352,Approve PO,2024-09-02T10:03:57Z,Manager3,CC4
E7580,Create PO,2024-09-02T10:03:57Z,User50,CC2
E258,Approve PO,2024-09-02T10:04:53Z,Manager10,CC15
E379,Approve PO,2024-09-02T10:04:53Z,Manager8,CC12
E389,Send PO to Supplier,2024-09-02T10:04:53Z,User45,CC5
E898,Approve PO,2024-09-02T10:04:53Z,Manager8,CC19
E937,Create PO,2024-09-02T10:04:53Z,User40,CC7
E1085,Create PO (Batch),2024-09-02T10:04:53Z,User28,CC16
E1587,Approve PO,2024-09-02T10:04:54Z,Manager2,CC9
E2006,Create PO (Batch),2024-09-02T10:04:54Z,User18,CC6
E2074,Approve PO,2024-09-02T10:04:54Z,Manager8,CC11
E2229,Approve PO,2024-09-02T10:04:54Z,Manager6,CC9
E3242,Send PO to Supplier,2024-09-02T10:04:54Z,User37,CC13
E3608,Create PO,2024-09-02T10:04:55Z,User26,CC12
E3626,Create PO,2024-09-02T10:04:55Z,User9,CC5
E3746,Approve PO,2024-09-02T10:04:55Z,Manager1,CC5
E4352,Approve PO,2024-09-02T10:04:55Z,Manager7,CC19
E4981,Send PO to Supplier,2024-09-02T10:04:55Z,User35,CC4
E5684,Approve PO,2024-09-02T10:04:56Z,Manager5,CC15
E6120,Send PO to Supplier,2024-09-02T10:04:56Z,User33,CC3
E6357,Send PO to Supplier,2024-09-02T10:04:56Z,User5,CC12
E6400,Create PO (Batch),2024-09-02T10:04:56Z,User35,CC4
E6881,Approve PO,2024-09-02T10:04:56Z,Manager3,CC3
E7125,Create PO (Batch),2024-09-02T10:04:57Z,User18,CC15
E7479,Send PO to Supplier,2024-09-02T10:04:57Z,User29,CC15
E41,Send PO to Supplier,2024-09-02T10:05:53Z,User41,CC14
E490,Send PO to Supplier,2024-09-02T10:05:53Z,User46,CC7
E768,Approve PO,2024-09-02T10:05:53Z,Manager1,CC9
E1671,Send PO to Supplier,2024-09-02T10:05:54Z,User50,CC17
E2304,Create PO (Batch),2024-09-02T10:05:54Z,User37,CC12
E2478,Approve PO,2024-09-02T10:05:54Z,Manager6,CC11
E2646,Approve PO,2024-09-02T10:05:54Z,Manager4,CC16
E2859,Approve PO,2024-09-02T10:05:54Z,Manager5,CC5
E2923,Send PO to Supplier,2024-09-02T10:05:54Z,User33,CC16
E2941,Send PO to Supplier,2024-09-02T10:05:54Z,User32,CC3
E2949,Approve PO,2024-09-02T10:05:54Z,Manager8,CC12
E3133,Approve PO,2024-09-02T10:05:54Z,Manager1,CC8
E3479,Approve PO,2024-09-02T10:05:55Z,Manager2,CC19
E3490,Approve PO,2024-09-02T10:05:55Z,Manager7,CC6
E3826,Create PO,2024-09-02T10:05:55Z,User29,CC1
E3889,Create PO,2024-09-02T10:05:55Z,User1,CC12
E4177,Approve PO,2024-09-02T10:05:55Z,Manager4,CC18
E4371,Send PO to Supplier,2024-09-02T10:05:55Z,User5,CC19
E4442,Approve PO,2024-09-02T10:05:55Z,Manager5,CC1
E4550,Approve PO,2024-09-02T10:05:55Z,Manager4,CC6
E4811,Send PO to Supplier,2024-09-02T10:05:55Z,User19,CC18
E5329,Send PO to Supplier,2024-09-02T10:05:56Z,User1,CC6
E5766,Send PO to Supplier,2024-09-02T10:05:56Z,User48,CC1
E6043,Approve PO,2024-09-02T10:05:56Z,Manager6,CC7
E6225,Create PO (Batch),2024-09-02T10:05:56Z,User27,CC15
E6273,Approve PO,2024-09-02T10:05:56Z,Manager8,CC9
E6731,Approve PO,2024-09-02T10:05:56Z,Manager6,CC18
E7705,Send PO to Supplier,2024-09-02T10:05:57Z,User16,CC6
E7965,Approve PO,2024-09-02T10:05:57Z,Manager3,CC13
E861,Create PO,2024-09-02T10:06:53Z,User23,CC5
E1133,Approve PO,2024-09-02T10:06:53Z,Manager9,CC12
E1141,Create PO (Batch),2024-09-02T10:06:53Z,User46,CC15
E1332,Create PO (Batch),2024-09-02T10:06:53Z,User2,CC18
E1525,Send PO to Supplier,2024-09-02T10:06:54Z,User48,CC6
E1747,Create PO,2024-09-02T10:06:54Z,User4,CC3
E2037,Send PO to Supplier,2024-09-02T10:06:54Z,User12,CC12
E2452,Send PO to Supplier,2024-09-02T10:06:54Z,User10,CC20
E2764,Send PO to Supplier,2024-09-02T10:06:54Z,User21,CC4
E3855,Send PO to Supplier,2024-09-02T10:06:55Z,User3,CC17
E4059,Send PO to Supplier,2024-09-02T10:06:55Z,User39,CC15
E4103,Approve PO,2024-09-02T10:06:55Z,Manager4,CC8
E4159,Approve PO,2024-09-02T10:06:55Z,Manager6,CC20
E4224,Approve PO,2024-09-02T10:06:55Z,Manager6,CC2
E4396,Create PO,2024-09-02T10:06:55Z,User39,CC2
E4578,Send PO to Supplier,2024-09-02T10:06:55Z,User34,CC8
E4586,Approve PO,2024-09-02T10:06:55Z,Manager2,CC13
E4688,Create PO,2024-09-02T10:06:55Z,User45,CC19
E5580,Send PO to Supplier,2024-09-02T10:06:56Z,User37,CC4
E5685,Send PO to Supplier,2024-09-02T10:06:56Z,User1,CC13
E5721,Send PO to Supplier,2024-09-02T10:06:56Z,User32,CC7
E6384,Send PO to Supplier,2024-09-02T10:06:56Z,User38,CC17
E286,Send PO to Supplier,2024-09-02T10:07:53Z,User22,CC5
E414,Create PO (Batch),2024-09-02T10:07:53Z,User40,CC2
E443,Send PO to Supplier,2024-09-02T10:07:53Z,User18,CC7
E1279,Approve PO,2024-09-02T10:07:53Z,Manager6,CC6
E1480,Send PO to Supplier,2024-09-02T10:07:54Z,User40,CC5
E1498,Send PO to Supplier,2024-09-02T10:07:54Z,User43,CC17
E1785,Send PO to Supplier,2024-09-02T10:07:54Z,User24,CC1
E1869,Approve PO,2024-09-02T10:07:54Z,Manager3,CC5
E2027,Approve PO,2024-09-02T10:07:54Z,Manager4,CC13
E2210,Create PO,2024-09-02T10:07:54Z,User47,CC16
E2219,Create PO,2024-09-02T10:07:54Z,User30,CC14
E3143,Send PO to Supplier,2024-09-02T10:07:54Z,User45,CC15
E3728,Approve PO,2024-09-02T10:07:55Z,Manager5,CC5
E4634,Send PO to Supplier,2024-09-02T10:07:55Z,User48,CC9
E5044,Create PO (Batch),2024-09-02T10:07:55Z,User14,CC10
E5392,Send PO to Supplier,2024-09-02T10:07:56Z,User34,CC16
E6908,Approve PO,2024-09-02T10:07:56Z,Manager9,CC10
E7072,Approve PO,2024-09-02T10:07:57Z,Manager5,CC1
E7108,Approve PO,2024-09-02T10:07:57Z,Manager5,CC18
E7434,Send PO to Supplier,2024-09-02T10:07:57Z,User29,CC2
E7619,Approve PO,2024-09-02T10:07:57Z,Manager3,CC11
E7696,Send PO to Supplier,2024-09-02T10:07:57Z,User9,CC7
E142,Send PO to Supplier,2024-09-02T10:08:53Z,User16,CC13
E239,Create PO,2024-09-02T10:08:53Z,User25,CC13
E369,Create PO (Batch),2024-09-02T10:08:53Z,User27,CC15
E1031,Create PO (Batch),2024-09-02T10:08:53Z,User21,CC6
E1069,Send PO to Supplier,2024-09-02T10:08:53Z,User20,CC16
E1766,Approve PO,2024-09-02T10:08:54Z,Manager4,CC8
E2007,Approve PO,2024-09-02T10:08:54Z,Manager2,CC5
E2461,Send PO to Supplier,2024-09-02T10:08:54Z,User17,CC2
E2496,Approve PO,2024-09-02T10:08:54Z,Manager9,CC4
E2674,Send PO to Supplier,2024-09-02T10:08:54Z,User42,CC11
E2860,Send PO to Supplier,2024-09-02T10:08:54Z,User41,CC6
E3332,Create PO (Batch),2024-09-02T10:08:54Z,User12,CC13
E3520,Send PO to Supplier,2024-09-02T10:08:55Z,User34,CC5
E3637,Send PO to Supplier,2024-09-02T10:08:55Z,User18,CC3
E3655,Create PO (Batch),2024-09-02T10:08:55Z,User16,CC5
E3898,Create PO,2024-09-02T10:08:55Z,User36,CC5
E4252,Create PO,2024-09-02T10:08:55Z,User4,CC11
E4605,Send PO to Supplier,2024-09-02T10:08:55Z,User15,CC11
E4990,Send PO to Supplier,2024-09-02T10:08:55Z,User11,CC19
E4998,Approve PO,2024-09-02T10:08:55Z,Manager1,CC2
E5054,Approve PO,2024-09-02T10:08:55Z,Manager8,CC20
E5672,Create PO (Batch),2024-09-02T10:08:56Z,User19,CC20
E5885,Create PO,2024-09-02T10:08:56Z,User4,CC3
E6007,Approve PO,2024-09-02T10:08:56Z,Manager10,CC18
E6026,Send PO to Supplier,2024-09-02T10:08:56Z,User12,CC1
E7081,Approve PO,2024-09-02T10:08:57Z,Manager4,CC14
E7388,Approve PO,2024-09-02T10:08:57Z,Manager6,CC14
E7515,Create PO (Batch),2024-09-02T10:08:57Z,User26,CC2
E7590,Approve PO,2024-09-02T10:08:57Z,Manager4,CC19
E250,Send PO to Supplier,2024-09-02T10:09:53Z,User19,CC3
E469,Approve PO,2024-09-02T10:09:53Z,Manager7,CC4
E641,Create PO,2024-09-02T10:09:53Z,User5,CC16
E968,Send PO to Supplier,2024-09-02T10:09:53Z,User15,CC11
E1280,Send PO to Supplier,2024-09-02T10:09:53Z,User17,CC18
E1577,Create PO (Batch),2024-09-02T10:09:54Z,User19,CC16
E2193,Approve PO,2024-09-02T10:09:54Z,Manager5,CC18
E2831,Create PO,2024-09-02T10:09:54Z,User25,CC11
E3008,Send PO to Supplier,2024-09-02T10:09:54Z,User21,CC20
E3288,Approve PO,2024-09-02T10:09:54Z,Manager6,CC6
E3407,Approve PO,2024-09-02T10:09:55Z,Manager5,CC10
E3918,Send PO to Supplier,2024-09-02T10:09:55Z,User21,CC1
E3964,Approve PO,2024-09-02T10:09:55Z,Manager2,CC9
E4203,Create PO,2024-09-02T10:09:55Z,User27,CC15
E5116,Create PO (Batch),2024-09-02T10:09:55Z,User27,CC10
E5693,Approve PO,2024-09-02T10:09:56Z,Manager9,CC16
E6101,Approve PO,2024-09-02T10:09:56Z,Manager9,CC11
E6236,Send PO to Supplier,2024-09-02T10:09:56Z,User27,CC9
E6254,Send PO to Supplier,2024-09-02T10:09:56Z,User27,CC4
E6713,Approve PO,2024-09-02T10:09:56Z,Manager8,CC3
E7938,Approve PO,2024-09-02T10:09:57Z,Manager6,CC2
E75,Create PO,2024-09-02T10:10:53Z,User23,CC10
E151,Send PO to Supplier,2024-09-02T10:10:53Z,User39,CC8
E169,Send PO to Supplier,2024-09-02T10:10:53Z,User32,CC18
E1115,Approve PO,2024-09-02T10:10:53Z,Manager4,CC7
E1325,Send PO to Supplier,2024-09-02T10:10:53Z,User13,CC17
E2487,Approve PO,2024-09-02T10:10:54Z,Manager2,CC15
E3033,Create PO,2024-09-02T10:10:54Z,User40,CC15
E3069,Create PO,2024-09-02T10:10:54Z,User27,CC14
E3271,Send PO to Supplier,2024-09-02T10:10:54Z,User24,CC12
E3424,Create PO (Batch),2024-09-02T10:10:55Z,User7,CC19
E3627,Approve PO,2024-09-02T10:10:55Z,Manager1,CC14
E3729,Send PO to Supplier,2024-09-02T10:10:55Z,User19,CC9
E3881,Approve PO,2024-09-02T10:10:55Z,Manager9,CC12
E4532,Approve PO,2024-09-02T10:10:55Z,Manager3,CC10
E4715,Create PO,2024-09-02T10:10:55Z,User42,CC20
E5201,Send PO to Supplier,2024-09-02T10:10:56Z,User39,CC19
E5227,Approve PO,2024-09-02T10:10:56Z,Manager3,CC4
E5298,Create PO,2024-09-02T10:10:56Z,User4,CC20
E5673,Approve PO,2024-09-02T10:10:56Z,Manager5,CC18
E5961,Create PO,2024-09-02T10:10:56Z,User17,CC13
E6200,Send PO to Supplier,2024-09-02T10:10:56Z,User17,CC10
E6365,Approve PO,2024-09-02T10:10:56Z,Manager9,CC12
E6788,Send PO to Supplier,2024-09-02T10:10:56Z,User27,CC8
E6806,Send PO to Supplier,2024-09-02T10:10:56Z,User29,CC3
E7874,Create PO,2024-09-02T10:10:57Z,User16,CC20
E8045,Create PO,2024-09-02T10:10:57Z,User8,CC12
E760,Send PO to Supplier,2024-09-02T10:11:53Z,User43,CC17
E1661,Approve PO,2024-09-02T10:11:54Z,Manager10,CC10
E2101,Approve PO,2024-09-02T10:11:54Z,Manager8,CC11
E2202,Approve PO,2024-09-02T10:11:54Z,Manager2,CC14
E3186,Create PO (Batch),2024-09-02T10:11:54Z,User44,CC16
E3719,Approve PO,2024-09-02T10:11:55Z,Manager10,CC7
E3765,Send PO to Supplier,2024-09-02T10:11:55Z,User42,CC8
E4112,Approve PO,2024-09-02T10:11:55Z,Manager1,CC8
E4131,Send PO to Supplier,2024-09-02T10:11:55Z,User46,CC15
E4432,Create PO (Batch),2024-09-02T10:11:55Z,User43,CC7
E4716,Approve PO,2024-09-02T10:11:55Z,Manager4,CC16
E4802,Send PO to Supplier,2024-09-02T10:11:55Z,User23,CC12
E5037,Send PO to Supplier,2024-09-02T10:11:55Z,User25,CC6
E5135,Approve PO,2024-09-02T10:11:55Z,Manager4,CC17
E5153,Approve PO,2024-09-02T10:11:56Z,Manager9,CC16
E5290,Approve PO,2024-09-02T10:11:56Z,Manager2,CC20
E5426,Create PO (Batch),2024-09-02T10:11:56Z,User20,CC14
E5559,Approve PO,2024-09-02T10:11:56Z,Manager1,CC9
E6492,Send PO to Supplier,2024-09-02T10:11:56Z,User33,CC9
E6844,Send PO to Supplier,2024-09-02T10:11:56Z,User37,CC11
E6852,Approve PO,2024-09-02T10:11:56Z,Manager4,CC18
E7526,Send PO to Supplier,2024-09-02T10:11:57Z,User36,CC14
E1003,Approve PO,2024-09-02T10:12:53Z,Manager8,CC17
E1841,Create PO (Batch),2024-09-02T10:12:54Z,User25,CC3
E2602,Send PO to Supplier,2024-09-02T10:12:54Z,User2,CC1
E2610,Approve PO,2024-09-02T10:12:54Z,Manager5,CC14
E2745,Approve PO,2024-09-02T10:12:54Z,Manager3,CC12
E2803,Approve PO,2024-09-02T10:12:54Z,Manager7,CC17
E3070,Approve PO,2024-09-02T10:12:54Z,Manager8,CC20
E3554,Create PO (Batch),2024-09-02T10:12:55Z,User7,CC4
E3582,Approve PO,2024-09-02T10:12:55Z,Manager7,CC7
E3711,Send PO to Supplier,2024-09-02T10:12:55Z,User17,CC20
E3827,Approve PO,2024-09-02T10:12:55Z,Manager2,CC16
E4068,Send PO to Supplier,2024-09-02T10:12:55Z,User46,CC7
E4297,Create PO,2024-09-02T10:12:55Z,User13,CC17
E4622,Approve PO,2024-09-02T10:12:55Z,Manager6,CC6
E4856,Create PO (Batch),2024-09-02T10:12:55Z,User48,CC2
E5541,Approve PO,2024-09-02T10:12:56Z,Manager9,CC17
E5730,Send PO to Supplier,2024-09-02T10:12:56Z,User9,CC2
E6061,Approve PO,2024-09-02T10:12:56Z,Manager9,CC14
E6207,Create PO,2024-09-02T10:12:56Z,User25,CC6
E6555,Send PO to Supplier,2024-09-02T10:12:56Z,User45,CC2
E560,Create PO (Batch),2024-09-02T10:13:53Z,User3,CC8
E1823,Send PO to Supplier,2024-09-02T10:13:54Z,User33,CC11
E1888,Send PO to Supplier,2024-09-02T10:13:54Z,User39,CC5
E1924,Create PO (Batch),2024-09-02T10:13:54Z,User17,CC8
E1942,Create PO (Batch),2024-09-02T10:13:54Z,User5,CC3
E3262,Send PO to Supplier,2024-09-02T10:13:54Z,User2,CC5
E3460,Create PO (Batch),2024-09-02T10:13:55Z,User6,CC18
E3846,Send PO to Supplier,2024-09-02T10:13:55Z,User1,CC10
E4243,Create PO (Batch),2024-09-02T10:13:55Z,User47,CC9
E4596,Send PO to Supplier,2024-09-02T10:13:55Z,User49,CC20
E4878,Create PO,2024-09-02T10:13:55Z,User36,CC19
E5007,Approve PO,2024-09-02T10:13:55Z,Manager10,CC11
E5858,Create PO (Batch),2024-09-02T10:13:56Z,User36,CC18
E6429,Send PO to Supplier,2024-09-02T10:13:56Z,User7,CC5
E6601,Approve PO,2024-09-02T10:13:56Z,Manager7,CC16
E6971,Approve PO,2024-09-02T10:13:57Z,Manager1,CC1
E7991,Create PO (Batch),2024-09-02T10:13:57Z,User21,CC14
E8157,Send PO to Supplier,2024-09-02T10:13:57Z,User45,CC17
E360,Create PO (Batch),2024-09-02T10:14:53Z,User8,CC19
E704,Create PO (Batch),2024-09-02T10:14:53Z,User37,CC16
E843,Create PO,2024-09-02T10:14:53Z,User5,CC13
E1297,Approve PO,2024-09-02T10:14:53Z,Manager7,CC4
E1560,Approve PO,2024-09-02T10:14:54Z,Manager3,CC5
E1605,Approve PO,2024-09-02T10:14:54Z,Manager8,CC11
E1756,Create PO (Batch),2024-09-02T10:14:54Z,User32,CC20
E1833,Approve PO,2024-09-02T10:14:54Z,Manager7,CC12
E1962,Create PO,2024-09-02T10:14:54Z,User1,CC7
E2184,Approve PO,2024-09-02T10:14:54Z,Manager1,CC12
E2230,Send PO to Supplier,2024-09-02T10:14:54Z,User10,CC6
E2237,Create PO,2024-09-02T10:14:54Z,User23,CC5
E2545,Approve PO,2024-09-02T10:14:54Z,Manager1,CC4
E2691,Approve PO,2024-09-02T10:14:54Z,Manager4,CC9
E2790,Approve PO,2024-09-02T10:14:54Z,Manager10,CC5
E3089,Send PO to Supplier,2024-09-02T10:14:54Z,User4,CC17
E3134,Send PO to Supplier,2024-09-02T10:14:54Z,User6,CC2
E3215,Send PO to Supplier,2024-09-02T10:14:54Z,User23,CC12
E3425,Approve PO,2024-09-02T10:14:55Z,Manager6,CC4
E3511,Send PO to Supplier,2024-09-02T10:14:55Z,User13,CC18
E3738,Send PO to Supplier,2024-09-02T10:14:55Z,User11,CC9
E3836,Approve PO,2024-09-02T10:14:55Z,Manager10,CC1
E4699,Send PO to Supplier,2024-09-02T10:14:55Z,User33,CC13
E5655,Approve PO,2024-09-02T10:14:56Z,Manager2,CC7
E5930,Create PO,2024-09-02T10:14:56Z,User23,CC6
E6667,Send PO to Supplier,2024-09-02T10:14:56Z,User34,CC6
E6861,Approve PO,2024-09-02T10:14:56Z,Manager9,CC9
E7353,Send PO to Supplier,2024-09-02T10:14:57Z,User21,CC20
E8286,Approve PO,2024-09-02T10:14:57Z,Manager9,CC7
E433,Approve PO,2024-09-02T10:15:53Z,Manager1,CC8
E678,Approve PO,2024-09-02T10:15:53Z,Manager4,CC10
E1153,Approve PO,2024-09-02T10:15:53Z,Manager1,CC9
E1569,Approve PO,2024-09-02T10:15:54Z,Manager10,CC17
E1943,Approve PO,2024-09-02T10:15:54Z,Manager10,CC14
E2332,Approve PO,2024-09-02T10:15:54Z,Manager6,CC7
E2804,Send PO to Supplier,2024-09-02T10:15:54Z,User6,CC12
E3306,Approve PO,2024-09-02T10:15:54Z,Manager5,CC18
E4307,Approve PO,2024-09-02T10:15:55Z,Manager2,CC8
E4671,Approve PO,2024-09-02T10:15:55Z,Manager7,CC17
E5264,Send PO to Supplier,2024-09-02T10:15:56Z,User42,CC1
E5373,Approve PO,2024-09-02T10:15:56Z,Manager5,CC4
E5784,Send PO to Supplier,2024-09-02T10:15:56Z,User27,CC11
E6392,Approve PO,2024-09-02T10:15:56Z,Manager2,CC7
E7045,Approve PO,2024-09-02T10:15:57Z,Manager5,CC19
E7098,Create PO (Batch),2024-09-02T10:15:57Z,User35,CC12
E7287,Approve PO,2024-09-02T10:15:57Z,Manager7,CC17
E7361,Approve PO,2024-09-02T10:15:57Z,Manager1,CC4
E7379,Approve PO,2024-09-02T10:15:57Z,Manager3,CC15
E8020,Send PO to Supplier,2024-09-02T10:15:57Z,User11,CC7
E330,Approve PO,2024-09-02T10:16:53Z,Manager6,CC19
E470,Send PO to Supplier,2024-09-02T10:16:53Z,User22,CC11
E661,Send PO to Supplier,2024-09-02T10:16:53Z,User3,CC9
E769,Send PO to Supplier,2024-09-02T10:16:53Z,User48,CC18
E1050,Approve PO,2024-09-02T10:16:53Z,Manager3,CC14
E2620,Send PO to Supplier,2024-09-02T10:16:54Z,User19,CC2
E2851,Send PO to Supplier,2024-09-02T10:16:54Z,User50,CC14
E3124,Approve PO,2024-09-02T10:16:54Z,Manager1,CC7
E3341,Create PO,2024-09-02T10:16:54Z,User20,CC13
E3381,Send PO to Supplier,2024-09-02T10:16:55Z,User27,CC14
E3491,Send PO to Supplier,2024-09-02T10:16:55Z,User42,CC1
E3573,Approve PO,2024-09-02T10:16:55Z,Manager6,CC5
E3600,Approve PO,2024-09-02T10:16:55Z,Manager9,CC11
E4000,Approve PO,2024-09-02T10:16:55Z,Manager4,CC12
E4416,Send PO to Supplier,2024-09-02T10:16:55Z,User10,CC16
E4761,Approve PO,2024-09-02T10:16:55Z,Manager9,CC9
E5072,Approve PO,2024-09-02T10:16:55Z,Manager4,CC6
E5081,Approve PO,2024-09-02T10:16:55Z,Manager8,CC9
E5896,Send PO to Supplier,2024-09-02T10:16:56Z,User49,CC8
E6366,Send PO to Supplier,2024-09-02T10:16:56Z,User21,CC14
E459,Create PO,2024-09-02T10:17:53Z,User29,CC11
E3151,Approve PO,2024-09-02T10:17:54Z,Manager3,CC1
E3359,Create PO (Batch),2024-09-02T10:17:54Z,User26,CC6
E3537,Approve PO,2024-09-02T10:17:55Z,Manager8,CC9
E3926,Approve PO,2024-09-02T10:17:55Z,Manager1,CC1
E4290,Send PO to Supplier,2024-09-02T10:17:55Z,User8,CC6
E4317,Send PO to Supplier,2024-09-02T10:17:55Z,User47,CC10
E4362,Send PO to Supplier,2024-09-02T10:17:55Z,User10,CC9
E4515,Send PO to Supplier,2024-09-02T10:17:55Z,User13,CC16
E5738,Approve PO,2024-09-02T10:17:56Z,Manager7,CC11
E6510,Send PO to Supplier,2024-09-02T10:17:56Z,User11,CC17
E6640,Send PO to Supplier,2024-09-02T10:17:56Z,User45,CC18
E7307,Approve PO,2024-09-02T10:17:57Z,Manager3,CC14
E7813,Send PO to Supplier,2024-09-02T10:17:57Z,User17,CC19
E8166,Create PO,2024-09-02T10:17:57Z,User17,CC18
E8176,Approve PO,2024-09-02T10:17:57Z,Manager2,CC7
E740,Create PO,2024-09-02T10:18:53Z,User44,CC6
E888,Create PO,2024-09-02T10:18:53Z,User20,CC7
E1307,Send PO to Supplier,2024-09-02T10:18:53Z,User37,CC19
E1606,Send PO to Supplier,2024-09-02T10:18:54Z,User46,CC10
E1731,Send PO to Supplier,2024-09-02T10:18:54Z,User28,CC3
E2746,Send PO to Supplier,2024-09-02T10:18:54Z,User1,CC20
E3461,Approve PO,2024-09-02T10:18:55Z,Manager10,CC13
E4077,Send PO to Supplier,2024-09-02T10:18:55Z,User9,CC13
E4906,Approve PO,2024-09-02T10:18:55Z,Manager9,CC19
E5849,Create PO (Batch),2024-09-02T10:18:56Z,User38,CC17
E6290,Create PO,2024-09-02T10:18:56Z,User49,CC4
E6310,Send PO to Supplier,2024-09-02T10:18:56Z,User11,CC10
E7297,Send PO to Supplier,2024-09-02T10:18:57Z,User50,CC18
E7469,Approve PO,2024-09-02T10:18:57Z,Manager4,CC11
E7866,Approve PO,2024-09-02T10:18:57Z,Manager1,CC3
E8146,Create PO (Batch),2024-09-02T10:18:57Z,User38,CC19
E499,Send PO to Supplier,2024-09-02T10:19:53Z,User49,CC18
E589,Send PO to Supplier,2024-09-02T10:19:53Z,User34,CC5
E958,Approve PO,2024-09-02T10:19:53Z,Manager3,CC10
E1703,Approve PO,2024-09-02T10:19:54Z,Manager8,CC19
E1944,Send PO to Supplier,2024-09-02T10:19:54Z,User21,CC5
E2175,Approve PO,2024-09-02T10:19:54Z,Manager5,CC8
E2340,Create PO,2024-09-02T10:19:54Z,User3,CC9
E2718,Approve PO,2024-09-02T10:19:54Z,Manager2,CC19
E3015,Create PO (Batch),2024-09-02T10:19:54Z,User11,CC7
E3501,Approve PO,2024-09-02T10:19:55Z,Manager7,CC8
E3665,Approve PO,2024-09-02T10:19:55Z,Manager5,CC14
E3973,Approve PO,2024-09-02T10:19:55Z,Manager8,CC2
E4235,Approve PO,2024-09-02T10:19:55Z,Manager4,CC2
E4533,Send PO to Supplier,2024-09-02T10:19:55Z,User45,CC3
E4541,Approve PO,2024-09-02T10:19:55Z,Manager1,CC5
E5291,Send PO to Supplier,2024-09-02T10:19:56Z,User25,CC19
E5832,Approve PO,2024-09-02T10:19:56Z,Manager2,CC12
E6262,Approve PO,2024-09-02T10:19:56Z,Manager6,CC18
E6658,Send PO to Supplier,2024-09-02T10:19:56Z,User23,CC10
E6834,Approve PO,2024-09-02T10:19:56Z,Manager3,CC1
E7534,Approve PO,2024-09-02T10:19:57Z,Manager5,CC19
E7721,Create PO,2024-09-02T10:19:57Z,User40,CC2
E7901,Create PO,2024-09-02T10:19:57Z,User24,CC11
E7966,Send PO to Supplier,2024-09-02T10:19:57Z,User50,CC2
E8111,Approve PO,2024-09-02T10:19:57Z,Manager8,CC2
E8138,Approve PO,2024-09-02T10:19:57Z,Manager1,CC14
E276,Approve PO,2024-09-02T10:20:53Z,Manager7,CC13
E722,Create PO (Batch),2024-09-02T10:20:53Z,User18,CC3
E776,Create PO,2024-09-02T10:20:53Z,User45,CC3
E1011,Create PO (Batch),2024-09-02T10:20:53Z,User20,CC19
E2211,Approve PO,2024-09-02T10:20:54Z,Manager6,CC1
E2647,Send PO to Supplier,2024-09-02T10:20:54Z,User31,CC18
E3453,Send PO to Supplier,2024-09-02T10:20:55Z,User32,CC14
E3462,Send PO to Supplier,2024-09-02T10:20:55Z,User5,CC8
E4406,Approve PO,2024-09-02T10:20:55Z,Manager3,CC10
E4762,Send PO to Supplier,2024-09-02T10:20:55Z,User49,CC1
E4819,Approve PO,2024-09-02T10:20:55Z,Manager9,CC20
E4924,Approve PO,2024-09-02T10:20:55Z,Manager5,CC12
E5346,Approve PO,2024-09-02T10:20:56Z,Manager1,CC17
E5400,Approve PO,2024-09-02T10:20:56Z,Manager8,CC14
E5997,Create PO (Batch),2024-09-02T10:20:56Z,User29,CC1
E6244,Approve PO,2024-09-02T10:20:56Z,Manager5,CC1
E6420,Send PO to Supplier,2024-09-02T10:20:56Z,User10,CC17
E6572,Approve PO,2024-09-02T10:20:56Z,Manager6,CC16
E6685,Create PO,2024-09-02T10:20:56Z,User47,CC6
E6748,Create PO,2024-09-02T10:20:56Z,User1,CC11
E6936,Send PO to Supplier,2024-09-02T10:20:57Z,User43,CC13
E7090,Approve PO,2024-09-02T10:20:57Z,Manager9,CC8
E7186,Approve PO,2024-09-02T10:20:57Z,Manager3,CC14
E7929,Approve PO,2024-09-02T10:20:57Z,Manager3,CC20
E977,Send PO to Supplier,2024-09-02T10:21:53Z,User36,CC20
E1171,Approve PO,2024-09-02T10:21:53Z,Manager7,CC2
E1289,Send PO to Supplier,2024-09-02T10:21:53Z,User11,CC12
E1877,Create PO (Batch),2024-09-02T10:21:54Z,User13,CC13
E1905,Approve PO,2024-09-02T10:21:54Z,Manager6,CC10
E1915,Send PO to Supplier,2024-09-02T10:21:54Z,User33,CC2
E2305,Approve PO,2024-09-02T10:21:54Z,Manager2,CC3
E3529,Send PO to Supplier,2024-09-02T10:21:55Z,User3,CC15
E3756,Send PO to Supplier,2024-09-02T10:21:55Z,User29,CC7
E3872,Approve PO,2024-09-02T10:21:55Z,Manager4,CC11
E4186,Approve PO,2024-09-02T10:21:55Z,Manager2,CC15
E4443,Send PO to Supplier,2024-09-02T10:21:55Z,User50,CC20
E5656,Send PO to Supplier,2024-09-02T10:21:56Z,User46,CC16
E5815,Send PO to Supplier,2024-09-02T10:21:56Z,User24,CC17
E6073,Send PO to Supplier,2024-09-02T10:21:56Z,User44,CC10
E6081,Approve PO,2024-09-02T10:21:56Z,Manager2,CC3
E6696,Send PO to Supplier,2024-09-02T10:21:56Z,User20,CC17
E7470,Send PO to Supplier,2024-09-02T10:21:57Z,User39,CC2
E515,Create PO (Batch),2024-09-02T10:22:53Z,User5,CC3
E813,Approve PO,2024-09-02T10:22:53Z,Manager1,CC5
E1533,Approve PO,2024-09-02T10:22:54Z,Manager3,CC20
E2015,Create PO,2024-09-02T10:22:54Z,User49,CC15
E2664,Approve PO,2024-09-02T10:22:54Z,Manager4,CC19
E3252,Approve PO,2024-09-02T10:22:54Z,Manager8,CC15
E3882,Send PO to Supplier,2024-09-02T10:22:55Z,User20,CC9
E3944,Approve PO,2024-09-02T10:22:55Z,Manager9,CC7
E4334,Approve PO,2024-09-02T10:22:55Z,Manager5,CC4
E4613,Approve PO,2024-09-02T10:22:55Z,Manager10,CC13
E5208,Create PO (Batch),2024-09-02T10:22:56Z,User6,CC8
E5282,Send PO to Supplier,2024-09-02T10:22:56Z,User17,CC13
E6962,Approve PO,2024-09-02T10:22:57Z,Manager9,CC19
E7442,Approve PO,2024-09-02T10:22:57Z,Manager5,CC11
E8054,Create PO,2024-09-02T10:22:57Z,User49,CC17
E12,Create PO,2024-09-02T10:23:53Z,User9,CC5
E578,Create PO,2024-09-02T10:23:53Z,User8,CC18
E870,Create PO (Batch),2024-09-02T10:23:53Z,User45,CC16
E1124,Approve PO,2024-09-02T10:23:53Z,Manager8,CC13
E1570,Send PO to Supplier,2024-09-02T10:23:54Z,User7,CC9
E1623,Approve PO,2024-09-02T10:23:54Z,Manager5,CC4
E1793,Approve PO,2024-09-02T10:23:54Z,Manager5,CC7
E2110,Approve PO,2024-09-02T10:23:54Z,Manager7,CC11
E2913,Approve PO,2024-09-02T10:23:54Z,Manager5,CC8
E3107,Send PO to Supplier,2024-09-02T10:23:54Z,User2,CC1
E3316,Send PO to Supplier,2024-09-02T10:23:54Z,User14,CC4
E3360,Approve PO,2024-09-02T10:23:54Z,Manager10,CC3
E3426,Send PO to Supplier,2024-09-02T10:23:55Z,User29,CC20
E3564,Approve PO,2024-09-02T10:23:55Z,Manager9,CC7
E4113,Send PO to Supplier,2024-09-02T10:23:55Z,User3,CC18
E4495,Create PO (Batch),2024-09-02T10:23:55Z,User43,CC7
E5145,Send PO to Supplier,2024-09-02T10:23:56Z,User4,CC8
E5596,Create PO,2024-09-02T10:23:56Z,User47,CC1
E5636,Send PO to Supplier,2024-09-02T10:23:56Z,User10,CC19
E5972,Send PO to Supplier,2024-09-02T10:23:56Z,User24,CC20
E6172,Approve PO,2024-09-02T10:23:56Z,Manager7,CC14
E7487,Approve PO,2024-09-02T10:23:57Z,Manager9,CC17
E803,Create PO (Batch),2024-09-02T10:24:53Z,User22,CC10
E906,Create PO (Batch),2024-09-02T10:24:53Z,User23,CC7
E1897,Send PO to Supplier,2024-09-02T10:24:54Z,User47,CC10
E1963,Approve PO,2024-09-02T10:24:54Z,Manager3,CC8
E2238,Approve PO,2024-09-02T10:24:54Z,Manager1,CC12
E2611,Send PO to Supplier,2024-09-02T10:24:54Z,User28,CC17
E2628,Approve PO,2024-09-02T10:24:54Z,Manager2,CC18
E2727,Approve PO,2024-09-02T10:24:54Z,Manager3,CC17
E3206,Send PO to Supplier,2024-09-02T10:24:54Z,User46,CC8
E3342,Approve PO,2024-09-02T10:24:54Z,Manager9,CC10
E4868,Approve PO,2024-09-02T10:24:55Z,Manager4,CC1
E5617,Approve PO,2024-09-02T10:24:56Z,Manager5,CC18
E6016,Approve PO,2024-09-02T10:24:56Z,Manager4,CC15
E6034,Approve PO,2024-09-02T10:24:56Z,Manager10,CC4
E6500,Approve PO,2024-09-02T10:24:56Z,Manager7,CC7
E6749,Approve PO,2024-09-02T10:24:56Z,Manager5,CC20
E7116,Create PO,2024-09-02T10:24:57Z,User9,CC11
E7460,Approve PO,2024-09-02T10:24:57Z,Manager10,CC19
E7767,Approve PO,2024-09-02T10:24:57Z,Manager7,CC19
E8204,Send PO to Supplier,2024-09-02T10:24:57Z,User19,CC7
E31,Approve PO,2024-09-02T10:25:53Z,Manager8,CC15
E186,Approve PO,2024-09-02T10:25:53Z,Manager6,CC9
E277,Send PO to Supplier,2024-09-02T10:25:53Z,User23,CC1
E561,Approve PO,2024-09-02T10:25:53Z,Manager8,CC10
E1298,Send PO to Supplier,2024-09-02T10:25:53Z,User12,CC16
E1397,Send PO to Supplier,2024-09-02T10:25:53Z,User28,CC15
E2266,Send PO to Supplier,2024-09-02T10:25:54Z,User23,CC3
E2563,Approve PO,2024-09-02T10:25:54Z,Manager1,CC15
E2961,Send PO to Supplier,2024-09-02T10:25:54Z,User9,CC12
E4032,Send PO to Supplier,2024-09-02T10:25:55Z,User37,CC1
E4215,Approve PO,2024-09-02T10:25:55Z,Manager1,CC20
E5587,Create PO,2024-09-02T10:25:56Z,User11,CC13
E5755,Create PO (Batch),2024-09-02T10:25:56Z,User43,CC4
E6102,Send PO to Supplier,2024-09-02T10:25:56Z,User41,CC4
E6347,Approve PO,2024-09-02T10:25:56Z,Manager2,CC9
E7389,Send PO to Supplier,2024-09-02T10:25:57Z,User43,CC6
E7640,Send PO to Supplier,2024-09-02T10:25:57Z,User50,CC4
E7910,Create PO,2024-09-02T10:25:57Z,User39,CC6
E8084,Approve PO,2024-09-02T10:25:57Z,Manager4,CC5
E871,Approve PO,2024-09-02T10:26:53Z,Manager3,CC14
E1369,Approve PO,2024-09-02T10:26:53Z,Manager7,CC2
E2998,Approve PO,2024-09-02T10:26:54Z,Manager2,CC6
E3034,Approve PO,2024-09-02T10:26:54Z,Manager6,CC16
E3079,Approve PO,2024-09-02T10:26:54Z,Manager1,CC6
E3116,Send PO to Supplier,2024-09-02T10:26:54Z,User11,CC5
E3223,Approve PO,2024-09-02T10:26:54Z,Manager7,CC16
E4353,Send PO to Supplier,2024-09-02T10:26:55Z,User26,CC4
E5674,Send PO to Supplier,2024-09-02T10:26:56Z,User23,CC20
E5833,Send PO to Supplier,2024-09-02T10:26:56Z,User39,CC2
E5921,Create PO,2024-09-02T10:26:56Z,User30,CC18
E6035,Send PO to Supplier,2024-09-02T10:26:56Z,User30,CC9
E6757,Create PO (Batch),2024-09-02T10:26:56Z,User29,CC20
E7158,Send PO to Supplier,2024-09-02T10:26:57Z,User1,CC2
E7325,Approve PO,2024-09-02T10:26:57Z,Manager7,CC18
E7507,Approve PO,2024-09-02T10:26:57Z,Manager3,CC3
E7535,Send PO to Supplier,2024-09-02T10:26:57Z,User25,CC4
E187,Send PO to Supplier,2024-09-02T10:27:53Z,User35,CC17
E571,Send PO to Supplier,2024-09-02T10:27:53Z,User41,CC11
E985,Approve PO,2024-09-02T10:27:53Z,Manager5,CC12
E1163,Send PO to Supplier,2024-09-02T10:27:53Z,User25,CC13
E1487,Create PO,2024-09-02T10:27:54Z,User14,CC12
E1551,Approve PO,2024-09-02T10:27:54Z,Manager1,CC13
E1578,Approve PO,2024-09-02T10:27:54Z,Manager5,CC3
E1596,Approve PO,2024-09-02T10:27:54Z,Manager5,CC18
E1653,Send PO to Supplier,2024-09-02T10:27:54Z,User23,CC19
E2045,Approve PO,2024-09-02T10:27:54Z,Manager1,CC16
E2367,Create PO,2024-09-02T10:27:54Z,User34,CC7
E3062,Send PO to Supplier,2024-09-02T10:27:54Z,User35,CC4
E3609,Approve PO,2024-09-02T10:27:55Z,Manager6,CC19
E4244,Approve PO,2024-09-02T10:27:55Z,Manager7,CC6
E5401,Send PO to Supplier,2024-09-02T10:27:56Z,User33,CC19
E5542,Send PO to Supplier,2024-09-02T10:27:56Z,User28,CC15
E5998,Approve PO,2024-09-02T10:27:56Z,Manager5,CC9
E6282,Approve PO,2024-09-02T10:27:56Z,Manager8,CC3
E6766,Create PO,2024-09-02T10:27:56Z,User44,CC12
E6980,Approve PO,2024-09-02T10:27:57Z,Manager2,CC3
E7775,Create PO (Batch),2024-09-02T10:27:57Z,User35,CC2
E8094,Send PO to Supplier,2024-09-02T10:27:57Z,User21,CC7
E8193,Create PO (Batch),2024-09-02T10:27:57Z,User39,CC7
E5,Send PO to Supplier,2024-09-02T10:28:53Z,User1,CC7
E13,Approve PO,2024-09-02T10:28:53Z,Manager4,CC10
E380,Send PO to Supplier,2024-09-02T10:28:53Z,User44,CC7
E670,Send PO to Supplier,2024-09-02T10:28:53Z,User23,CC20
E821,Create PO,2024-09-02T10:28:53Z,User27,CC18
E1051,Send PO to Supplier,2024-09-02T10:28:53Z,User14,CC3
E2782,Send PO to Supplier,2024-09-02T10:28:54Z,User41,CC4
E3071,Send PO to Supplier,2024-09-02T10:28:54Z,User18,CC18
E3196,Approve PO,2024-09-02T10:28:54Z,Manager10,CC13
E3417,Send PO to Supplier,2024-09-02T10:28:55Z,User4,CC3
E3873,Send PO to Supplier,2024-09-02T10:28:55Z,User22,CC6
E3945,Send PO to Supplier,2024-09-02T10:28:55Z,User4,CC12
E4298,Approve PO,2024-09-02T10:28:55Z,Manager9,CC3
E4907,Send PO to Supplier,2024-09-02T10:28:55Z,User34,CC5
E4970,Create PO,2024-09-02T10:28:55Z,User42,CC10
E5162,Approve PO,2024-09-02T10:28:56Z,Manager9,CC18
E5181,Create PO,2024-09-02T10:28:56Z,User43,CC5
E5850,Approve PO,2024-09-02T10:28:56Z,Manager6,CC4
E6291,Approve PO,2024-09-02T10:28:56Z,Manager3,CC12
E6329,Approve PO,2024-09-02T10:28:56Z,Manager10,CC6
E7317,Send PO to Supplier,2024-09-02T10:28:57Z,User50,CC20
E7380,Send PO to Supplier,2024-09-02T10:28:57Z,User36,CC10
E7610,Approve PO,2024-09-02T10:28:57Z,Manager3,CC14
E8269,Send PO to Supplier,2024-09-02T10:28:57Z,User15,CC16
E8295,Approve PO,2024-09-02T10:28:57Z,Manager4,CC7
E14,Send PO to Supplier,2024-09-02T10:29:53Z,User33,CC3
E294,Approve PO,2024-09-02T10:29:53Z,Manager10,CC17
E995,Send PO to Supplier,2024-09-02T10:29:53Z,User8,CC9
E1041,Approve PO,2024-09-02T10:29:53Z,Manager1,CC1
E1378,Approve PO,2024-09-02T10:29:53Z,Manager9,CC20
E3043,Approve PO,2024-09-02T10:29:54Z,Manager3,CC4
E3333,Approve PO,2024-09-02T10:29:54Z,Manager1,CC13
E4048,Create PO (Batch),2024-09-02T10:29:55Z,User39,CC1
E4142,Send PO to Supplier,2024-09-02T10:29:55Z,User28,CC5
E4272,Send PO to Supplier,2024-09-02T10:29:55Z,User18,CC20
E4397,Approve PO,2024-09-02T10:29:55Z,Manager7,CC17
E4839,Approve PO,2024-09-02T10:29:55Z,Manager7,CC10
E5479,Send PO to Supplier,2024-09-02T10:29:56Z,User23,CC18
E5712,Send PO to Supplier,2024-09-02T10:29:56Z,User47,CC17
E5886,Approve PO,2024-09-02T10:29:56Z,Manager2,CC15
E6044,Send PO to Supplier,2024-09-02T10:29:56Z,User25,CC7
E6482,Approve PO,2024-09-02T10:29:56Z,Manager8,CC20
E7260,Approve PO,2024-09-02T10:29:57Z,Manager1,CC11
E7443,Send PO to Supplier,2024-09-02T10:29:57Z,User48,CC12
E7496,Approve PO,2024-09-02T10:29:57Z,Manager4,CC15
E7759,Send PO to Supplier,2024-09-02T10:29:57Z,User3,CC7
E8029,Send PO to Supplier,2024-09-02T10:29:57Z,User36,CC6
E68,Send PO to Supplier,2024-09-02T10:30:53Z,User45,CC4
E814,Send PO to Supplier,2024-09-02T10:30:53Z,User34,CC10
E915,Create PO,2024-09-02T10:30:53Z,User15,CC4
E1172,Send PO to Supplier,2024-09-02T10:30:53Z,User40,CC9
E1613,Create PO,2024-09-02T10:30:54Z,User42,CC16
E1680,Send PO to Supplier,2024-09-02T10:30:54Z,User37,CC13
E2028,Send PO to Supplier,2024-09-02T10:30:54Z,User13,CC17
E2360,Send PO to Supplier,2024-09-02T10:30:54Z,User5,CC15
E2518,Approve PO,2024-09-02T10:30:54Z,Manager10,CC19
E3864,Send PO to Supplier,2024-09-02T10:30:55Z,User46,CC3
E3955,Approve PO,2024-09-02T10:30:55Z,Manager10,CC8
E4236,Send PO to Supplier,2024-09-02T10:30:55Z,User46,CC15
E4558,Create PO (Batch),2024-09-02T10:30:55Z,User47,CC10
E4925,Send PO to Supplier,2024-09-02T10:30:55Z,User26,CC6
E5191,Approve PO,2024-09-02T10:30:56Z,Manager2,CC7
E5702,Approve PO,2024-09-02T10:30:56Z,Manager5,CC10
E6882,Send PO to Supplier,2024-09-02T10:30:56Z,User21,CC5
E7451,Approve PO,2024-09-02T10:30:57Z,Manager9,CC19
E131,Send PO to Supplier,2024-09-02T10:31:53Z,User23,CC5
E986,Send PO to Supplier,2024-09-02T10:31:53Z,User19,CC10
E1614,Approve PO,2024-09-02T10:31:54Z,Manager4,CC17
E1859,Create PO,2024-09-02T10:31:54Z,User22,CC9
E1870,Send PO to Supplier,2024-09-02T10:31:54Z,User21,CC14
E2405,Send PO to Supplier,2024-09-02T10:31:54Z,User26,CC12
E2564,Send PO to Supplier,2024-09-02T10:31:54Z,User35,CC13
E2591,Send PO to Supplier,2024-09-02T10:31:54Z,User33,CC8
E3289,Send PO to Supplier,2024-09-02T10:31:54Z,User47,CC10
E3343,Send PO to Supplier,2024-09-02T10:31:54Z,User21,CC5
E3990,Create PO (Batch),2024-09-02T10:31:55Z,User32,CC16
E5409,Approve PO,2024-09-02T10:31:56Z,Manager8,CC3
E5464,Send PO to Supplier,2024-09-02T10:31:56Z,User46,CC14
E5647,Send PO to Supplier,2024-09-02T10:31:56Z,User12,CC1
E5841,Approve PO,2024-09-02T10:31:56Z,Manager5,CC8
E6051,Create PO,2024-09-02T10:31:56Z,User21,CC19
E6872,Approve PO,2024-09-02T10:31:56Z,Manager7,CC17
E6981,Send PO to Supplier,2024-09-02T10:31:57Z,User1,CC10
E7205,Send PO to Supplier,2024-09-02T10:31:57Z,User25,CC11
E7452,Send PO to Supplier,2024-09-02T10:31:57Z,User15,CC1
E7776,Approve PO,2024-09-02T10:31:57Z,Manager2,CC20
E7821,Approve PO,2024-09-02T10:31:57Z,Manager3,CC12
E8075,Approve PO,2024-09-02T10:31:57Z,Manager2,CC17
E8223,Approve PO,2024-09-02T10:31:57Z,Manager2,CC10
E507,Approve PO,2024-09-02T10:32:53Z,Manager4,CC11
E1579,Send PO to Supplier,2024-09-02T10:32:54Z,User16,CC7
E1748,Approve PO,2024-09-02T10:32:54Z,Manager7,CC13
E2333,Send PO to Supplier,2024-09-02T10:32:54Z,User23,CC14
E2914,Send PO to Supplier,2024-09-02T10:32:54Z,User38,CC19
E3574,Send PO to Supplier,2024-09-02T10:32:55Z,User36,CC6
E4104,Send PO to Supplier,2024-09-02T10:32:55Z,User33,CC20
E4168,Approve PO,2024-09-02T10:32:55Z,Manager9,CC2
E4793,Send PO to Supplier,2024-09-02T10:32:55Z,User43,CC11
E5273,Send PO to Supplier,2024-09-02T10:32:56Z,User5,CC9
E5931,Approve PO,2024-09-02T10:32:56Z,Manager8,CC8
E6091,Send PO to Supplier,2024-09-02T10:32:56Z,User15,CC19
E6545,Approve PO,2024-09-02T10:32:56Z,Manager7,CC5
E6779,Send PO to Supplier,2024-09-02T10:32:56Z,User31,CC6
E6814,Approve PO,2024-09-02T10:32:56Z,Manager1,CC5
E6953,Approve PO,2024-09-02T10:32:57Z,Manager3,CC3
E6990,Send PO to Supplier,2024-09-02T10:32:57Z,User21,CC12
E7488,Send PO to Supplier,2024-09-02T10:32:57Z,User20,CC12
E7732,Send PO to Supplier,2024-09-02T10:32:57Z,User9,CC9
E7848,Approve PO,2024-09-02T10:32:57Z,Manager10,CC18
E7930,Send PO to Supplier,2024-09-02T10:32:57Z,User44,CC5
E8194,Approve PO,2024-09-02T10:32:57Z,Manager1,CC20
E214,Send PO to Supplier,2024-09-02T10:33:53Z,User25,CC3
E697,Send PO to Supplier,2024-09-02T10:33:53Z,User17,CC4
E880,Approve PO,2024-09-02T10:33:53Z,Manager10,CC5
E1095,Approve PO,2024-09-02T10:33:53Z,Manager3,CC7
E1252,Approve PO,2024-09-02T10:33:53Z,Manager8,CC8
E1386,Create PO (Batch),2024-09-02T10:33:53Z,User2,CC6
E2904,Approve PO,2024-09-02T10:33:54Z,Manager4,CC2
E3169,Approve PO,2024-09-02T10:33:54Z,Manager8,CC20
E3692,Approve PO,2024-09-02T10:33:55Z,Manager7,CC11
E3965,Send PO to Supplier,2024-09-02T10:33:55Z,User43,CC1
E4461,Send PO to Supplier,2024-09-02T10:33:55Z,User15,CC1
E4725,Approve PO,2024-09-02T10:33:55Z,Manager5,CC6
E4857,Approve PO,2024-09-02T10:33:55Z,Manager1,CC2
E5027,Approve PO,2024-09-02T10:33:55Z,Manager10,CC16
E5319,Approve PO,2024-09-02T10:33:56Z,Manager4,CC3
E5427,Approve PO,2024-09-02T10:33:56Z,Manager6,CC5
E5748,Send PO to Supplier,2024-09-02T10:33:56Z,User44,CC17
E5912,Create PO,2024-09-02T10:33:56Z,User12,CC12
E6536,Approve PO,2024-09-02T10:33:56Z,Manager6,CC3
E6621,Approve PO,2024-09-02T10:33:56Z,Manager2,CC3
E7027,Approve PO,2024-09-02T10:33:57Z,Manager2,CC11
E7343,Approve PO,2024-09-02T10:33:57Z,Manager6,CC14
E7620,Send PO to Supplier,2024-09-02T10:33:57Z,User3,CC18
E7649,Send PO to Supplier,2024-09-02T10:33:57Z,User34,CC16
E85,Approve PO,2024-09-02T10:34:53Z,Manager5,CC20
E1534,Send PO to Supplier,2024-09-02T10:34:54Z,User18,CC8
E2323,Approve PO,2024-09-02T10:34:54Z,Manager6,CC9
E3280,Send PO to Supplier,2024-09-02T10:34:54Z,User49,CC16
E3828,Send PO to Supplier,2024-09-02T10:34:55Z,User10,CC8
E5254,Approve PO,2024-09-02T10:34:56Z,Manager9,CC4
E5337,Approve PO,2024-09-02T10:34:56Z,Manager4,CC4
E5410,Send PO to Supplier,2024-09-02T10:34:56Z,User22,CC20
E5877,Approve PO,2024-09-02T10:34:56Z,Manager1,CC6
E5990,Send PO to Supplier,2024-09-02T10:34:56Z,User12,CC17
E6339,Send PO to Supplier,2024-09-02T10:34:56Z,User33,CC6
E6393,Send PO to Supplier,2024-09-02T10:34:56Z,User37,CC4
E6410,Approve PO,2024-09-02T10:34:56Z,Manager8,CC9
E6889,Create PO (Batch),2024-09-02T10:34:56Z,User9,CC17
E7178,Send PO to Supplier,2024-09-02T10:34:57Z,User44,CC8
E8085,Send PO to Supplier,2024-09-02T10:34:57Z,User31,CC8
E606,Approve PO,2024-09-02T10:35:53Z,Manager3,CC5
E741,Approve PO,2024-09-02T10:35:53Z,Manager6,CC1
E822,Approve PO,2024-09-02T10:35:53Z,Manager6,CC20
E1488,Approve PO,2024-09-02T10:35:54Z,Manager6,CC7
E2064,Send PO to Supplier,2024-09-02T10:35:54Z,User9,CC4
E2092,Approve PO,2024-09-02T10:35:54Z,Manager4,CC2
E2385,Create PO (Batch),2024-09-02T10:35:54Z,User24,CC4
E2519,Send PO to Supplier,2024-09-02T10:35:54Z,User50,CC1
E3197,Send PO to Supplier,2024-09-02T10:35:54Z,User49,CC13
E3444,Send PO to Supplier,2024-09-02T10:35:55Z,User17,CC14
E3782,Approve PO,2024-09-02T10:35:55Z,Manager9,CC10
E3817,Create PO,2024-09-02T10:35:55Z,User14,CC10
E4178,Send PO to Supplier,2024-09-02T10:35:55Z,User1,CC4
E5136,Send PO to Supplier,2024-09-02T10:35:55Z,User31,CC12
E6437,Approve PO,2024-09-02T10:35:56Z,Manager2,CC7
E6622,Send PO to Supplier,2024-09-02T10:35:56Z,User5,CC14
E6815,Send PO to Supplier,2024-09-02T10:35:56Z,User37,CC16
E6862,Send PO to Supplier,2024-09-02T10:35:56Z,User50,CC7
E76,Approve PO,2024-09-02T10:36:53Z,Manager5,CC11
E1643,Approve PO,2024-09-02T10:36:54Z,Manager2,CC1
E1842,Approve PO,2024-09-02T10:36:54Z,Manager10,CC20
E2220,Approve PO,2024-09-02T10:36:54Z,Manager9,CC18
E2868,Approve PO,2024-09-02T10:36:54Z,Manager1,CC13
E4542,Send PO to Supplier,2024-09-02T10:36:55Z,User37,CC15
E4717,Send PO to Supplier,2024-09-02T10:36:55Z,User18,CC8
E4827,Create PO (Batch),2024-09-02T10:36:55Z,User38,CC1
E4879,Approve PO,2024-09-02T10:36:55Z,Manager8,CC20
E5664,Approve PO,2024-09-02T10:36:56Z,Manager3,CC5
E6017,Send PO to Supplier,2024-09-02T10:36:56Z,User50,CC8
E6447,Send PO to Supplier,2024-09-02T10:36:56Z,User4,CC5
E7250,Send PO to Supplier,2024-09-02T10:36:57Z,User3,CC3
E7740,Approve PO,2024-09-02T10:36:57Z,Manager6,CC15
E8129,Approve PO,2024-09-02T10:36:57Z,Manager6,CC10
E8258,Create PO,2024-09-02T10:36:57Z,User11,CC13
E348,Approve PO,2024-09-02T10:37:53Z,Manager1,CC14
E651,Approve PO,2024-09-02T10:37:53Z,Manager5,CC4
E679,Send PO to Supplier,2024-09-02T10:37:53Z,User44,CC13
E1189,Approve PO,2024-09-02T10:37:53Z,Manager5,CC17
E1632,Approve PO,2024-09-02T10:37:54Z,Manager6,CC8
E1711,Create PO,2024-09-02T10:37:54Z,User38,CC3
E1964,Send PO to Supplier,2024-09-02T10:37:54Z,User41,CC11
E2046,Send PO to Supplier,2024-09-02T10:37:54Z,User1,CC3
E2075,Send PO to Supplier,2024-09-02T10:37:54Z,User10,CC11
E2488,Send PO to Supplier,2024-09-02T10:37:54Z,User24,CC12
E2527,Approve PO,2024-09-02T10:37:54Z,Manager7,CC7
E3591,Approve PO,2024-09-02T10:37:55Z,Manager4,CC4
E4160,Send PO to Supplier,2024-09-02T10:37:55Z,User41,CC16
E4487,Approve PO,2024-09-02T10:37:55Z,Manager10,CC12
E5019,Send PO to Supplier,2024-09-02T10:37:55Z,User37,CC15
E5382,Approve PO,2024-09-02T10:37:56Z,Manager4,CC20
E5608,Approve PO,2024-09-02T10:37:56Z,Manager6,CC18
E5694,Send PO to Supplier,2024-09-02T10:37:56Z,User35,CC4
E5822,Create PO (Batch),2024-09-02T10:37:56Z,User3,CC19
E6226,Approve PO,2024-09-02T10:37:56Z,Manager1,CC12
E6630,Approve PO,2024-09-02T10:37:56Z,Manager4,CC2
E6686,Approve PO,2024-09-02T10:37:56Z,Manager2,CC1
E6909,Send PO to Supplier,2024-09-02T10:37:56Z,User12,CC9
E6999,Send PO to Supplier,2024-09-02T10:37:57Z,User11,CC3
E7591,Send PO to Supplier,2024-09-02T10:37:57Z,User38,CC9
E7629,Create PO,2024-09-02T10:37:57Z,User25,CC15
E552,Approve PO,2024-09-02T10:38:53Z,Manager8,CC14
E777,Approve PO,2024-09-02T10:38:53Z,Manager1,CC1
E1207,Approve PO,2024-09-02T10:38:53Z,Manager10,CC2
E1441,Approve PO,2024-09-02T10:38:53Z,Manager9,CC12
E1459,Approve PO,2024-09-02T10:38:53Z,Manager10,CC20
E1834,Send PO to Supplier,2024-09-02T10:38:54Z,User34,CC12
E2665,Send PO to Supplier,2024-09-02T10:38:54Z,User43,CC18
E3016,Approve PO,2024-09-02T10:38:54Z,Manager8,CC13
E3297,Approve PO,2024-09-02T10:38:54Z,Manager4,CC9
E3361,Send PO to Supplier,2024-09-02T10:38:54Z,User13,CC12
E4086,Send PO to Supplier,2024-09-02T10:38:55Z,User8,CC4
E4524,Send PO to Supplier,2024-09-02T10:38:55Z,User33,CC10
E5235,Create PO (Batch),2024-09-02T10:38:56Z,User30,CC9
E7407,Send PO to Supplier,2024-09-02T10:38:57Z,User33,CC2
E7875,Approve PO,2024-09-02T10:38:57Z,Manager4,CC7
E7957,Send PO to Supplier,2024-09-02T10:38:57Z,User27,CC19
E50,Send PO to Supplier,2024-09-02T10:39:53Z,User14,CC13
E787,Send PO to Supplier,2024-09-02T10:39:53Z,User7,CC19
E823,Send PO to Supplier,2024-09-02T10:39:53Z,User10,CC17
E1244,Send PO to Supplier,2024-09-02T10:39:53Z,User41,CC9
E1261,Approve PO,2024-09-02T10:39:53Z,Manager4,CC11
E1333,Approve PO,2024-09-02T10:39:53Z,Manager9,CC5
E1860,Approve PO,2024-09-02T10:39:54Z,Manager7,CC13
E1973,Send PO to Supplier,2024-09-02T10:39:54Z,User26,CC20
E2166,Approve PO,2024-09-02T10:39:54Z,Manager5,CC10
E2248,Send PO to Supplier,2024-09-02T10:39:54Z,User38,CC10
E2546,Send PO to Supplier,2024-09-02T10:39:54Z,User6,CC2
E3125,Send PO to Supplier,2024-09-02T10:39:54Z,User19,CC20
E3398,Approve PO,2024-09-02T10:39:55Z,Manager2,CC10
E4423,Create PO,2024-09-02T10:39:55Z,User41,CC9
E5236,Approve PO,2024-09-02T10:39:56Z,Manager10,CC8
E5532,Approve PO,2024-09-02T10:39:56Z,Manager7,CC14
E5842,Send PO to Supplier,2024-09-02T10:39:56Z,User34,CC17
E6155,Send PO to Supplier,2024-09-02T10:39:56Z,User42,CC13
E7911,Approve PO,2024-09-02T10:39:57Z,Manager9,CC20
E750,Approve PO,2024-09-02T10:40:53Z,Manager3,CC11
E872,Send PO to Supplier,2024-09-02T10:40:53Z,User32,CC13
E1687,Create PO (Batch),2024-09-02T10:40:54Z,User11,CC3
E2509,Approve PO,2024-09-02T10:40:54Z,Manager9,CC18
E2791,Send PO to Supplier,2024-09-02T10:40:54Z,User11,CC14
E2895,Approve PO,2024-09-02T10:40:54Z,Manager2,CC5
E3909,Send PO to Supplier,2024-09-02T10:40:55Z,User36,CC20
E4389,Send PO to Supplier,2024-09-02T10:40:55Z,User12,CC12
E4567,Create PO,2024-09-02T10:40:55Z,User5,CC13
E4783,Approve PO,2024-09-02T10:40:55Z,Manager3,CC12
E5794,Approve PO,2024-09-02T10:40:56Z,Manager2,CC15
E5859,Approve PO,2024-09-02T10:40:56Z,Manager8,CC9
E5905,Send PO to Supplier,2024-09-02T10:40:56Z,User27,CC18
E6191,Send PO to Supplier,2024-09-02T10:40:56Z,User49,CC1
E6301,Send PO to Supplier,2024-09-02T10:40:56Z,User14,CC15
E6401,Approve PO,2024-09-02T10:40:56Z,Manager9,CC13
E7109,Send PO to Supplier,2024-09-02T10:40:57Z,User4,CC7
E7326,Send PO to Supplier,2024-09-02T10:40:57Z,User2,CC19
E7768,Send PO to Supplier,2024-09-02T10:40:57Z,User42,CC6
E7784,Create PO,2024-09-02T10:40:57Z,User21,CC16
E8232,Approve PO,2024-09-02T10:40:57Z,Manager8,CC17
E544,Send PO to Supplier,2024-09-02T10:41:53Z,User49,CC18
E732,Approve PO,2024-09-02T10:41:53Z,Manager6,CC17
E834,Send PO to Supplier,2024-09-02T10:41:53Z,User31,CC5
E854,Send PO to Supplier,2024-09-02T10:41:53Z,User48,CC20
E2083,Approve PO,2024-09-02T10:41:54Z,Manager10,CC12
E2421,Create PO,2024-09-02T10:41:54Z,User36,CC16
E2832,Approve PO,2024-09-02T10:41:54Z,Manager3,CC16
E2869,Send PO to Supplier,2024-09-02T10:41:54Z,User39,CC3
E3152,Send PO to Supplier,2024-09-02T10:41:54Z,User10,CC5
E3899,Approve PO,2024-09-02T10:41:55Z,Manager10,CC19
E4012,Create PO (Batch),2024-09-02T10:41:55Z,User4,CC15
E4245,Send PO to Supplier,2024-09-02T10:41:55Z,User12,CC5
E5523,Approve PO,2024-09-02T10:41:56Z,Manager9,CC11
E6546,Send PO to Supplier,2024-09-02T10:41:56Z,User24,CC14
E6797,Send PO to Supplier,2024-09-02T10:41:56Z,User8,CC11
E7461,Send PO to Supplier,2024-09-02T10:41:57Z,User47,CC2
E7553,Send PO to Supplier,2024-09-02T10:41:57Z,User40,CC10
E7785,Approve PO,2024-09-02T10:41:57Z,Manager6,CC11
E59,Send PO to Supplier,2024-09-02T10:42:53Z,User13,CC18
E222,Approve PO,2024-09-02T10:42:53Z,Manager6,CC2
E615,Approve PO,2024-09-02T10:42:53Z,Manager1,CC13
E795,Approve PO,2024-09-02T10:42:53Z,Manager1,CC11
E862,Approve PO,2024-09-02T10:42:53Z,Manager4,CC6
E1105,Send PO to Supplier,2024-09-02T10:42:53Z,User5,CC19
E1767,Send PO to Supplier,2024-09-02T10:42:54Z,User42,CC13
E2412,Create PO (Batch),2024-09-02T10:42:54Z,User49,CC3
E3232,Approve PO,2024-09-02T10:42:54Z,Manager7,CC1
E3307,Send PO to Supplier,2024-09-02T10:42:54Z,User39,CC6
E3774,Send PO to Supplier,2024-09-02T10:42:55Z,User22,CC13
E4623,Send PO to Supplier,2024-09-02T10:42:55Z,User40,CC11
E5756,Approve PO,2024-09-02T10:42:56Z,Manager1,CC20
E6602,Send PO to Supplier,2024-09-02T10:42:56Z,User13,CC2
E7686,Approve PO,2024-09-02T10:42:57Z,Manager7,CC20
E8011,Send PO to Supplier,2024-09-02T10:42:57Z,User28,CC5
E8119,Create PO (Batch),2024-09-02T10:42:57Z,User34,CC13
E8177,Send PO to Supplier,2024-09-02T10:42:57Z,User21,CC5
E598,Send PO to Supplier,2024-09-02T10:43:53Z,User8,CC15
E916,Approve PO,2024-09-02T10:43:53Z,Manager4,CC10
E1413,Create PO,2024-09-02T10:43:53Z,User50,CC6
E1597,Send PO to Supplier,2024-09-02T10:43:54Z,User13,CC13
E2554,Approve PO,2024-09-02T10:43:54Z,Manager3,CC9
E2772,Approve PO,2024-09-02T10:43:54Z,Manager6,CC17
E2878,Send PO to Supplier,2024-09-02T10:43:54Z,User42,CC6
E3324,Approve PO,2024-09-02T10:43:54Z,Manager6,CC3
E5560,Send PO to Supplier,2024-09-02T10:43:56Z,User9,CC5
E5775,Send PO to Supplier,2024-09-02T10:43:56Z,User30,CC8
E7666,Approve PO,2024-09-02T10:43:57Z,Manager1,CC7
E8130,Send PO to Supplier,2024-09-02T10:43:57Z,User44,CC16
E23,Send PO to Supplier,2024-09-02T10:44:53Z,User3,CC7
E232,Send PO to Supplier,2024-09-02T10:44:53Z,User28,CC10
E1086,Approve PO,2024-09-02T10:44:53Z,Manager1,CC6
E1253,Send PO to Supplier,2024-09-02T10:44:53Z,User34,CC15
E1505,Create PO,2024-09-02T10:44:54Z,User11,CC13
E2102,Send PO to Supplier,2024-09-02T10:44:54Z,User2,CC5
E2157,Approve PO,2024-09-02T10:44:54Z,Manager1,CC3
E2692,Send PO to Supplier,2024-09-02T10:44:54Z,User8,CC17
E5064,Send PO to Supplier,2024-09-02T10:44:55Z,User11,CC10
E5618,Send PO to Supplier,2024-09-02T10:44:56Z,User26,CC10
E6348,Send PO to Supplier,2024-09-02T10:44:56Z,User25,CC13
E6411,Send PO to Supplier,2024-09-02T10:44:56Z,User13,CC12
E7222,Approve PO,2024-09-02T10:44:57Z,Manager1,CC20
E7370,Approve PO,2024-09-02T10:44:57Z,Manager3,CC16
E7581,Approve PO,2024-09-02T10:44:57Z,Manager8,CC8
E160,Send PO to Supplier,2024-09-02T10:45:53Z,User14,CC7
E295,Send PO to Supplier,2024-09-02T10:45:53Z,User28,CC10
E303,Approve PO,2024-09-02T10:45:53Z,Manager6,CC11
E889,Approve PO,2024-09-02T10:45:53Z,Manager1,CC1
E1470,Approve PO,2024-09-02T10:45:54Z,Manager1,CC20
E2442,Approve PO,2024-09-02T10:45:54Z,Manager7,CC12
E2479,Send PO to Supplier,2024-09-02T10:45:54Z,User47,CC7
E3610,Send PO to Supplier,2024-09-02T10:45:55Z,User31,CC4
E4433,Approve PO,2024-09-02T10:45:55Z,Manager2,CC4
E5979,Create PO (Batch),2024-09-02T10:45:56Z,User7,CC14
E6164,Send PO to Supplier,2024-09-02T10:45:56Z,User29,CC5
E6373,Create PO,2024-09-02T10:45:56Z,User24,CC8
E6732,Send PO to Supplier,2024-09-02T10:45:56Z,User8,CC7
E7073,Send PO to Supplier,2024-09-02T10:45:57Z,User2,CC16
E7884,Approve PO,2024-09-02T10:45:57Z,Manager6,CC6
E8046,Approve PO,2024-09-02T10:45:57Z,Manager9,CC7
E8250,Approve PO,2024-09-02T10:45:57Z,Manager2,CC16
E121,Approve PO,2024-09-02T10:46:53Z,Manager4,CC10
E844,Approve PO,2024-09-02T10:46:53Z,Manager4,CC20
E1125,Send PO to Supplier,2024-09-02T10:46:53Z,User10,CC16
E1878,Approve PO,2024-09-02T10:46:54Z,Manager6,CC12
E2497,Send PO to Supplier,2024-09-02T10:46:54Z,User30,CC13
E3026,Send PO to Supplier,2024-09-02T10:46:54Z,User14,CC10
E3927,Send PO to Supplier,2024-09-02T10:46:55Z,User23,CC5
E4587,Send PO to Supplier,2024-09-02T10:46:55Z,User21,CC6
E4643,Send PO to Supplier,2024-09-02T10:46:55Z,User15,CC2
E4847,Create PO,2024-09-02T10:46:55Z,User12,CC3
E4915,Approve PO,2024-09-02T10:46:55Z,Manager4,CC12
E5524,Send PO to Supplier,2024-09-02T10:46:56Z,User14,CC8
E5609,Send PO to Supplier,2024-09-02T10:46:56Z,User5,CC18
E5739,Send PO to Supplier,2024-09-02T10:46:56Z,User1,CC5
E5962,Approve PO,2024-09-02T10:46:56Z,Manager6,CC8
E6008,Send PO to Supplier,2024-09-02T10:46:56Z,User1,CC2
E7362,Send PO to Supplier,2024-09-02T10:46:57Z,User46,CC10
E122,Send PO to Supplier,2024-09-02T10:47:53Z,User29,CC13
E423,Create PO,2024-09-02T10:47:53Z,User44,CC20
E1351,Approve PO,2024-09-02T10:47:53Z,Manager4,CC1
E1433,Send PO to Supplier,2024-09-02T10:47:53Z,User6,CC12
E1925,Approve PO,2024-09-02T10:47:54Z,Manager6,CC2
E1934,Approve PO,2024-09-02T10:47:54Z,Manager9,CC12
E2194,Send PO to Supplier,2024-09-02T10:47:54Z,User38,CC1
E3471,Send PO to Supplier,2024-09-02T10:47:55Z,User16,CC16
E4469,Approve PO,2024-09-02T10:47:55Z,Manager2,CC14
E7037,Send PO to Supplier,2024-09-02T10:47:57Z,User34,CC6
E7212,Create PO,2024-09-02T10:47:57Z,User23,CC18
E7261,Send PO to Supplier,2024-09-02T10:47:57Z,User5,CC12
E8047,Send PO to Supplier,2024-09-02T10:47:57Z,User32,CC19
E102,Create PO (Batch),2024-09-02T10:48:53Z,User1,CC13
E407,Send PO to Supplier,2024-09-02T10:48:53Z,User26,CC13
E1423,Approve PO,2024-09-02T10:48:53Z,Manager6,CC1
E2728,Send PO to Supplier,2024-09-02T10:48:54Z,User43,CC18
E2987,Approve PO,2024-09-02T10:48:54Z,Manager8,CC9
E3583,Send PO to Supplier,2024-09-02T10:48:55Z,User5,CC5
E3792,Send PO to Supplier,2024-09-02T10:48:55Z,User28,CC6
E4195,Approve PO,2024-09-02T10:48:55Z,Manager4,CC2
E5228,Send PO to Supplier,2024-09-02T10:48:56Z,User50,CC19
E5551,Send PO to Supplier,2024-09-02T10:48:56Z,User2,CC5
E5999,Send PO to Supplier,2024-09-02T10:48:56Z,User9,CC11
E6062,Send PO to Supplier,2024-09-02T10:48:56Z,User32,CC12
E6208,Approve PO,2024-09-02T10:48:56Z,Manager10,CC12
E6528,Send PO to Supplier,2024-09-02T10:48:56Z,User15,CC16
E6963,Send PO to Supplier,2024-09-02T10:48:57Z,User10,CC10
E7008,Send PO to Supplier,2024-09-02T10:48:57Z,User28,CC9
E7749,Approve PO,2024-09-02T10:48:57Z,Manager10,CC11
E415,Approve PO,2024-09-02T10:49:53Z,Manager7,CC11
E733,Send PO to Supplier,2024-09-02T10:49:53Z,User17,CC13
E899,Send PO to Supplier,2024-09-02T10:49:53Z,User28,CC15
E1032,Approve PO,2024-09-02T10:49:53Z,Manager5,CC16
E1414,Approve PO,2024-09-02T10:49:53Z,Manager10,CC5
E1561,Send PO to Supplier,2024-09-02T10:49:54Z,User18,CC6
E1662,Send PO to Supplier,2024-09-02T10:49:54Z,User1,CC2
E2239,Send PO to Supplier,2024-09-02T10:49:54Z,User4,CC7
E2701,Send PO to Supplier,2024-09-02T10:49:54Z,User18,CC6
E2930,Create PO (Batch),2024-09-02T10:49:54Z,User46,CC1
E4934,Send PO to Supplier,2024-09-02T10:49:55Z,User37,CC18
E5045,Approve PO,2024-09-02T10:49:55Z,Manager5,CC16
E5246,Send PO to Supplier,2024-09-02T10:49:56Z,User16,CC8
E5383,Send PO to Supplier,2024-09-02T10:49:56Z,User32,CC5
E5515,Send PO to Supplier,2024-09-02T10:49:56Z,User10,CC7
E6758,Approve PO,2024-09-02T10:49:56Z,Manager6,CC14
E6853,Send PO to Supplier,2024-09-02T10:49:56Z,User4,CC19
E6945,Send PO to Supplier,2024-09-02T10:49:57Z,User40,CC13
E7885,Send PO to Supplier,2024-09-02T10:49:57Z,User3,CC8
E525,Approve PO,2024-09-02T10:50:53Z,Manager4,CC2
E1004,Send PO to Supplier,2024-09-02T10:50:53Z,User10,CC9
E1262,Send PO to Supplier,2024-09-02T10:50:53Z,User23,CC5
E1986,Send PO to Supplier,2024-09-02T10:50:54Z,User46,CC3
E4041,Send PO to Supplier,2024-09-02T10:50:55Z,User5,CC3
E4559,Approve PO,2024-09-02T10:50:55Z,Manager1,CC2
E4614,Send PO to Supplier,2024-09-02T10:50:55Z,User30,CC7
E4689,Approve PO,2024-09-02T10:50:55Z,Manager4,CC15
E4963,Send PO to Supplier,2024-09-02T10:50:55Z,User11,CC10
E6131,Send PO to Supplier,2024-09-02T10:50:56Z,User40,CC16
E6173,Send PO to Supplier,2024-09-02T10:50:56Z,User38,CC15
E7126,Approve PO,2024-09-02T10:50:57Z,Manager2,CC16
E7187,Send PO to Supplier,2024-09-02T10:50:57Z,User21,CC8
E7795,Send PO to Supplier,2024-09-02T10:50:57Z,User10,CC11
E86,Send PO to Supplier,2024-09-02T10:51:53Z,User34,CC18
E642,Approve PO,2024-09-02T10:51:53Z,Manager9,CC15
E1087,Send PO to Supplier,2024-09-02T10:51:53Z,User48,CC5
E1225,Approve PO,2024-09-02T10:51:53Z,Manager7,CC7
E1624,Send PO to Supplier,2024-09-02T10:51:54Z,User27,CC14
E3890,Approve PO,2024-09-02T10:51:55Z,Manager3,CC11
E3982,Approve PO,2024-09-02T10:51:55Z,Manager2,CC17
E4424,Approve PO,2024-09-02T10:51:55Z,Manager10,CC2
E5082,Send PO to Supplier,2024-09-02T10:51:55Z,User27,CC18
E5506,Send PO to Supplier,2024-09-02T10:51:56Z,User34,CC9
E5665,Send PO to Supplier,2024-09-02T10:51:56Z,User32,CC1
E6263,Send PO to Supplier,2024-09-02T10:51:56Z,User28,CC20
E6592,Approve PO,2024-09-02T10:51:56Z,Manager9,CC17
E6899,Approve PO,2024-09-02T10:51:56Z,Manager2,CC8
E223,Send PO to Supplier,2024-09-02T10:52:53Z,User2,CC2
E2528,Send PO to Supplier,2024-09-02T10:52:54Z,User6,CC11
E3837,Send PO to Supplier,2024-09-02T10:52:55Z,User23,CC18
E7544,Send PO to Supplier,2024-09-02T10:52:57Z,User5,CC12
E7876,Send PO to Supplier,2024-09-02T10:52:57Z,User18,CC4
E240,Approve PO,2024-09-02T10:53:53Z,Manager1,CC14
E259,Send PO to Supplier,2024-09-02T10:53:53Z,User24,CC12
E907,Approve PO,2024-09-02T10:53:53Z,Manager3,CC4
E1116,Send PO to Supplier,2024-09-02T10:53:53Z,User7,CC14
E2093,Send PO to Supplier,2024-09-02T10:53:54Z,User1,CC20
E2341,Approve PO,2024-09-02T10:53:54Z,Manager9,CC8
E2378,Send PO to Supplier,2024-09-02T10:53:54Z,User30,CC12
E5073,Send PO to Supplier,2024-09-02T10:53:55Z,User42,CC8
E5255,Send PO to Supplier,2024-09-02T10:53:56Z,User36,CC15
E5311,Send PO to Supplier,2024-09-02T10:53:56Z,User29,CC6
E5347,Send PO to Supplier,2024-09-02T10:53:56Z,User38,CC19
E5374,Send PO to Supplier,2024-09-02T10:53:56Z,User17,CC7
E5588,Approve PO,2024-09-02T10:53:56Z,Manager3,CC14
E7223,Send PO to Supplier,2024-09-02T10:53:57Z,User13,CC16
E7722,Approve PO,2024-09-02T10:53:57Z,Manager2,CC7
E1315,Approve PO,2024-09-02T10:54:53Z,Manager4,CC11
E1552,Send PO to Supplier,2024-09-02T10:54:54Z,User18,CC1
E2978,Approve PO,2024-09-02T10:54:54Z,Manager6,CC1
E3187,Approve PO,2024-09-02T10:54:54Z,Manager2,CC8
E4344,Send PO to Supplier,2024-09-02T10:54:55Z,User2,CC4
E4916,Send PO to Supplier,2024-09-02T10:54:55Z,User1,CC5
E6292,Send PO to Supplier,2024-09-02T10:54:56Z,User43,CC9
E7516,Approve PO,2024-09-02T10:54:57Z,Manager10,CC1
E723,Approve PO,2024-09-02T10:55:53Z,Manager6,CC2
E1142,Approve PO,2024-09-02T10:55:53Z,Manager1,CC12
E1154,Send PO to Supplier,2024-09-02T10:55:53Z,User48,CC10
E4299,Send PO to Supplier,2024-09-02T10:55:55Z,User26,CC8
E5941,Send PO to Supplier,2024-09-02T10:55:56Z,User48,CC11
E6759,Send PO to Supplier,2024-09-02T10:55:56Z,User4,CC17
E938,Approve PO,2024-09-02T10:56:53Z,Manager8,CC9
E1387,Approve PO,2024-09-02T10:56:53Z,Manager4,CC1
E1460,Send PO to Supplier,2024-09-02T10:56:53Z,User50,CC6
E1588,Send PO to Supplier,2024-09-02T10:56:54Z,User45,CC4
E2016,Approve PO,2024-09-02T10:56:54Z,Manager9,CC2
E3809,Approve PO,2024-09-02T10:56:55Z,Manager5,CC14
E4169,Send PO to Supplier,2024-09-02T10:56:55Z,User17,CC2
E4204,Approve PO,2024-09-02T10:56:55Z,Manager6,CC12
E4820,Send PO to Supplier,2024-09-02T10:56:55Z,User42,CC20
E5192,Send PO to Supplier,2024-09-02T10:56:56Z,User16,CC4
E6245,Send PO to Supplier,2024-09-02T10:56:56Z,User34,CC15
E6483,Send PO to Supplier,2024-09-02T10:56:56Z,User49,CC18
E6537,Send PO to Supplier,2024-09-02T10:56:56Z,User19,CC15
E7423,Create PO (Batch),2024-09-02T10:56:57Z,User6,CC8
E370,Approve PO,2024-09-02T10:57:53Z,Manager1,CC2
E616,Send PO to Supplier,2024-09-02T10:57:53Z,User12,CC2
E705,Approve PO,2024-09-02T10:57:53Z,Manager6,CC14
E881,Send PO to Supplier,2024-09-02T10:57:53Z,User12,CC12
E2813,Create PO (Batch),2024-09-02T10:57:54Z,User27,CC20
E3555,Approve PO,2024-09-02T10:57:55Z,Manager4,CC15
E3565,Send PO to Supplier,2024-09-02T10:57:55Z,User37,CC14
E3601,Send PO to Supplier,2024-09-02T10:57:55Z,User26,CC19
E3656,Approve PO,2024-09-02T10:57:55Z,Manager8,CC3
E5299,Approve PO,2024-09-02T10:57:56Z,Manager10,CC8
E6274,Send PO to Supplier,2024-09-02T10:57:56Z,User3,CC2
E6954,Send PO to Supplier,2024-09-02T10:57:57Z,User21,CC18
E7082,Send PO to Supplier,2024-09-02T10:57:57Z,User23,CC6
E460,Approve PO,2024-09-02T10:58:53Z,Manager9,CC18
E796,Send PO to Supplier,2024-09-02T10:58:53Z,User42,CC2
E3408,Send PO to Supplier,2024-09-02T10:58:55Z,User21,CC3
E3628,Send PO to Supplier,2024-09-02T10:58:55Z,User27,CC5
E4379,Approve PO,2024-09-02T10:58:55Z,Manager7,CC7
E4672,Send PO to Supplier,2024-09-02T10:58:55Z,User40,CC15
E5320,Send PO to Supplier,2024-09-02T10:58:56Z,User43,CC19
E7308,Send PO to Supplier,2024-09-02T10:58:57Z,User41,CC3
E7611,Send PO to Supplier,2024-09-02T10:58:57Z,User31,CC15
E562,Send PO to Supplier,2024-09-02T10:59:53Z,User12,CC6
E742,Send PO to Supplier,2024-09-02T10:59:53Z,User24,CC7
E2008,Send PO to Supplier,2024-09-02T10:59:54Z,User7,CC8
E2185,Send PO to Supplier,2024-09-02T10:59:54Z,User10,CC17
E3035,Send PO to Supplier,2024-09-02T10:59:54Z,User42,CC3
E3224,Send PO to Supplier,2024-09-02T10:59:54Z,User31,CC20
E3619,Send PO to Supplier,2024-09-02T10:59:55Z,User23,CC3
E3747,Send PO to Supplier,2024-09-02T10:59:55Z,User47,CC9
E3956,Send PO to Supplier,2024-09-02T10:59:55Z,User23,CC13
E4858,Send PO to Supplier,2024-09-02T10:59:55Z,User24,CC9
E6330,Send PO to Supplier,2024-09-02T10:59:56Z,User46,CC14
E6750,Send PO to Supplier,2024-09-02T10:59:56Z,User11,CC2
E7777,Send PO to Supplier,2024-09-02T10:59:57Z,User11,CC8
E8120,Approve PO,2024-09-02T10:59:57Z,Manager2,CC9
E32,Send PO to Supplier,2024-09-02T11:00:53Z,User10,CC1
E607,Send PO to Supplier,2024-09-02T11:00:53Z,User40,CC7
E2111,Send PO to Supplier,2024-09-02T11:00:54Z,User23,CC7
E3080,Send PO to Supplier,2024-09-02T11:00:54Z,User1,CC14
E4999,Send PO to Supplier,2024-09-02T11:00:55Z,User19,CC5
E5008,Send PO to Supplier,2024-09-02T11:00:55Z,User25,CC10
E5117,Approve PO,2024-09-02T11:00:55Z,Manager9,CC15
E7786,Send PO to Supplier,2024-09-02T11:00:57Z,User19,CC12
E579,Approve PO,2024-09-02T11:01:53Z,Manager10,CC4
E804,Approve PO,2024-09-02T11:01:53Z,Manager5,CC16
E1134,Send PO to Supplier,2024-09-02T11:01:53Z,User16,CC12
E4049,Approve PO,2024-09-02T11:01:55Z,Manager1,CC14
E7091,Send PO to Supplier,2024-09-02T11:01:57Z,User40,CC15
E7397,Approve PO,2024-09-02T11:01:57Z,Manager7,CC9
E7849,Send PO to Supplier,2024-09-02T11:01:57Z,User20,CC2
E7867,Send PO to Supplier,2024-09-02T11:01:57Z,User8,CC12
E2212,Send PO to Supplier,2024-09-02T11:02:54Z,User25,CC12
E3720,Send PO to Supplier,2024-09-02T11:02:55Z,User6,CC18
E4407,Send PO to Supplier,2024-09-02T11:02:55Z,User1,CC11
E4488,Send PO to Supplier,2024-09-02T11:02:55Z,User18,CC3
E7992,Approve PO,2024-09-02T11:02:57Z,Manager3,CC9
E331,Send PO to Supplier,2024-09-02T11:03:53Z,User18,CC5
E416,Send PO to Supplier,2024-09-02T11:03:53Z,User9,CC13
E508,Send PO to Supplier,2024-09-02T11:03:53Z,User39,CC13
E2629,Send PO to Supplier,2024-09-02T11:03:54Z,User3,CC20
E2950,Send PO to Supplier,2024-09-02T11:03:54Z,User6,CC4
E3934,Create PO (Batch),2024-09-02T11:03:55Z,User4,CC20
E4253,Approve PO,2024-09-02T11:03:55Z,Manager6,CC2
E5182,Approve PO,2024-09-02T11:03:56Z,Manager10,CC17
E361,Approve PO,2024-09-02T11:04:53Z,Manager8,CC6
E580,Send PO to Supplier,2024-09-02T11:04:53Z,User3,CC11
E1757,Approve PO,2024-09-02T11:04:54Z,Manager6,CC6
E1879,Send PO to Supplier,2024-09-02T11:04:54Z,User13,CC17
E2719,Send PO to Supplier,2024-09-02T11:04:54Z,User39,CC10
E4225,Send PO to Supplier,2024-09-02T11:04:55Z,User6,CC7
E4551,Send PO to Supplier,2024-09-02T11:04:55Z,User48,CC15
E5046,Send PO to Supplier,2024-09-02T11:04:55Z,User11,CC13
E5338,Send PO to Supplier,2024-09-02T11:04:56Z,User27,CC20
E6714,Send PO to Supplier,2024-09-02T11:04:56Z,User45,CC20
E7344,Send PO to Supplier,2024-09-02T11:04:57Z,User29,CC8
E7667,Send PO to Supplier,2024-09-02T11:04:57Z,User24,CC2
E7939,Send PO to Supplier,2024-09-02T11:04:57Z,User2,CC15
E8167,Approve PO,2024-09-02T11:04:57Z,Manager7,CC3
E371,Send PO to Supplier,2024-09-02T11:05:53Z,User10,CC7
E3253,Send PO to Supplier,2024-09-02T11:05:54Z,User18,CC6
E3480,Send PO to Supplier,2024-09-02T11:05:55Z,User11,CC2
E4726,Send PO to Supplier,2024-09-02T11:05:55Z,User2,CC6
E4840,Send PO to Supplier,2024-09-02T11:05:55Z,User5,CC12
E6900,Send PO to Supplier,2024-09-02T11:05:56Z,User20,CC12
E7723,Send PO to Supplier,2024-09-02T11:05:57Z,User27,CC12
E3298,Send PO to Supplier,2024-09-02T11:06:54Z,User32,CC17
E4828,Approve PO,2024-09-02T11:06:55Z,Manager6,CC19
E6052,Approve PO,2024-09-02T11:06:56Z,Manager4,CC6
E7288,Send PO to Supplier,2024-09-02T11:06:57Z,User28,CC1
E8139,Send PO to Supplier,2024-09-02T11:06:57Z,User25,CC15
E8287,Send PO to Supplier,2024-09-02T11:06:57Z,User46,CC15
E8296,Send PO to Supplier,2024-09-02T11:06:57Z,User24,CC7
E349,Send PO to Supplier,2024-09-02T11:07:53Z,User19,CC19
E805,Send PO to Supplier,2024-09-02T11:07:53Z,User43,CC14
E959,Send PO to Supplier,2024-09-02T11:07:53Z,User33,CC15
E1096,Send PO to Supplier,2024-09-02T11:07:53Z,User11,CC18
E3556,Send PO to Supplier,2024-09-02T11:07:55Z,User31,CC13
E4335,Send PO to Supplier,2024-09-02T11:07:55Z,User11,CC11
E5055,Send PO to Supplier,2024-09-02T11:07:55Z,User50,CC6
E5703,Send PO to Supplier,2024-09-02T11:07:56Z,User5,CC16
E7750,Send PO to Supplier,2024-09-02T11:07:57Z,User22,CC11
E8055,Approve PO,2024-09-02T11:07:57Z,Manager2,CC1
E643,Send PO to Supplier,2024-09-02T11:08:53Z,User38,CC7
E3044,Send PO to Supplier,2024-09-02T11:08:54Z,User20,CC9
E3233,Send PO to Supplier,2024-09-02T11:08:54Z,User11,CC14
E5887,Send PO to Supplier,2024-09-02T11:08:56Z,User20,CC19
E6053,Send PO to Supplier,2024-09-02T11:08:56Z,User6,CC17
E6573,Send PO to Supplier,2024-09-02T11:08:56Z,User46,CC12
E77,Send PO to Supplier,2024-09-02T11:09:53Z,User25,CC18
E1012,Approve PO,2024-09-02T11:09:53Z,Manager10,CC1
E2203,Send PO to Supplier,2024-09-02T11:09:54Z,User31,CC15
E2931,Approve PO,2024-09-02T11:09:54Z,Manager1,CC14
E4496,Approve PO,2024-09-02T11:09:55Z,Manager5,CC17
E5154,Send PO to Supplier,2024-09-02T11:09:56Z,User27,CC20
E5183,Send PO to Supplier,2024-09-02T11:09:56Z,User42,CC5
E5428,Send PO to Supplier,2024-09-02T11:09:56Z,User18,CC1
E5795,Send PO to Supplier,2024-09-02T11:09:56Z,User18,CC5
E5851,Send PO to Supplier,2024-09-02T11:09:56Z,User46,CC12
E6972,Send PO to Supplier,2024-09-02T11:09:57Z,User31,CC5
E7117,Approve PO,2024-09-02T11:09:57Z,Manager6,CC19
E8195,Send PO to Supplier,2024-09-02T11:09:57Z,User28,CC18
E241,Send PO to Supplier,2024-09-02T11:10:53Z,User18,CC11
E516,Approve PO,2024-09-02T11:10:53Z,Manager5,CC7
E2814,Approve PO,2024-09-02T11:10:54Z,Manager3,CC20
E3188,Send PO to Supplier,2024-09-02T11:10:54Z,User13,CC7
E4308,Send PO to Supplier,2024-09-02T11:10:55Z,User39,CC11
E5209,Approve PO,2024-09-02T11:10:56Z,Manager3,CC7
E5860,Send PO to Supplier,2024-09-02T11:10:56Z,User19,CC8
E6593,Send PO to Supplier,2024-09-02T11:10:56Z,User46,CC19
E7118,Send PO to Supplier,2024-09-02T11:10:57Z,User32,CC19
E7822,Send PO to Supplier,2024-09-02T11:10:57Z,User10,CC16
E434,Send PO to Supplier,2024-09-02T11:11:53Z,User18,CC2
E2306,Send PO to Supplier,2024-09-02T11:11:54Z,User4,CC7
E2833,Send PO to Supplier,2024-09-02T11:11:54Z,User46,CC4
E3666,Send PO to Supplier,2024-09-02T11:11:55Z,User10,CC7
E1471,Send PO to Supplier,2024-09-02T11:12:54Z,User27,CC14
E1794,Send PO to Supplier,2024-09-02T11:12:54Z,User7,CC7
E1926,Send PO to Supplier,2024-09-02T11:12:54Z,User21,CC4
E4398,Send PO to Supplier,2024-09-02T11:12:55Z,User24,CC17
E5913,Approve PO,2024-09-02T11:12:56Z,Manager9,CC9
E6227,Send PO to Supplier,2024-09-02T11:12:56Z,User47,CC3
E6687,Send PO to Supplier,2024-09-02T11:12:56Z,User5,CC10
E7741,Send PO to Supplier,2024-09-02T11:12:57Z,User33,CC17
E8147,Approve PO,2024-09-02T11:12:57Z,Manager6,CC15
E1906,Send PO to Supplier,2024-09-02T11:13:54Z,User24,CC4
E3783,Send PO to Supplier,2024-09-02T11:13:55Z,User9,CC5
E7028,Send PO to Supplier,2024-09-02T11:13:57Z,User8,CC20
E1843,Send PO to Supplier,2024-09-02T11:14:54Z,User5,CC14
E2167,Send PO to Supplier,2024-09-02T11:14:54Z,User3,CC9
E3693,Send PO to Supplier,2024-09-02T11:14:55Z,User50,CC13
E5163,Send PO to Supplier,2024-09-02T11:14:56Z,User48,CC19
E5932,Send PO to Supplier,2024-09-02T11:14:56Z,User18,CC3
E553,Send PO to Supplier,2024-09-02T11:15:53Z,User30,CC4
E1704,Send PO to Supplier,2024-09-02T11:15:54Z,User21,CC6
E2905,Send PO to Supplier,2024-09-02T11:15:54Z,User15,CC5
E2988,Send PO to Supplier,2024-09-02T11:15:54Z,User3,CC17
E3538,Send PO to Supplier,2024-09-02T11:15:55Z,User25,CC5
E3592,Send PO to Supplier,2024-09-02T11:15:55Z,User8,CC4
E3974,Send PO to Supplier,2024-09-02T11:15:55Z,User1,CC13
E4001,Send PO to Supplier,2024-09-02T11:15:55Z,User1,CC15
E4196,Send PO to Supplier,2024-09-02T11:15:55Z,User25,CC8
E6082,Send PO to Supplier,2024-09-02T11:15:56Z,User32,CC9
E7046,Send PO to Supplier,2024-09-02T11:15:57Z,User16,CC8
E7099,Approve PO,2024-09-02T11:15:57Z,Manager10,CC19
E103,Approve PO,2024-09-02T11:16:53Z,Manager2,CC19
E1334,Send PO to Supplier,2024-09-02T11:16:53Z,User32,CC7
E2017,Send PO to Supplier,2024-09-02T11:16:54Z,User10,CC17
E3334,Send PO to Supplier,2024-09-02T11:16:54Z,User10,CC5
E4380,Send PO to Supplier,2024-09-02T11:16:55Z,User34,CC3
E5878,Send PO to Supplier,2024-09-02T11:16:56Z,User44,CC19
E5980,Approve PO,2024-09-02T11:16:56Z,Manager3,CC16
E6402,Send PO to Supplier,2024-09-02T11:16:56Z,User37,CC3
E7630,Approve PO,2024-09-02T11:16:57Z,Manager3,CC12
E7902,Approve PO,2024-09-02T11:16:57Z,Manager3,CC19
E2176,Send PO to Supplier,2024-09-02T11:17:54Z,User13,CC12
E2368,Approve PO,2024-09-02T11:17:54Z,Manager9,CC1
E5028,Send PO to Supplier,2024-09-02T11:17:55Z,User16,CC6
E6835,Send PO to Supplier,2024-09-02T11:17:56Z,User46,CC17
E7508,Send PO to Supplier,2024-09-02T11:17:57Z,User23,CC11
E8112,Send PO to Supplier,2024-09-02T11:17:57Z,User50,CC1
E8259,Approve PO,2024-09-02T11:17:57Z,Manager2,CC2
E751,Send PO to Supplier,2024-09-02T11:18:53Z,User4,CC17
E1861,Send PO to Supplier,2024-09-02T11:18:54Z,User42,CC13
E3502,Send PO to Supplier,2024-09-02T11:18:55Z,User23,CC14
E4187,Send PO to Supplier,2024-09-02T11:18:55Z,User41,CC18
E4216,Send PO to Supplier,2024-09-02T11:18:55Z,User32,CC6
E6283,Send PO to Supplier,2024-09-02T11:18:56Z,User24,CC13
E4869,Send PO to Supplier,2024-09-02T11:19:55Z,User5,CC20
E5922,Approve PO,2024-09-02T11:19:56Z,Manager7,CC9
E304,Send PO to Supplier,2024-09-02T11:20:53Z,User12,CC3
E778,Send PO to Supplier,2024-09-02T11:20:53Z,User33,CC18
E1370,Send PO to Supplier,2024-09-02T11:20:53Z,User21,CC12
E1379,Send PO to Supplier,2024-09-02T11:20:53Z,User3,CC16
E1633,Send PO to Supplier,2024-09-02T11:20:54Z,User7,CC20
E2158,Send PO to Supplier,2024-09-02T11:20:54Z,User30,CC1
E4050,Send PO to Supplier,2024-09-02T11:20:55Z,User15,CC14
E4848,Approve PO,2024-09-02T11:20:55Z,Manager10,CC6
E1033,Send PO to Supplier,2024-09-02T11:21:53Z,User49,CC18
E1190,Send PO to Supplier,2024-09-02T11:21:53Z,User15,CC6
E1489,Send PO to Supplier,2024-09-02T11:21:54Z,User6,CC10
E2510,Send PO to Supplier,2024-09-02T11:21:54Z,User13,CC5
E2999,Send PO to Supplier,2024-09-02T11:21:54Z,User26,CC13
E4560,Send PO to Supplier,2024-09-02T11:21:55Z,User21,CC6
E4784,Send PO to Supplier,2024-09-02T11:21:55Z,User49,CC1
E4971,Approve PO,2024-09-02T11:21:55Z,Manager5,CC11
E5597,Approve PO,2024-09-02T11:21:56Z,Manager1,CC9
E7100,Send PO to Supplier,2024-09-02T11:21:57Z,User8,CC14
E3810,Send PO to Supplier,2024-09-02T11:22:55Z,User9,CC17
E6501,Send PO to Supplier,2024-09-02T11:22:56Z,User13,CC16
E6767,Approve PO,2024-09-02T11:22:56Z,Manager9,CC17
E7582,Send PO to Supplier,2024-09-02T11:22:57Z,User50,CC8
E4568,Approve PO,2024-09-02T11:23:55Z,Manager9,CC5
E6873,Send PO to Supplier,2024-09-02T11:23:56Z,User16,CC9
E1615,Send PO to Supplier,2024-09-02T11:24:54Z,User30,CC13
E2084,Send PO to Supplier,2024-09-02T11:24:54Z,User46,CC3
E3991,Approve PO,2024-09-02T11:24:55Z,Manager4,CC1
E8076,Send PO to Supplier,2024-09-02T11:24:57Z,User41,CC8
E1042,Send PO to Supplier,2024-09-02T11:25:53Z,User1,CC10
E1208,Send PO to Supplier,2024-09-02T11:25:53Z,User8,CC16
E1749,Send PO to Supplier,2024-09-02T11:25:54Z,User26,CC7
E1758,Send PO to Supplier,2024-09-02T11:25:54Z,User5,CC15
E2386,Approve PO,2024-09-02T11:25:54Z,Manager2,CC9
E2413,Approve PO,2024-09-02T11:25:54Z,Manager8,CC2
E2896,Send PO to Supplier,2024-09-02T11:25:54Z,User41,CC10
E6890,Approve PO,2024-09-02T11:25:56Z,Manager5,CC1
E2221,Send PO to Supplier,2024-09-02T11:26:54Z,User35,CC13
E3399,Send PO to Supplier,2024-09-02T11:26:55Z,User49,CC19
E3900,Send PO to Supplier,2024-09-02T11:26:55Z,User14,CC18
E6631,Send PO to Supplier,2024-09-02T11:26:56Z,User5,CC6
E7127,Send PO to Supplier,2024-09-02T11:26:57Z,User21,CC7
E1644,Send PO to Supplier,2024-09-02T11:27:54Z,User24,CC10
E1688,Approve PO,2024-09-02T11:27:54Z,Manager1,CC11
E3170,Send PO to Supplier,2024-09-02T11:27:54Z,User50,CC9
E4205,Send PO to Supplier,2024-09-02T11:27:55Z,User17,CC19
E4880,Send PO to Supplier,2024-09-02T11:27:55Z,User41,CC15
E8224,Send PO to Supplier,2024-09-02T11:27:57Z,User15,CC20
E1424,Send PO to Supplier,2024-09-02T11:28:53Z,User8,CC6
E2369,Send PO to Supplier,2024-09-02T11:28:54Z,User8,CC15
E2555,Send PO to Supplier,2024-09-02T11:28:54Z,User20,CC10
E4434,Send PO to Supplier,2024-09-02T11:28:55Z,User16,CC9
E7912,Send PO to Supplier,2024-09-02T11:28:57Z,User37,CC3
E917,Send PO to Supplier,2024-09-02T11:29:53Z,User50,CC20
E939,Send PO to Supplier,2024-09-02T11:29:53Z,User33,CC15
E1442,Send PO to Supplier,2024-09-02T11:29:53Z,User23,CC14
E1935,Send PO to Supplier,2024-09-02T11:29:54Z,User38,CC12
E2443,Send PO to Supplier,2024-09-02T11:29:54Z,User29,CC19
E3891,Send PO to Supplier,2024-09-02T11:29:55Z,User14,CC16
E5237,Send PO to Supplier,2024-09-02T11:29:56Z,User32,CC7
E5757,Send PO to Supplier,2024-09-02T11:29:56Z,User22,CC9
E7497,Send PO to Supplier,2024-09-02T11:29:57Z,User2,CC8
E8251,Send PO to Supplier,2024-09-02T11:29:57Z,User44,CC12
E362,Send PO to Supplier,2024-09-02T11:30:53Z,User2,CC9
E4013,Approve PO,2024-09-02T11:30:55Z,Manager9,CC17
E4254,Send PO to Supplier,2024-09-02T11:30:55Z,User33,CC3
E2422,Approve PO,2024-09-02T11:31:54Z,Manager8,CC16
E652,Send PO to Supplier,2024-09-02T11:32:53Z,User29,CC6
E845,Send PO to Supplier,2024-09-02T11:32:53Z,User8,CC5
E2815,Send PO to Supplier,2024-09-02T11:32:54Z,User15,CC19
E3017,Send PO to Supplier,2024-09-02T11:32:54Z,User42,CC16
E5118,Send PO to Supplier,2024-09-02T11:32:55Z,User30,CC15
E1712,Approve PO,2024-09-02T11:33:54Z,Manager9,CC14
E3818,Approve PO,2024-09-02T11:33:55Z,Manager7,CC6
E5533,Send PO to Supplier,2024-09-02T11:33:56Z,User34,CC19
E6374,Approve PO,2024-09-02T11:33:56Z,Manager6,CC18
E8148,Send PO to Supplier,2024-09-02T11:33:57Z,User38,CC18
E863,Send PO to Supplier,2024-09-02T11:34:53Z,User41,CC16
E890,Send PO to Supplier,2024-09-02T11:34:53Z,User13,CC7
E2324,Send PO to Supplier,2024-09-02T11:34:54Z,User14,CC1
E6438,Send PO to Supplier,2024-09-02T11:34:56Z,User38,CC1
E7213,Approve PO,2024-09-02T11:34:57Z,Manager10,CC10
E104,Send PO to Supplier,2024-09-02T11:35:53Z,User31,CC13
E1352,Send PO to Supplier,2024-09-02T11:35:53Z,User21,CC7
E3935,Approve PO,2024-09-02T11:35:55Z,Manager3,CC12
E4425,Send PO to Supplier,2024-09-02T11:35:55Z,User49,CC3
E7993,Send PO to Supplier,2024-09-02T11:35:57Z,User35,CC1
E1506,Approve PO,2024-09-02T11:36:54Z,Manager6,CC17
E3325,Send PO to Supplier,2024-09-02T11:36:54Z,User34,CC15
E5823,Approve PO,2024-09-02T11:36:56Z,Manager9,CC2
E7214,Send PO to Supplier,2024-09-02T11:36:57Z,User15,CC11
E1316,Send PO to Supplier,2024-09-02T11:37:53Z,User15,CC13
E3983,Send PO to Supplier,2024-09-02T11:38:55Z,User11,CC16
E6209,Send PO to Supplier,2024-09-02T11:38:56Z,User40,CC15
E7371,Send PO to Supplier,2024-09-02T11:38:57Z,User32,CC5
E7517,Send PO to Supplier,2024-09-02T11:38:57Z,User2,CC9
E8233,Send PO to Supplier,2024-09-02T11:38:57Z,User5,CC17
E4470,Send PO to Supplier,2024-09-02T11:39:55Z,User22,CC7
E7687,Send PO to Supplier,2024-09-02T11:39:57Z,User28,CC15
E4690,Send PO to Supplier,2024-09-02T11:40:55Z,User35,CC9
E5914,Send PO to Supplier,2024-09-02T11:40:56Z,User6,CC10
E526,Send PO to Supplier,2024-09-02T11:41:53Z,User12,CC9
E1388,Send PO to Supplier,2024-09-02T11:41:53Z,User31,CC3
E1713,Send PO to Supplier,2024-09-02T11:41:54Z,User48,CC11
E6891,Send PO to Supplier,2024-09-02T11:41:56Z,User43,CC13
E424,Approve PO,2024-09-02T11:42:53Z,Manager4,CC12
E461,Send PO to Supplier,2024-09-02T11:42:53Z,User20,CC20
E724,Send PO to Supplier,2024-09-02T11:42:53Z,User30,CC18
E2423,Send PO to Supplier,2024-09-02T11:42:54Z,User38,CC11
E1013,Send PO to Supplier,2024-09-02T11:43:53Z,User2,CC7
E2773,Send PO to Supplier,2024-09-02T11:43:54Z,User41,CC7
E5963,Send PO to Supplier,2024-09-02T11:43:56Z,User26,CC18
E6768,Send PO to Supplier,2024-09-02T11:43:56Z,User46,CC12
E5824,Send PO to Supplier,2024-09-02T11:44:56Z,User25,CC2
E5923,Send PO to Supplier,2024-09-02T11:44:56Z,User32,CC16
E5981,Send PO to Supplier,2024-09-02T11:44:56Z,User18,CC18
E1226,Send PO to Supplier,2024-09-02T11:45:53Z,User10,CC18
E1415,Send PO to Supplier,2024-09-02T11:45:53Z,User33,CC17
E5589,Send PO to Supplier,2024-09-02T11:45:56Z,User19,CC14
E2342,Send PO to Supplier,2024-09-02T11:46:54Z,User36,CC17
E4497,Send PO to Supplier,2024-09-02T11:46:55Z,User24,CC7
E7903,Send PO to Supplier,2024-09-02T11:46:57Z,User38,CC16
E908,Send PO to Supplier,2024-09-02T11:47:53Z,User36,CC12
E4014,Send PO to Supplier,2024-09-02T11:47:55Z,User27,CC11
E706,Send PO to Supplier,2024-09-02T11:48:53Z,User33,CC9
E2414,Send PO to Supplier,2024-09-02T11:48:54Z,User17,CC4
E517,Send PO to Supplier,2024-09-02T11:49:53Z,User31,CC2
E2979,Send PO to Supplier,2024-09-02T11:50:54Z,User35,CC20
E5300,Send PO to Supplier,2024-09-02T11:50:56Z,User30,CC3
E1143,Send PO to Supplier,2024-09-02T11:51:53Z,User25,CC7
E8056,Send PO to Supplier,2024-09-02T11:51:57Z,User12,CC11
E3657,Send PO to Supplier,2024-09-02T11:52:55Z,User50,CC19
E5210,Send PO to Supplier,2024-09-02T11:53:56Z,User7,CC11
E7631,Send PO to Supplier,2024-09-02T11:53:57Z,User28,CC9
E8121,Send PO to Supplier,2024-09-02T11:53:57Z,User50,CC6
E5598,Send PO to Supplier,2024-09-02T11:55:56Z,User9,CC20
E7424,Approve PO,2024-09-02T11:56:57Z,Manager6,CC7
E3819,Send PO to Supplier,2024-09-02T11:58:55Z,User42,CC20
E4849,Send PO to Supplier,2024-09-02T11:58:55Z,User45,CC17
E3992,Send PO to Supplier,2024-09-02T11:59:55Z,User3,CC15
E2932,Send PO to Supplier,2024-09-02T12:00:54Z,User1,CC2
E1689,Send PO to Supplier,2024-09-02T12:01:54Z,User17,CC20
E4972,Send PO to Supplier,2024-09-02T12:01:55Z,User41,CC13
E7398,Send PO to Supplier,2024-09-02T12:01:57Z,User8,CC18
E8168,Send PO to Supplier,2024-09-02T12:01:57Z,User8,CC13
E4569,Send PO to Supplier,2024-09-02T12:03:55Z,User36,CC18
E4829,Send PO to Supplier,2024-09-02T12:05:55Z,User44,CC16
E8260,Send PO to Supplier,2024-09-02T12:08:57Z,User38,CC6
E425,Send PO to Supplier,2024-09-02T12:10:53Z,User39,CC7
E1507,Send PO to Supplier,2024-09-02T12:13:54Z,User46,CC8
E2387,Send PO to Supplier,2024-09-02T12:17:54Z,User3,CC5
E7425,Send PO to Supplier,2024-09-02T12:17:57Z,User4,CC2
E6375,Send PO to Supplier,2024-09-02T12:19:56Z,User48,CC5
E3936,Send PO to Supplier,2024-09-02T12:25:55Z,User30,CC9
E1815,Receive Goods,2024-09-03T09:09:54Z,Warehouse3,
E7677,Receive Goods,2024-09-03T09:09:57Z,Warehouse2,
E482,Receive Goods,2024-09-03T09:12:53Z,Warehouse5,
E7976,Receive Goods,2024-09-03T09:15:57Z,Warehouse3,
E1853,Receive Goods,2024-09-03T09:20:54Z,Warehouse1,
E7563,Receive Goods,2024-09-03T09:24:57Z,Warehouse4,
E7805,Receive Goods,2024-09-03T09:28:57Z,Warehouse1,
E5489,Receive Goods,2024-09-03T09:29:56Z,Warehouse4,
E4507,Receive Goods,2024-09-03T09:32:55Z,Warehouse1,
E2583,Receive Goods,2024-09-03T09:33:54Z,Warehouse3,
E2538,Receive Goods,2024-09-03T09:35:54Z,Warehouse3,
E7018,Receive Goods,2024-09-03T09:36:57Z,Warehouse1,
E3649,Receive Goods,2024-09-03T09:38:55Z,Warehouse5,
E5110,Receive Goods,2024-09-03T09:40:55Z,Warehouse5,
E951,Receive Goods,2024-09-03T09:42:53Z,Warehouse5,
E2352,Receive Goods,2024-09-03T09:42:54Z,Warehouse1,
E7242,Receive Goods,2024-09-03T09:42:57Z,Warehouse3,
E2123,Receive Goods,2024-09-03T09:43:54Z,Warehouse3,
E4655,Receive Goods,2024-09-03T09:43:55Z,Warehouse5,
E2756,Receive Goods,2024-09-03T09:46:54Z,Warehouse5,
E2056,Receive Goods,2024-09-03T09:47:54Z,Warehouse3,
E4327,Receive Goods,2024-09-03T09:47:55Z,Warehouse3,
E7715,Receive Goods,2024-09-03T09:48:57Z,Warehouse2,
E2433,Receive Goods,2024-09-03T09:50:54Z,Warehouse5,
E7056,Receive Goods,2024-09-03T09:50:57Z,Warehouse4,
E4264,Receive Goods,2024-09-03T09:51:55Z,Warehouse5,
E5438,Receive Goods,2024-09-03T09:51:56Z,Warehouse1,
E2471,Receive Goods,2024-09-03T09:52:54Z,Warehouse5,
E3436,Receive Goods,2024-09-03T09:52:55Z,Warehouse1,
E6457,Receive Goods,2024-09-03T09:52:56Z,Warehouse1,
E5628,Receive Goods,2024-09-03T09:54:56Z,Warehouse3,
E5807,Receive Goods,2024-09-03T09:54:56Z,Warehouse4,
E197,Receive Goods,2024-09-03T09:55:53Z,Warehouse1,
E7949,Receive Goods,2024-09-03T09:55:57Z,Warehouse4,
E7233,Receive Goods,2024-09-03T09:56:57Z,Warehouse3,
E4152,Receive Goods,2024-09-03T09:58:55Z,Warehouse1,
E1200,Receive Goods,2024-09-03T09:59:53Z,Warehouse4,
E1517,Receive Goods,2024-09-03T09:59:54Z,Warehouse5,
E114,Receive Goods,2024-09-03T10:00:53Z,Warehouse1,
E689,Receive Goods,2024-09-03T10:00:53Z,Warehouse2,
E2132,Receive Goods,2024-09-03T10:01:54Z,Warehouse1,
E2285,Receive Goods,2024-09-03T10:01:54Z,Warehouse1,
E7985,Receive Goods,2024-09-03T10:02:57Z,Warehouse5,
E206,Receive Goods,2024-09-03T10:03:53Z,Warehouse3,
E1362,Receive Goods,2024-09-03T10:03:53Z,Warehouse2,
E4982,Receive Goods,2024-09-03T10:04:55Z,Warehouse3,
E1672,Receive Goods,2024-09-03T10:05:54Z,Warehouse2,
E2924,Receive Goods,2024-09-03T10:05:54Z,Warehouse3,
E7706,Receive Goods,2024-09-03T10:05:57Z,Warehouse4,
E2453,Receive Goods,2024-09-03T10:06:54Z,Warehouse2,
E4579,Receive Goods,2024-09-03T10:06:55Z,Warehouse3,
E5722,Receive Goods,2024-09-03T10:06:56Z,Warehouse2,
E287,Receive Goods,2024-09-03T10:07:53Z,Warehouse4,
E5393,Receive Goods,2024-09-03T10:07:56Z,Warehouse3,
E2861,Receive Goods,2024-09-03T10:08:54Z,Warehouse3,
E152,Receive Goods,2024-09-03T10:10:53Z,Warehouse4,
E3272,Receive Goods,2024-09-03T10:10:54Z,Warehouse2,
E6807,Receive Goods,2024-09-03T10:10:56Z,Warehouse1,
E4803,Receive Goods,2024-09-03T10:11:55Z,Warehouse2,
E4069,Receive Goods,2024-09-03T10:12:55Z,Warehouse3,
E1824,Receive Goods,2024-09-03T10:13:54Z,Warehouse4,
E6430,Receive Goods,2024-09-03T10:13:56Z,Warehouse2,
E2231,Receive Goods,2024-09-03T10:14:54Z,Warehouse4,
E4700,Receive Goods,2024-09-03T10:14:55Z,Warehouse5,
E770,Receive Goods,2024-09-03T10:16:53Z,Warehouse3,
E6659,Receive Goods,2024-09-03T10:19:56Z,Warehouse1,
E3454,Receive Goods,2024-09-03T10:20:55Z,Warehouse4,
E6421,Receive Goods,2024-09-03T10:20:56Z,Warehouse2,
E1290,Receive Goods,2024-09-03T10:21:53Z,Warehouse5,
E3757,Receive Goods,2024-09-03T10:21:55Z,Warehouse3,
E3883,Receive Goods,2024-09-03T10:22:55Z,Warehouse5,
E2612,Receive Goods,2024-09-03T10:24:54Z,Warehouse4,
E6103,Receive Goods,2024-09-03T10:25:56Z,Warehouse1,
E7390,Receive Goods,2024-09-03T10:25:57Z,Warehouse1,
E5675,Receive Goods,2024-09-03T10:26:56Z,Warehouse4,
E188,Receive Goods,2024-09-03T10:27:53Z,Warehouse5,
E6,Receive Goods,2024-09-03T10:28:53Z,Warehouse4,
E3418,Receive Goods,2024-09-03T10:28:55Z,Warehouse3,
E4908,Receive Goods,2024-09-03T10:28:55Z,Warehouse3,
E996,Receive Goods,2024-09-03T10:29:53Z,Warehouse3,
E6045,Receive Goods,2024-09-03T10:29:56Z,Warehouse2,
E4237,Receive Goods,2024-09-03T10:30:55Z,Warehouse2,
E3344,Receive Goods,2024-09-03T10:31:54Z,Warehouse1,
E5465,Receive Goods,2024-09-03T10:31:56Z,Warehouse1,
E7453,Receive Goods,2024-09-03T10:31:57Z,Warehouse1,
E2334,Receive Goods,2024-09-03T10:32:54Z,Warehouse5,
E5274,Receive Goods,2024-09-03T10:32:56Z,Warehouse5,
E3281,Receive Goods,2024-09-03T10:34:54Z,Warehouse3,
E5411,Receive Goods,2024-09-03T10:34:56Z,Warehouse5,
E6340,Receive Goods,2024-09-03T10:34:56Z,Warehouse5,
E3198,Receive Goods,2024-09-03T10:35:54Z,Warehouse4,
E5137,Receive Goods,2024-09-03T10:35:55Z,Warehouse3,
E6863,Receive Goods,2024-09-03T10:35:56Z,Warehouse4,
E7251,Receive Goods,2024-09-03T10:36:57Z,Warehouse5,
E1965,Receive Goods,2024-09-03T10:37:54Z,Warehouse4,
E2047,Receive Goods,2024-09-03T10:37:54Z,Warehouse3,
E2489,Receive Goods,2024-09-03T10:37:54Z,Warehouse2,
E7408,Receive Goods,2024-09-03T10:38:57Z,Warehouse1,
E824,Receive Goods,2024-09-03T10:39:53Z,Warehouse4,
E2249,Receive Goods,2024-09-03T10:39:54Z,Warehouse2,
E3126,Receive Goods,2024-09-03T10:39:54Z,Warehouse2,
E3153,Receive Goods,2024-09-03T10:41:54Z,Warehouse1,
E60,Receive Goods,2024-09-03T10:42:53Z,Warehouse1,
E4624,Receive Goods,2024-09-03T10:42:55Z,Warehouse4,
E599,Receive Goods,2024-09-03T10:43:53Z,Warehouse1,
E8131,Receive Goods,2024-09-03T10:43:57Z,Warehouse4,
E5065,Receive Goods,2024-09-03T10:44:55Z,Warehouse3,
E1126,Receive Goods,2024-09-03T10:46:53Z,Warehouse3,
E6063,Receive Goods,2024-09-03T10:48:56Z,Warehouse3,
E5384,Receive Goods,2024-09-03T10:49:56Z,Warehouse2,
E6946,Receive Goods,2024-09-03T10:49:57Z,Warehouse4,
E1263,Receive Goods,2024-09-03T10:50:53Z,Warehouse1,
E1987,Receive Goods,2024-09-03T10:50:54Z,Warehouse4,
E7188,Receive Goods,2024-09-03T10:50:57Z,Warehouse2,
E7796,Receive Goods,2024-09-03T10:50:57Z,Warehouse5,
E87,Receive Goods,2024-09-03T10:51:53Z,Warehouse1,
E4821,Receive Goods,2024-09-03T10:56:55Z,Warehouse3,
E882,Receive Goods,2024-09-03T10:57:53Z,Warehouse3,
E6955,Receive Goods,2024-09-03T10:57:57Z,Warehouse4,
E7612,Receive Goods,2024-09-03T10:58:57Z,Warehouse4,
E563,Receive Goods,2024-09-03T10:59:53Z,Warehouse1,
E743,Receive Goods,2024-09-03T10:59:53Z,Warehouse3,
E2186,Receive Goods,2024-09-03T10:59:54Z,Warehouse5,
E3225,Receive Goods,2024-09-03T10:59:54Z,Warehouse3,
E3620,Receive Goods,2024-09-03T10:59:55Z,Warehouse1,
E608,Receive Goods,2024-09-03T11:00:53Z,Warehouse3,
E3081,Receive Goods,2024-09-03T11:00:54Z,Warehouse1,
E417,Receive Goods,2024-09-03T11:03:53Z,Warehouse2,
E2630,Receive Goods,2024-09-03T11:03:54Z,Warehouse2,
E5047,Receive Goods,2024-09-03T11:04:55Z,Warehouse2,
E372,Receive Goods,2024-09-03T11:05:53Z,Warehouse2,
E6901,Receive Goods,2024-09-03T11:05:56Z,Warehouse5,
E7724,Receive Goods,2024-09-03T11:05:57Z,Warehouse4,
E8140,Receive Goods,2024-09-03T11:06:57Z,Warehouse2,
E8288,Receive Goods,2024-09-03T11:06:57Z,Warehouse2,
E4336,Receive Goods,2024-09-03T11:07:55Z,Warehouse4,
E7751,Receive Goods,2024-09-03T11:07:57Z,Warehouse2,
E3234,Receive Goods,2024-09-03T11:08:54Z,Warehouse3,
E5184,Receive Goods,2024-09-03T11:09:56Z,Warehouse5,
E2307,Receive Goods,2024-09-03T11:11:54Z,Warehouse1,
E6688,Receive Goods,2024-09-03T11:12:56Z,Warehouse2,
E3975,Receive Goods,2024-09-03T11:15:55Z,Warehouse1,
E6083,Receive Goods,2024-09-03T11:15:56Z,Warehouse3,
E7047,Receive Goods,2024-09-03T11:15:57Z,Warehouse5,
E1335,Receive Goods,2024-09-03T11:16:53Z,Warehouse4,
E5029,Receive Goods,2024-09-03T11:17:55Z,Warehouse5,
E7509,Receive Goods,2024-09-03T11:17:57Z,Warehouse5,
E8113,Receive Goods,2024-09-03T11:17:57Z,Warehouse5,
E1862,Receive Goods,2024-09-03T11:18:54Z,Warehouse3,
E779,Receive Goods,2024-09-03T11:20:53Z,Warehouse4,
E1191,Receive Goods,2024-09-03T11:21:53Z,Warehouse5,
E1750,Receive Goods,2024-09-03T11:25:54Z,Warehouse3,
E1759,Receive Goods,2024-09-03T11:25:54Z,Warehouse5,
E3171,Receive Goods,2024-09-03T11:27:54Z,Warehouse5,
E8225,Receive Goods,2024-09-03T11:27:57Z,Warehouse1,
E1425,Receive Goods,2024-09-03T11:28:53Z,Warehouse3,
E918,Receive Goods,2024-09-03T11:29:53Z,Warehouse1,
E7498,Receive Goods,2024-09-03T11:29:57Z,Warehouse2,
E363,Receive Goods,2024-09-03T11:30:53Z,Warehouse4,
E846,Receive Goods,2024-09-03T11:32:53Z,Warehouse4,
E5119,Receive Goods,2024-09-03T11:32:55Z,Warehouse5,
E5534,Receive Goods,2024-09-03T11:33:56Z,Warehouse5,
E891,Receive Goods,2024-09-03T11:34:53Z,Warehouse2,
E2325,Receive Goods,2024-09-03T11:34:54Z,Warehouse2,
E8234,Receive Goods,2024-09-03T11:38:57Z,Warehouse4,
E5915,Receive Goods,2024-09-03T11:40:56Z,Warehouse5,
E2774,Receive Goods,2024-09-03T11:43:54Z,Warehouse2,
E5964,Receive Goods,2024-09-03T11:43:56Z,Warehouse2,
E5924,Receive Goods,2024-09-03T11:44:56Z,Warehouse5,
E5982,Receive Goods,2024-09-03T11:44:56Z,Warehouse5,
E1416,Receive Goods,2024-09-03T11:45:53Z,Warehouse3,
E4498,Receive Goods,2024-09-03T11:46:55Z,Warehouse3,
E3993,Receive Goods,2024-09-03T11:59:55Z,Warehouse4,
E4570,Receive Goods,2024-09-03T12:03:55Z,Warehouse4,
E3703,Receive Goods,2024-09-04T09:08:55Z,Warehouse3,
E1816,Receive Invoice,2024-09-04T09:09:54Z,AP6,
E2000,Receive Goods,2024-09-04T09:09:54Z,Warehouse2,
E483,Receive Invoice,2024-09-04T09:12:53Z,AP2,
E7137,Receive Goods,2024-09-04T09:14:57Z,Warehouse4,
E1061,Receive Goods,2024-09-04T09:15:53Z,Warehouse2,
E7197,Receive Goods,2024-09-04T09:15:57Z,Warehouse2,
E1218,Receive Goods,2024-09-04T09:20:53Z,Warehouse1,
E1854,Receive Invoice,2024-09-04T09:20:54Z,AP3,
E1817,Three-way Match - Successful,2024-09-04T09:25:54Z,AP10,
E4944,Receive Goods,2024-09-04T09:25:55Z,Warehouse3,
E399,Receive Goods,2024-09-04T09:26:53Z,Warehouse5,
E7280,Receive Goods,2024-09-04T09:26:57Z,Warehouse2,
E484,Three-way Match - Successful,2024-09-04T09:31:53Z,AP7,
E4508,Receive Invoice,2024-09-04T09:32:55Z,AP4,
E5175,Receive Goods,2024-09-04T09:32:56Z,Warehouse3,
E8003,Receive Goods,2024-09-04T09:32:57Z,Warehouse3,
E2584,Receive Invoice,2024-09-04T09:33:54Z,AP6,
E3371,Receive Goods,2024-09-04T09:33:54Z,Warehouse1,
E7859,Receive Goods,2024-09-04T09:34:57Z,Warehouse5,
E2539,Receive Invoice,2024-09-04T09:35:54Z,AP2,
E5953,Receive Goods,2024-09-04T09:39:56Z,Warehouse2,
E8039,Receive Goods,2024-09-04T09:40:57Z,Warehouse1,
E7417,Receive Goods,2024-09-04T09:41:57Z,Warehouse5,
E952,Receive Invoice,2024-09-04T09:42:53Z,AP3,
E4774,Receive Goods,2024-09-04T09:42:55Z,Warehouse1,
E7243,Receive Invoice,2024-09-04T09:42:57Z,AP9,
E4656,Receive Invoice,2024-09-04T09:43:55Z,AP8,
E7832,Receive Goods,2024-09-04T09:43:57Z,Warehouse5,
E1079,Receive Goods,2024-09-04T09:45:53Z,Warehouse1,
E1407,Receive Goods,2024-09-04T09:46:53Z,Warehouse3,
E2258,Receive Goods,2024-09-04T09:46:54Z,Warehouse5,
E4754,Receive Goods,2024-09-04T09:46:55Z,Warehouse3,
E4328,Receive Invoice,2024-09-04T09:47:55Z,AP2,
E5447,Receive Goods,2024-09-04T09:47:56Z,Warehouse3,
E953,Three-way Match - Successful,2024-09-04T09:50:53Z,AP7,
E6520,Receive Goods,2024-09-04T09:51:56Z,Warehouse5,
E2585,Three-way Match - Successful,2024-09-04T09:52:54Z,AP4,
E3180,Receive Goods,2024-09-04T09:52:54Z,Warehouse5,
E4657,Three-way Match - Successful,2024-09-04T09:52:55Z,AP1,
E5870,Receive Goods,2024-09-04T09:52:56Z,Warehouse1,
E7244,Three-way Match - Mismatch Found,2024-09-04T09:53:57Z,AP5,
E198,Receive Invoice,2024-09-04T09:55:53Z,AP4,
E7950,Receive Invoice,2024-09-04T09:55:57Z,AP1,
E1723,Receive Goods,2024-09-04T09:56:54Z,Warehouse2,
E4153,Receive Invoice,2024-09-04T09:58:55Z,AP10,
E1777,Receive Goods,2024-09-04T09:59:54Z,Warehouse4,
E6919,Receive Goods,2024-09-04T09:59:57Z,Warehouse2,
E115,Receive Invoice,2024-09-04T10:00:53Z,AP10,
E7922,Receive Goods,2024-09-04T10:00:57Z,Warehouse4,
E6827,Receive Goods,2024-09-04T10:02:56Z,Warehouse1,
E7986,Receive Invoice,2024-09-04T10:02:57Z,AP3,
E1363,Receive Invoice,2024-09-04T10:03:53Z,AP5,
E2825,Receive Goods,2024-09-04T10:03:54Z,Warehouse1,
E3162,Receive Goods,2024-09-04T10:03:54Z,Warehouse1,
E390,Receive Goods,2024-09-04T10:04:53Z,Warehouse5,
E4983,Receive Invoice,2024-09-04T10:04:55Z,AP4,
E6121,Receive Goods,2024-09-04T10:04:56Z,Warehouse1,
E7480,Receive Goods,2024-09-04T10:04:57Z,Warehouse4,
E42,Receive Goods,2024-09-04T10:05:53Z,Warehouse3,
E5330,Receive Goods,2024-09-04T10:05:56Z,Warehouse4,
E7707,Receive Invoice,2024-09-04T10:05:57Z,AP9,
E3856,Receive Goods,2024-09-04T10:06:55Z,Warehouse5,
E288,Receive Invoice,2024-09-04T10:07:53Z,AP6,
E4635,Receive Goods,2024-09-04T10:07:55Z,Warehouse1,
E7987,Three-way Match - Successful,2024-09-04T10:07:57Z,AP6,
E2675,Receive Goods,2024-09-04T10:08:54Z,Warehouse1,
E969,Receive Goods,2024-09-04T10:09:53Z,Warehouse3,
E6237,Receive Goods,2024-09-04T10:09:56Z,Warehouse5,
E5202,Receive Goods,2024-09-04T10:10:56Z,Warehouse2,
E4804,Receive Invoice,2024-09-04T10:11:55Z,AP5,
E7527,Receive Goods,2024-09-04T10:11:57Z,Warehouse1,
E7708,Three-way Match - Mismatch Found,2024-09-04T10:11:57Z,AP2,
E1855,Three-way Match - Successful,2024-09-04T10:13:54Z,AP10,
E8158,Receive Goods,2024-09-04T10:13:57Z,Warehouse4,
E2232,Receive Invoice,2024-09-04T10:14:54Z,AP2,
E3090,Receive Goods,2024-09-04T10:14:54Z,Warehouse4,
E3135,Receive Goods,2024-09-04T10:14:54Z,Warehouse5,
E6668,Receive Goods,2024-09-04T10:14:56Z,Warehouse5,
E7354,Receive Goods,2024-09-04T10:14:57Z,Warehouse1,
E471,Receive Goods,2024-09-04T10:16:53Z,Warehouse1,
E2852,Receive Goods,2024-09-04T10:16:54Z,Warehouse5,
E4417,Receive Goods,2024-09-04T10:16:55Z,Warehouse4,
E6641,Receive Goods,2024-09-04T10:17:56Z,Warehouse3,
E7814,Receive Goods,2024-09-04T10:17:57Z,Warehouse5,
E1732,Receive Goods,2024-09-04T10:18:54Z,Warehouse1,
E500,Receive Goods,2024-09-04T10:19:53Z,Warehouse1,
E5292,Receive Goods,2024-09-04T10:19:56Z,Warehouse3,
E6660,Receive Invoice,2024-09-04T10:19:56Z,AP10,
E4763,Receive Goods,2024-09-04T10:20:55Z,Warehouse4,
E199,Three-way Match - Successful,2024-09-04T10:21:53Z,AP7,
E3530,Receive Goods,2024-09-04T10:21:55Z,Warehouse1,
E5146,Receive Goods,2024-09-04T10:23:56Z,Warehouse3,
E5637,Receive Goods,2024-09-04T10:23:56Z,Warehouse4,
E5973,Receive Goods,2024-09-04T10:23:56Z,Warehouse3,
E278,Receive Goods,2024-09-04T10:25:53Z,Warehouse5,
E3117,Receive Goods,2024-09-04T10:26:54Z,Warehouse1,
E7536,Receive Goods,2024-09-04T10:26:57Z,Warehouse2,
E7,Receive Invoice,2024-09-04T10:28:53Z,AP4,
E381,Receive Goods,2024-09-04T10:28:53Z,Warehouse4,
E671,Receive Goods,2024-09-04T10:28:53Z,Warehouse2,
E2540,Three-way Match - Successful,2024-09-04T10:28:54Z,AP6,
E3072,Receive Goods,2024-09-04T10:28:54Z,Warehouse5,
E3874,Receive Goods,2024-09-04T10:28:55Z,Warehouse4,
E997,Receive Invoice,2024-09-04T10:29:53Z,AP9,
E4143,Receive Goods,2024-09-04T10:29:55Z,Warehouse2,
E4273,Receive Goods,2024-09-04T10:29:55Z,Warehouse3,
E8030,Receive Goods,2024-09-04T10:29:57Z,Warehouse3,
E1173,Receive Goods,2024-09-04T10:30:53Z,Warehouse4,
E2029,Receive Goods,2024-09-04T10:30:54Z,Warehouse2,
E4238,Receive Invoice,2024-09-04T10:30:55Z,AP3,
E4509,Three-way Match - Successful,2024-09-04T10:30:55Z,AP3,
E4926,Receive Goods,2024-09-04T10:30:55Z,Warehouse5,
E1871,Receive Goods,2024-09-04T10:31:54Z,Warehouse2,
E5648,Receive Goods,2024-09-04T10:31:56Z,Warehouse4,
E2335,Receive Invoice,2024-09-04T10:32:54Z,AP5,
E5275,Receive Invoice,2024-09-04T10:32:56Z,AP3,
E215,Receive Goods,2024-09-04T10:33:53Z,Warehouse3,
E4462,Receive Goods,2024-09-04T10:33:55Z,Warehouse1,
E5276,Three-way Match - Successful,2024-09-04T10:33:56Z,AP5,
E7621,Receive Goods,2024-09-04T10:33:57Z,Warehouse1,
E7650,Receive Goods,2024-09-04T10:33:57Z,Warehouse4,
E1364,Three-way Match - Successful,2024-09-04T10:34:53Z,AP5,
E5991,Receive Goods,2024-09-04T10:34:56Z,Warehouse5,
E8086,Receive Goods,2024-09-04T10:34:57Z,Warehouse3,
E5138,Receive Invoice,2024-09-04T10:35:55Z,AP5,
E4329,Three-way Match - Successful,2024-09-04T10:36:55Z,AP7,
E6448,Receive Goods,2024-09-04T10:36:56Z,Warehouse5,
E680,Receive Goods,2024-09-04T10:37:53Z,Warehouse1,
E1966,Receive Invoice,2024-09-04T10:37:54Z,AP9,
E2048,Receive Invoice,2024-09-04T10:37:54Z,AP9,
E5020,Receive Goods,2024-09-04T10:37:55Z,Warehouse2,
E6910,Receive Goods,2024-09-04T10:37:56Z,Warehouse1,
E3362,Receive Goods,2024-09-04T10:38:54Z,Warehouse4,
E4525,Receive Goods,2024-09-04T10:38:55Z,Warehouse2,
E7409,Receive Invoice,2024-09-04T10:38:57Z,AP10,
E2250,Receive Invoice,2024-09-04T10:39:54Z,AP4,
E3910,Receive Goods,2024-09-04T10:40:55Z,Warehouse2,
E4154,Three-way Match - Mismatch Found,2024-09-04T10:40:55Z,AP9,
E5906,Receive Goods,2024-09-04T10:40:56Z,Warehouse5,
E6798,Receive Goods,2024-09-04T10:41:56Z,Warehouse3,
E7951,Three-way Match - Successful,2024-09-04T10:41:57Z,AP1,
E61,Receive Invoice,2024-09-04T10:42:53Z,AP10,
E998,Three-way Match - Successful,2024-09-04T10:42:53Z,AP10,
E1768,Receive Goods,2024-09-04T10:42:54Z,Warehouse1,
E3775,Receive Goods,2024-09-04T10:42:55Z,Warehouse2,
E4625,Receive Invoice,2024-09-04T10:42:55Z,AP7,
E8012,Receive Goods,2024-09-04T10:42:57Z,Warehouse2,
E600,Receive Invoice,2024-09-04T10:43:53Z,AP8,
E8132,Receive Invoice,2024-09-04T10:43:57Z,AP6,
E24,Receive Goods,2024-09-04T10:44:53Z,Warehouse1,
E2103,Receive Goods,2024-09-04T10:44:54Z,Warehouse1,
E5619,Receive Goods,2024-09-04T10:44:56Z,Warehouse4,
E8,Three-way Match - Successful,2024-09-04T10:45:53Z,AP5,
E161,Receive Goods,2024-09-04T10:45:53Z,Warehouse5,
E3611,Receive Goods,2024-09-04T10:45:55Z,Warehouse4,
E6165,Receive Goods,2024-09-04T10:45:56Z,Warehouse5,
E6733,Receive Goods,2024-09-04T10:45:56Z,Warehouse4,
E7074,Receive Goods,2024-09-04T10:45:57Z,Warehouse1,
E3027,Receive Goods,2024-09-04T10:46:54Z,Warehouse2,
E289,Three-way Match - Successful,2024-09-04T10:47:53Z,AP9,
E7262,Receive Goods,2024-09-04T10:47:57Z,Warehouse2,
E6064,Receive Invoice,2024-09-04T10:48:56Z,AP7,
E734,Receive Goods,2024-09-04T10:49:53Z,Warehouse1,
E1562,Receive Goods,2024-09-04T10:49:54Z,Warehouse5,
E2240,Receive Goods,2024-09-04T10:49:54Z,Warehouse4,
E1988,Receive Invoice,2024-09-04T10:50:54Z,AP9,
E4042,Receive Goods,2024-09-04T10:50:55Z,Warehouse1,
E4615,Receive Goods,2024-09-04T10:50:55Z,Warehouse5,
E4805,Three-way Match - Successful,2024-09-04T10:50:55Z,AP8,
E6132,Receive Goods,2024-09-04T10:50:56Z,Warehouse4,
E7189,Receive Invoice,2024-09-04T10:50:57Z,AP10,
E88,Receive Invoice,2024-09-04T10:51:53Z,AP4,
E1989,Three-way Match - Mismatch Found,2024-09-04T10:51:54Z,AP6,
E4984,Three-way Match - Successful,2024-09-04T10:51:55Z,AP4,
E5666,Receive Goods,2024-09-04T10:51:56Z,Warehouse1,
E1117,Receive Goods,2024-09-04T10:53:53Z,Warehouse4,
E2233,Three-way Match - Successful,2024-09-04T10:53:54Z,AP6,
E2379,Receive Goods,2024-09-04T10:53:54Z,Warehouse2,
E116,Three-way Match - Successful,2024-09-04T10:54:53Z,AP2,
E4626,Three-way Match - Successful,2024-09-04T10:54:55Z,AP6,
E6293,Receive Goods,2024-09-04T10:54:56Z,Warehouse4,
E62,Three-way Match - Successful,2024-09-04T10:57:53Z,AP7,
E883,Receive Invoice,2024-09-04T10:57:53Z,AP8,
E3566,Receive Goods,2024-09-04T10:57:55Z,Warehouse4,
E3602,Receive Goods,2024-09-04T10:57:55Z,Warehouse2,
E89,Three-way Match - Mismatch Found,2024-09-04T10:58:53Z,AP1,
E564,Receive Invoice,2024-09-04T10:59:53Z,AP7,
E2009,Receive Goods,2024-09-04T10:59:54Z,Warehouse1,
E2187,Receive Invoice,2024-09-04T10:59:54Z,AP2,
E3226,Receive Invoice,2024-09-04T10:59:54Z,AP2,
E3957,Receive Goods,2024-09-04T10:59:55Z,Warehouse1,
E6751,Receive Goods,2024-09-04T10:59:56Z,Warehouse2,
E3082,Receive Invoice,2024-09-04T11:00:54Z,AP7,
E5139,Three-way Match - Successful,2024-09-04T11:01:55Z,AP3,
E7868,Receive Goods,2024-09-04T11:01:57Z,Warehouse2,
E2049,Three-way Match - Successful,2024-09-04T11:02:54Z,AP6,
E7190,Three-way Match - Mismatch Found,2024-09-04T11:03:57Z,AP7,
E5048,Receive Invoice,2024-09-04T11:04:55Z,AP3,
E373,Receive Invoice,2024-09-04T11:05:53Z,AP9,
E3254,Receive Goods,2024-09-04T11:05:54Z,Warehouse3,
E3481,Receive Goods,2024-09-04T11:05:55Z,Warehouse3,
E6902,Receive Invoice,2024-09-04T11:05:56Z,AP7,
E7725,Receive Invoice,2024-09-04T11:05:57Z,AP7,
E8141,Receive Invoice,2024-09-04T11:06:57Z,AP8,
E3557,Receive Goods,2024-09-04T11:07:55Z,Warehouse4,
E4239,Three-way Match - Successful,2024-09-04T11:07:55Z,AP10,
E5704,Receive Goods,2024-09-04T11:07:56Z,Warehouse5,
E2336,Three-way Match - Successful,2024-09-04T11:08:54Z,AP4,
E3235,Receive Invoice,2024-09-04T11:08:54Z,AP9,
E5888,Receive Goods,2024-09-04T11:08:56Z,Warehouse1,
E6661,Three-way Match - Successful,2024-09-04T11:08:56Z,AP9,
E5155,Receive Goods,2024-09-04T11:09:56Z,Warehouse3,
E5796,Receive Goods,2024-09-04T11:09:56Z,Warehouse4,
E6973,Receive Goods,2024-09-04T11:09:57Z,Warehouse3,
E8196,Receive Goods,2024-09-04T11:09:57Z,Warehouse4,
E3189,Receive Goods,2024-09-04T11:10:54Z,Warehouse1,
E6065,Three-way Match - Successful,2024-09-04T11:10:56Z,AP6,
E7119,Receive Goods,2024-09-04T11:10:57Z,Warehouse1,
E2834,Receive Goods,2024-09-04T11:11:54Z,Warehouse1,
E3667,Receive Goods,2024-09-04T11:11:55Z,Warehouse1,
E1472,Receive Goods,2024-09-04T11:12:54Z,Warehouse3,
E6228,Receive Goods,2024-09-04T11:12:56Z,Warehouse2,
E3784,Receive Goods,2024-09-04T11:13:55Z,Warehouse5,
E1844,Receive Goods,2024-09-04T11:14:54Z,Warehouse2,
E554,Receive Goods,2024-09-04T11:15:53Z,Warehouse1,
E1705,Receive Goods,2024-09-04T11:15:54Z,Warehouse1,
E8142,Three-way Match - Successful,2024-09-04T11:15:57Z,AP3,
E3335,Receive Goods,2024-09-04T11:16:54Z,Warehouse1,
E5049,Three-way Match - Successful,2024-09-04T11:16:55Z,AP1,
E6403,Receive Goods,2024-09-04T11:16:56Z,Warehouse3,
E3227,Three-way Match - Successful,2024-09-04T11:17:54Z,AP1,
E3236,Three-way Match - Successful,2024-09-04T11:17:54Z,AP7,
E7510,Receive Invoice,2024-09-04T11:17:57Z,AP7,
E8114,Receive Invoice,2024-09-04T11:17:57Z,AP3,
E1863,Receive Invoice,2024-09-04T11:18:54Z,AP8,
E3503,Receive Goods,2024-09-04T11:18:55Z,Warehouse2,
E4188,Receive Goods,2024-09-04T11:18:55Z,Warehouse3,
E780,Receive Invoice,2024-09-04T11:20:53Z,AP8,
E2251,Three-way Match - Successful,2024-09-04T11:20:54Z,AP1,
E4051,Receive Goods,2024-09-04T11:20:55Z,Warehouse4,
E601,Three-way Match - Mismatch Found,2024-09-04T11:21:53Z,AP7,
E1490,Receive Goods,2024-09-04T11:21:54Z,Warehouse4,
E3000,Receive Goods,2024-09-04T11:21:54Z,Warehouse3,
E8077,Receive Goods,2024-09-04T11:24:57Z,Warehouse5,
E1760,Receive Invoice,2024-09-04T11:25:54Z,AP3,
E2897,Receive Goods,2024-09-04T11:25:54Z,Warehouse2,
E565,Three-way Match - Successful,2024-09-04T11:26:53Z,AP4,
E1645,Receive Goods,2024-09-04T11:27:54Z,Warehouse1,
E2188,Three-way Match - Successful,2024-09-04T11:27:54Z,AP5,
E3172,Receive Invoice,2024-09-04T11:27:54Z,AP9,
E6903,Three-way Match - Successful,2024-09-04T11:27:56Z,AP8,
E2370,Receive Goods,2024-09-04T11:28:54Z,Warehouse3,
E4435,Receive Goods,2024-09-04T11:28:55Z,Warehouse2,
E8133,Three-way Match - Successful,2024-09-04T11:28:57Z,AP7,
E919,Receive Invoice,2024-09-04T11:29:53Z,AP10,
E940,Receive Goods,2024-09-04T11:29:53Z,Warehouse2,
E1443,Receive Goods,2024-09-04T11:29:53Z,Warehouse4,
E364,Receive Invoice,2024-09-04T11:30:53Z,AP5,
E1967,Three-way Match - Mismatch Found,2024-09-04T11:31:54Z,AP9,
E847,Receive Invoice,2024-09-04T11:32:53Z,AP3,
E2816,Receive Goods,2024-09-04T11:32:54Z,Warehouse4,
E3018,Receive Goods,2024-09-04T11:32:54Z,Warehouse2,
E5120,Receive Invoice,2024-09-04T11:32:55Z,AP10,
E8149,Receive Goods,2024-09-04T11:33:57Z,Warehouse3,
E2326,Receive Invoice,2024-09-04T11:34:54Z,AP3,
E105,Receive Goods,2024-09-04T11:35:53Z,Warehouse1,
E6210,Receive Goods,2024-09-04T11:38:56Z,Warehouse3,
E7410,Three-way Match - Successful,2024-09-04T11:38:57Z,AP7,
E8235,Receive Invoice,2024-09-04T11:38:57Z,AP9,
E7688,Receive Goods,2024-09-04T11:39:57Z,Warehouse1,
E462,Receive Goods,2024-09-04T11:42:53Z,Warehouse4,
E2424,Receive Goods,2024-09-04T11:42:54Z,Warehouse3,
E1864,Three-way Match - Successful,2024-09-04T11:43:54Z,AP5,
E6769,Receive Goods,2024-09-04T11:43:56Z,Warehouse4,
E5925,Receive Invoice,2024-09-04T11:44:56Z,AP9,
E374,Three-way Match - Mismatch Found,2024-09-04T11:45:53Z,AP10,
E1417,Receive Invoice,2024-09-04T11:45:53Z,AP9,
E7904,Receive Goods,2024-09-04T11:46:57Z,Warehouse5,
E909,Receive Goods,2024-09-04T11:47:53Z,Warehouse1,
E920,Three-way Match - Successful,2024-09-04T11:49:53Z,AP1,
E1418,Three-way Match - Successful,2024-09-04T11:50:53Z,AP7,
E7511,Three-way Match - Successful,2024-09-04T11:50:57Z,AP9,
E7726,Three-way Match - Successful,2024-09-04T11:51:57Z,AP9,
E8115,Three-way Match - Successful,2024-09-04T11:51:57Z,AP6,
E3083,Three-way Match - Successful,2024-09-04T11:53:54Z,AP9,
E7632,Receive Goods,2024-09-04T11:53:57Z,Warehouse4,
E884,Three-way Match - Successful,2024-09-04T11:54:53Z,AP3,
E8236,Three-way Match - Successful,2024-09-04T11:54:57Z,AP7,
E781,Three-way Match - Mismatch Found,2024-09-04T11:55:53Z,AP7,
E4571,Receive Invoice,2024-09-04T12:03:55Z,AP8,
E2327,Three-way Match - Successful,2024-09-04T12:06:54Z,AP9,
E5121,Three-way Match - Successful,2024-09-04T12:07:55Z,AP4,
E8261,Receive Goods,2024-09-04T12:08:57Z,Warehouse1,
E3173,Three-way Match - Successful,2024-09-04T12:10:54Z,AP9,
E848,Three-way Match - Successful,2024-09-04T12:11:53Z,AP4,
E4572,Three-way Match - Mismatch Found,2024-09-04T12:12:55Z,AP9,
E365,Three-way Match - Successful,2024-09-04T12:15:53Z,AP6,
E6376,Receive Goods,2024-09-04T12:19:56Z,Warehouse5,
E1761,Three-way Match - Successful,2024-09-04T12:23:54Z,AP10,
E5926,Three-way Match - Successful,2024-09-04T12:24:56Z,AP7,
E4899,Receive Goods,2024-09-05T08:56:55Z,Warehouse5,
E7678,Receive Invoice,2024-09-05T09:09:57Z,AP9,
E1219,Receive Invoice,2024-09-05T09:20:53Z,AP8,
E7895,Receive Goods,2024-09-05T09:23:57Z,Warehouse5,
E7564,Receive Invoice,2024-09-05T09:24:57Z,AP2,
E7601,Receive Goods,2024-09-05T09:25:57Z,Warehouse2,
E7679,Three-way Match - Successful,2024-09-05T09:25:57Z,AP5,
E5490,Receive Invoice,2024-09-05T09:29:56Z,AP4,
E2843,Receive Goods,2024-09-05T09:32:54Z,Warehouse3,
E8004,Receive Invoice,2024-09-05T09:32:57Z,AP9,
E635,Receive Goods,2024-09-05T09:33:53Z,Warehouse5,
E5491,Three-way Match - Successful,2024-09-05T09:33:56Z,AP5,
E4682,Receive Goods,2024-09-05T09:34:55Z,Warehouse2,
E7860,Receive Invoice,2024-09-05T09:34:57Z,AP2,
E931,Receive Goods,2024-09-05T09:36:53Z,Warehouse1,
E6650,Receive Goods,2024-09-05T09:36:56Z,Warehouse5,
E1741,Receive Goods,2024-09-05T09:38:54Z,Warehouse1,
E2574,Receive Goods,2024-09-05T09:38:54Z,Warehouse4,
E2684,Receive Goods,2024-09-05T09:39:54Z,Warehouse5,
E5954,Receive Invoice,2024-09-05T09:39:56Z,AP2,
E8243,Receive Goods,2024-09-05T09:39:57Z,Warehouse3,
E5456,Receive Goods,2024-09-05T09:40:56Z,Warehouse4,
E5955,Three-way Match - Successful,2024-09-05T09:40:56Z,AP9,
E2711,Receive Goods,2024-09-05T09:41:54Z,Warehouse3,
E3548,Receive Goods,2024-09-05T09:41:55Z,Warehouse3,
E2124,Receive Invoice,2024-09-05T09:43:54Z,AP6,
E7565,Three-way Match - Successful,2024-09-05T09:43:57Z,AP9,
E7833,Receive Invoice,2024-09-05T09:43:57Z,AP4,
E3353,Receive Goods,2024-09-05T09:44:54Z,Warehouse3,
E5357,Receive Goods,2024-09-05T09:44:56Z,Warehouse2,
E1080,Receive Invoice,2024-09-05T09:45:53Z,AP5,
E1182,Receive Goods,2024-09-05T09:45:53Z,Warehouse1,
E2397,Receive Goods,2024-09-05T09:46:54Z,Warehouse4,
E4755,Receive Invoice,2024-09-05T09:46:55Z,AP8,
E8005,Three-way Match - Successful,2024-09-05T09:46:57Z,AP1,
E2057,Receive Invoice,2024-09-05T09:47:54Z,AP9,
E2971,Receive Goods,2024-09-05T09:47:54Z,Warehouse1,
E6183,Receive Goods,2024-09-05T09:47:56Z,Warehouse2,
E6219,Receive Goods,2024-09-05T09:48:56Z,Warehouse1,
E7065,Receive Goods,2024-09-05T09:48:57Z,Warehouse4,
E5128,Receive Goods,2024-09-05T09:49:55Z,Warehouse4,
E1236,Receive Goods,2024-09-05T09:50:53Z,Warehouse2,
E5420,Receive Goods,2024-09-05T09:50:56Z,Warehouse4,
E6724,Receive Goods,2024-09-05T09:50:56Z,Warehouse3,
E7057,Receive Invoice,2024-09-05T09:50:57Z,AP5,
E2125,Three-way Match - Successful,2024-09-05T09:51:54Z,AP3,
E4265,Receive Invoice,2024-09-05T09:51:55Z,AP2,
E6521,Receive Invoice,2024-09-05T09:51:56Z,AP10,
E2472,Receive Invoice,2024-09-05T09:52:54Z,AP6,
E3181,Receive Invoice,2024-09-05T09:52:54Z,AP9,
E6458,Receive Invoice,2024-09-05T09:52:56Z,AP10,
E7861,Three-way Match - Mismatch Found,2024-09-05T09:52:57Z,AP9,
E4024,Receive Goods,2024-09-05T09:53:55Z,Warehouse5,
E5101,Receive Goods,2024-09-05T09:53:55Z,Warehouse5,
E3685,Receive Goods,2024-09-05T09:54:55Z,Warehouse2,
E5808,Receive Invoice,2024-09-05T09:54:56Z,AP5,
E626,Receive Goods,2024-09-05T09:55:53Z,Warehouse1,
E3099,Receive Goods,2024-09-05T09:56:54Z,Warehouse1,
E96,Receive Goods,2024-09-05T09:58:53Z,Warehouse5,
E1518,Receive Invoice,2024-09-05T09:59:54Z,AP5,
E2888,Receive Goods,2024-09-05T09:59:54Z,Warehouse5,
E3391,Receive Goods,2024-09-05T09:59:55Z,Warehouse1,
E6322,Receive Goods,2024-09-05T09:59:56Z,Warehouse4,
E6706,Receive Goods,2024-09-05T09:59:56Z,Warehouse2,
E7271,Receive Goods,2024-09-05T09:59:57Z,Warehouse4,
E1804,Receive Goods,2024-09-05T10:00:54Z,Warehouse2,
E2133,Receive Invoice,2024-09-05T10:01:54Z,AP1,
E2286,Receive Invoice,2024-09-05T10:01:54Z,AP8,
E3676,Receive Goods,2024-09-05T10:01:55Z,Warehouse3,
E6828,Receive Invoice,2024-09-05T10:02:56Z,AP1,
E207,Receive Invoice,2024-09-05T10:03:53Z,AP8,
E2826,Receive Invoice,2024-09-05T10:03:54Z,AP7,
E6459,Three-way Match - Successful,2024-09-05T10:03:56Z,AP3,
E391,Receive Invoice,2024-09-05T10:04:53Z,AP7,
E1673,Receive Invoice,2024-09-05T10:05:54Z,AP5,
E2925,Receive Invoice,2024-09-05T10:05:54Z,AP6,
E5331,Receive Invoice,2024-09-05T10:05:56Z,AP7,
E6522,Three-way Match - Mismatch Found,2024-09-05T10:05:56Z,AP10,
E1526,Receive Goods,2024-09-05T10:06:54Z,Warehouse1,
E2038,Receive Goods,2024-09-05T10:06:54Z,Warehouse5,
E2454,Receive Invoice,2024-09-05T10:06:54Z,AP9,
E3857,Receive Invoice,2024-09-05T10:06:55Z,AP5,
E5686,Receive Goods,2024-09-05T10:06:56Z,Warehouse3,
E3182,Three-way Match - Successful,2024-09-05T10:08:54Z,AP1,
E3521,Receive Goods,2024-09-05T10:08:55Z,Warehouse1,
E3638,Receive Goods,2024-09-05T10:08:55Z,Warehouse2,
E4266,Three-way Match - Successful,2024-09-05T10:08:55Z,AP8,
E4991,Receive Goods,2024-09-05T10:08:55Z,Warehouse4,
E970,Receive Invoice,2024-09-05T10:09:53Z,AP8,
E1220,Three-way Match - Successful,2024-09-05T10:09:53Z,AP7,
E1281,Receive Goods,2024-09-05T10:09:53Z,Warehouse2,
E3009,Receive Goods,2024-09-05T10:09:54Z,Warehouse4,
E4756,Three-way Match - Successful,2024-09-05T10:09:55Z,AP7,
E6238,Receive Invoice,2024-09-05T10:09:56Z,AP4,
E153,Receive Invoice,2024-09-05T10:10:53Z,AP2,
E5203,Receive Invoice,2024-09-05T10:10:56Z,AP6,
E6808,Receive Invoice,2024-09-05T10:10:56Z,AP10,
E761,Receive Goods,2024-09-05T10:11:53Z,Warehouse2,
E3766,Receive Goods,2024-09-05T10:11:55Z,Warehouse3,
E4132,Receive Goods,2024-09-05T10:11:55Z,Warehouse2,
E2455,Three-way Match - Successful,2024-09-05T10:12:54Z,AP2,
E2603,Receive Goods,2024-09-05T10:12:54Z,Warehouse1,
E1825,Receive Invoice,2024-09-05T10:13:54Z,AP9,
E3263,Receive Goods,2024-09-05T10:13:54Z,Warehouse3,
E4597,Receive Goods,2024-09-05T10:13:55Z,Warehouse3,
E6431,Receive Invoice,2024-09-05T10:13:56Z,AP10,
E6809,Three-way Match - Successful,2024-09-05T10:13:56Z,AP5,
E3216,Receive Goods,2024-09-05T10:14:54Z,Warehouse2,
E3512,Receive Goods,2024-09-05T10:14:55Z,Warehouse1,
E3858,Three-way Match - Successful,2024-09-05T10:14:55Z,AP3,
E4701,Receive Invoice,2024-09-05T10:14:55Z,AP1,
E2287,Three-way Match - Successful,2024-09-05T10:15:54Z,AP3,
E2805,Receive Goods,2024-09-05T10:15:54Z,Warehouse3,
E5265,Receive Goods,2024-09-05T10:15:56Z,Warehouse5,
E8021,Receive Goods,2024-09-05T10:15:57Z,Warehouse2,
E392,Three-way Match - Successful,2024-09-05T10:16:53Z,AP10,
E4291,Receive Goods,2024-09-05T10:17:55Z,Warehouse3,
E4516,Receive Goods,2024-09-05T10:17:55Z,Warehouse1,
E6239,Three-way Match - Successful,2024-09-05T10:17:56Z,AP10,
E6511,Receive Goods,2024-09-05T10:17:56Z,Warehouse3,
E7815,Receive Invoice,2024-09-05T10:17:57Z,AP10,
E1308,Receive Goods,2024-09-05T10:18:53Z,Warehouse4,
E1607,Receive Goods,2024-09-05T10:18:54Z,Warehouse4,
E501,Receive Invoice,2024-09-05T10:19:53Z,AP6,
E590,Receive Goods,2024-09-05T10:19:53Z,Warehouse5,
E5332,Three-way Match - Successful,2024-09-05T10:19:56Z,AP8,
E6937,Receive Goods,2024-09-05T10:20:57Z,Warehouse1,
E1916,Receive Goods,2024-09-05T10:21:54Z,Warehouse3,
E3531,Receive Invoice,2024-09-05T10:21:55Z,AP1,
E4444,Receive Goods,2024-09-05T10:21:55Z,Warehouse4,
E5657,Receive Goods,2024-09-05T10:21:56Z,Warehouse2,
E5816,Receive Goods,2024-09-05T10:21:56Z,Warehouse2,
E6074,Receive Goods,2024-09-05T10:21:56Z,Warehouse4,
E6697,Receive Goods,2024-09-05T10:21:56Z,Warehouse1,
E7471,Receive Goods,2024-09-05T10:21:57Z,Warehouse1,
E1081,Three-way Match - Successful,2024-09-05T10:22:53Z,AP5,
E3427,Receive Goods,2024-09-05T10:23:55Z,Warehouse2,
E4114,Receive Goods,2024-09-05T10:23:55Z,Warehouse1,
E6432,Three-way Match - Successful,2024-09-05T10:23:56Z,AP9,
E2613,Receive Invoice,2024-09-05T10:24:54Z,AP10,
E279,Receive Invoice,2024-09-05T10:25:53Z,AP6,
E4033,Receive Goods,2024-09-05T10:25:55Z,Warehouse5,
E6104,Receive Invoice,2024-09-05T10:25:56Z,AP8,
E4354,Receive Goods,2024-09-05T10:26:55Z,Warehouse4,
E6036,Receive Goods,2024-09-05T10:26:56Z,Warehouse2,
E1164,Receive Goods,2024-09-05T10:27:53Z,Warehouse4,
E5402,Receive Goods,2024-09-05T10:27:56Z,Warehouse3,
E5543,Receive Goods,2024-09-05T10:27:56Z,Warehouse5,
E8095,Receive Goods,2024-09-05T10:27:57Z,Warehouse1,
E382,Receive Invoice,2024-09-05T10:28:53Z,AP8,
E4909,Receive Invoice,2024-09-05T10:28:55Z,AP9,
E7318,Receive Goods,2024-09-05T10:28:57Z,Warehouse2,
E7834,Three-way Match - Successful,2024-09-05T10:28:57Z,AP2,
E69,Receive Goods,2024-09-05T10:30:53Z,Warehouse2,
E815,Receive Goods,2024-09-05T10:30:53Z,Warehouse1,
E2134,Three-way Match - Successful,2024-09-05T10:30:54Z,AP4,
E2473,Three-way Match - Successful,2024-09-05T10:30:54Z,AP3,
E2926,Three-way Match - Successful,2024-09-05T10:30:54Z,AP8,
E6883,Receive Goods,2024-09-05T10:30:56Z,Warehouse2,
E1519,Three-way Match - Successful,2024-09-05T10:31:54Z,AP2,
E1872,Receive Invoice,2024-09-05T10:31:54Z,AP6,
E2565,Receive Goods,2024-09-05T10:31:54Z,Warehouse2,
E2592,Receive Goods,2024-09-05T10:31:54Z,Warehouse5,
E5649,Receive Invoice,2024-09-05T10:31:56Z,AP9,
E7454,Receive Invoice,2024-09-05T10:31:57Z,AP3,
E208,Three-way Match - Successful,2024-09-05T10:32:53Z,AP6,
E3966,Receive Goods,2024-09-05T10:33:55Z,Warehouse1,
E4463,Receive Invoice,2024-09-05T10:33:55Z,AP9,
E154,Three-way Match - Successful,2024-09-05T10:34:53Z,AP8,
E3282,Receive Invoice,2024-09-05T10:34:54Z,AP8,
E6394,Receive Goods,2024-09-05T10:34:56Z,Warehouse4,
E2065,Receive Goods,2024-09-05T10:35:54Z,Warehouse2,
E3199,Receive Invoice,2024-09-05T10:35:54Z,AP10,
E3445,Receive Goods,2024-09-05T10:35:55Z,Warehouse3,
E6623,Receive Goods,2024-09-05T10:35:56Z,Warehouse1,
E6864,Receive Invoice,2024-09-05T10:35:56Z,AP4,
E4718,Receive Goods,2024-09-05T10:36:55Z,Warehouse1,
E6449,Receive Invoice,2024-09-05T10:36:56Z,AP7,
E7252,Receive Invoice,2024-09-05T10:36:57Z,AP4,
E2076,Receive Goods,2024-09-05T10:37:54Z,Warehouse2,
E2490,Receive Invoice,2024-09-05T10:37:54Z,AP10,
E4161,Receive Goods,2024-09-05T10:37:55Z,Warehouse1,
E5021,Receive Invoice,2024-09-05T10:37:55Z,AP5,
E3283,Three-way Match - Successful,2024-09-05T10:38:54Z,AP3,
E3363,Receive Invoice,2024-09-05T10:38:54Z,AP4,
E788,Receive Goods,2024-09-05T10:39:53Z,Warehouse3,
E825,Receive Invoice,2024-09-05T10:39:53Z,AP8,
E971,Three-way Match - Successful,2024-09-05T10:39:53Z,AP7,
E2547,Receive Goods,2024-09-05T10:39:54Z,Warehouse3,
E6156,Receive Goods,2024-09-05T10:39:56Z,Warehouse1,
E3911,Receive Invoice,2024-09-05T10:40:55Z,AP4,
E5907,Receive Invoice,2024-09-05T10:40:56Z,AP2,
E7327,Receive Goods,2024-09-05T10:40:57Z,Warehouse5,
E855,Receive Goods,2024-09-05T10:41:53Z,Warehouse4,
E6547,Receive Goods,2024-09-05T10:41:56Z,Warehouse1,
E280,Three-way Match - Successful,2024-09-05T10:42:53Z,AP2,
E502,Three-way Match - Successful,2024-09-05T10:42:53Z,AP10,
E1106,Receive Goods,2024-09-05T10:42:53Z,Warehouse5,
E3776,Receive Invoice,2024-09-05T10:42:55Z,AP9,
E6603,Receive Goods,2024-09-05T10:42:56Z,Warehouse1,
E5776,Receive Goods,2024-09-05T10:43:56Z,Warehouse3,
E233,Receive Goods,2024-09-05T10:44:53Z,Warehouse1,
E1254,Receive Goods,2024-09-05T10:44:53Z,Warehouse1,
E2104,Receive Invoice,2024-09-05T10:44:54Z,AP9,
E2693,Receive Goods,2024-09-05T10:44:54Z,Warehouse4,
E6412,Receive Goods,2024-09-05T10:44:56Z,Warehouse1,
E162,Receive Invoice,2024-09-05T10:45:53Z,AP4,
E7075,Receive Invoice,2024-09-05T10:45:57Z,AP10,
E2498,Receive Goods,2024-09-05T10:46:54Z,Warehouse4,
E3028,Receive Invoice,2024-09-05T10:46:54Z,AP5,
E4644,Receive Goods,2024-09-05T10:46:55Z,Warehouse2,
E2058,Three-way Match - Successful,2024-09-05T10:47:54Z,AP6,
E2195,Receive Goods,2024-09-05T10:47:54Z,Warehouse3,
E6105,Three-way Match - Successful,2024-09-05T10:47:56Z,AP7,
E7263,Receive Invoice,2024-09-05T10:47:57Z,AP4,
E8048,Receive Goods,2024-09-05T10:47:57Z,Warehouse3,
E1674,Three-way Match - Successful,2024-09-05T10:48:54Z,AP4,
E5809,Three-way Match - Successful,2024-09-05T10:48:56Z,AP7,
E6529,Receive Goods,2024-09-05T10:48:56Z,Warehouse2,
E2702,Receive Goods,2024-09-05T10:49:54Z,Warehouse1,
E5385,Receive Invoice,2024-09-05T10:49:56Z,AP4,
E1264,Receive Invoice,2024-09-05T10:50:53Z,AP7,
E2827,Three-way Match - Successful,2024-09-05T10:50:54Z,AP5,
E7058,Three-way Match - Successful,2024-09-05T10:50:57Z,AP8,
E7797,Receive Invoice,2024-09-05T10:50:57Z,AP6,
E1990,Make Payment,2024-09-05T10:51:54Z,AP10,
E5667,Receive Invoice,2024-09-05T10:51:56Z,AP2,
E7816,Three-way Match - Successful,2024-09-05T10:52:57Z,AP5,
E7877,Receive Goods,2024-09-05T10:52:57Z,Warehouse4,
E2380,Receive Invoice,2024-09-05T10:53:54Z,AP6,
E3777,Three-way Match - Successful,2024-09-05T10:53:55Z,AP1,
E5348,Receive Goods,2024-09-05T10:53:56Z,Warehouse5,
E5375,Receive Goods,2024-09-05T10:53:56Z,Warehouse2,
E1553,Receive Goods,2024-09-05T10:54:54Z,Warehouse1,
E6294,Receive Invoice,2024-09-05T10:54:56Z,AP4,
E1155,Receive Goods,2024-09-05T10:55:53Z,Warehouse5,
E383,Three-way Match - Successful,2024-09-05T10:56:53Z,AP8,
E2491,Three-way Match - Successful,2024-09-05T10:56:54Z,AP10,
E4822,Receive Invoice,2024-09-05T10:56:55Z,AP2,
E4910,Three-way Match - Successful,2024-09-05T10:56:55Z,AP9,
E6275,Receive Goods,2024-09-05T10:57:56Z,Warehouse2,
E797,Receive Goods,2024-09-05T10:58:53Z,Warehouse2,
E3629,Receive Goods,2024-09-05T10:58:55Z,Warehouse1,
E4673,Receive Goods,2024-09-05T10:58:55Z,Warehouse3,
E5321,Receive Goods,2024-09-05T10:58:56Z,Warehouse4,
E1873,Three-way Match - Successful,2024-09-05T10:59:54Z,AP10,
E3036,Receive Goods,2024-09-05T10:59:54Z,Warehouse3,
E3958,Receive Invoice,2024-09-05T10:59:55Z,AP10,
E5908,Three-way Match - Successful,2024-09-05T10:59:56Z,AP3,
E6752,Receive Invoice,2024-09-05T10:59:56Z,AP10,
E2112,Receive Goods,2024-09-05T11:00:54Z,Warehouse2,
E3532,Three-way Match - Successful,2024-09-05T11:00:55Z,AP10,
E5000,Receive Goods,2024-09-05T11:00:55Z,Warehouse5,
E6865,Three-way Match - Successful,2024-09-05T11:00:56Z,AP9,
E4408,Receive Goods,2024-09-05T11:02:55Z,Warehouse3,
E4702,Three-way Match - Successful,2024-09-05T11:02:55Z,AP2,
E6829,Three-way Match - Successful,2024-09-05T11:02:56Z,AP9,
E418,Receive Invoice,2024-09-05T11:03:53Z,AP9,
E509,Receive Goods,2024-09-05T11:03:53Z,Warehouse1,
E7191,Make Payment,2024-09-05T11:03:57Z,AP3,
E581,Receive Goods,2024-09-05T11:04:53Z,Warehouse3,
E3912,Three-way Match - Successful,2024-09-05T11:04:55Z,AP9,
E2105,Three-way Match - Successful,2024-09-05T11:05:54Z,AP8,
E4464,Three-way Match - Successful,2024-09-05T11:05:55Z,AP6,
E5204,Three-way Match - Successful,2024-09-05T11:05:56Z,AP9,
E7455,Three-way Match - Mismatch Found,2024-09-05T11:06:57Z,AP8,
E8289,Receive Invoice,2024-09-05T11:06:57Z,AP8,
E1097,Receive Goods,2024-09-05T11:07:53Z,Warehouse3,
E4337,Receive Invoice,2024-09-05T11:07:55Z,AP10,
E7752,Receive Invoice,2024-09-05T11:07:57Z,AP7,
E644,Receive Goods,2024-09-05T11:08:53Z,Warehouse1,
E3045,Receive Goods,2024-09-05T11:08:54Z,Warehouse2,
E5889,Receive Invoice,2024-09-05T11:08:56Z,AP7,
E2204,Receive Goods,2024-09-05T11:09:54Z,Warehouse4,
E5156,Receive Invoice,2024-09-05T11:09:56Z,AP7,
E5797,Receive Invoice,2024-09-05T11:09:56Z,AP10,
E6295,Three-way Match - Successful,2024-09-05T11:09:56Z,AP6,
E6974,Receive Invoice,2024-09-05T11:09:57Z,AP6,
E242,Receive Goods,2024-09-05T11:10:53Z,Warehouse4,
E2614,Three-way Match - Successful,2024-09-05T11:10:54Z,AP2,
E3190,Receive Invoice,2024-09-05T11:10:54Z,AP7,
E7120,Receive Invoice,2024-09-05T11:10:57Z,AP2,
E435,Receive Goods,2024-09-05T11:11:53Z,Warehouse3,
E1826,Three-way Match - Successful,2024-09-05T11:11:54Z,AP8,
E2308,Receive Invoice,2024-09-05T11:11:54Z,AP6,
E3029,Three-way Match - Successful,2024-09-05T11:11:54Z,AP3,
E5650,Three-way Match - Successful,2024-09-05T11:11:56Z,AP9,
E1795,Receive Goods,2024-09-05T11:12:54Z,Warehouse1,
E4823,Three-way Match - Successful,2024-09-05T11:13:55Z,AP6,
E7029,Receive Goods,2024-09-05T11:13:57Z,Warehouse5,
E5933,Receive Goods,2024-09-05T11:14:56Z,Warehouse2,
E3539,Receive Goods,2024-09-05T11:15:55Z,Warehouse4,
E3593,Receive Goods,2024-09-05T11:15:55Z,Warehouse2,
E3976,Receive Invoice,2024-09-05T11:15:55Z,AP1,
E4197,Receive Goods,2024-09-05T11:15:55Z,Warehouse3,
E6084,Receive Invoice,2024-09-05T11:15:56Z,AP10,
E7048,Receive Invoice,2024-09-05T11:15:57Z,AP7,
E1336,Receive Invoice,2024-09-05T11:16:53Z,AP3,
E2018,Receive Goods,2024-09-05T11:16:54Z,Warehouse3,
E4381,Receive Goods,2024-09-05T11:16:55Z,Warehouse2,
E6404,Receive Invoice,2024-09-05T11:16:56Z,AP3,
E2177,Receive Goods,2024-09-05T11:17:54Z,Warehouse5,
E7121,Three-way Match - Successful,2024-09-05T11:17:57Z,AP5,
E3200,Three-way Match - Successful,2024-09-05T11:18:54Z,AP10,
E4189,Receive Invoice,2024-09-05T11:18:55Z,AP3,
E4217,Receive Goods,2024-09-05T11:18:55Z,Warehouse4,
E305,Receive Goods,2024-09-05T11:20:53Z,Warehouse3,
E2159,Receive Goods,2024-09-05T11:20:54Z,Warehouse4,
E2252,Make Payment,2024-09-05T11:20:54Z,AP3,
E7253,Three-way Match - Mismatch Found,2024-09-05T11:20:57Z,AP2,
E3001,Receive Invoice,2024-09-05T11:21:54Z,AP5,
E4561,Receive Goods,2024-09-05T11:21:55Z,Warehouse1,
E826,Three-way Match - Successful,2024-09-05T11:22:53Z,AP9,
E3811,Receive Goods,2024-09-05T11:22:55Z,Warehouse4,
E4190,Three-way Match - Successful,2024-09-05T11:22:55Z,AP5,
E6502,Receive Goods,2024-09-05T11:22:56Z,Warehouse5,
E7583,Receive Goods,2024-09-05T11:22:57Z,Warehouse5,
E3191,Three-way Match - Mismatch Found,2024-09-05T11:23:54Z,AP2,
E2085,Receive Goods,2024-09-05T11:24:54Z,Warehouse5,
E3364,Three-way Match - Mismatch Found,2024-09-05T11:24:54Z,AP9,
E7076,Three-way Match - Successful,2024-09-05T11:24:57Z,AP1,
E1043,Receive Goods,2024-09-05T11:25:53Z,Warehouse5,
E1265,Three-way Match - Successful,2024-09-05T11:25:53Z,AP1,
E1337,Three-way Match - Successful,2024-09-05T11:25:53Z,AP2,
E6753,Three-way Match - Successful,2024-09-05T11:25:56Z,AP2,
E7753,Three-way Match - Successful,2024-09-05T11:25:57Z,AP5,
E2222,Receive Goods,2024-09-05T11:26:54Z,Warehouse4,
E2309,Three-way Match - Successful,2024-09-05T11:26:54Z,AP2,
E3400,Receive Goods,2024-09-05T11:26:55Z,Warehouse2,
E3901,Receive Goods,2024-09-05T11:26:55Z,Warehouse4,
E5890,Three-way Match - Successful,2024-09-05T11:26:56Z,AP9,
E6632,Receive Goods,2024-09-05T11:26:56Z,Warehouse1,
E2371,Receive Invoice,2024-09-05T11:28:54Z,AP4,
E4436,Receive Invoice,2024-09-05T11:28:55Z,AP10,
E941,Receive Invoice,2024-09-05T11:29:53Z,AP9,
E1444,Receive Invoice,2024-09-05T11:29:53Z,AP9,
E1936,Receive Goods,2024-09-05T11:29:54Z,Warehouse5,
E3892,Receive Goods,2024-09-05T11:29:55Z,Warehouse3,
E7499,Receive Invoice,2024-09-05T11:29:57Z,AP4,
E3959,Three-way Match - Mismatch Found,2024-09-05T11:30:55Z,AP6,
E653,Receive Goods,2024-09-05T11:32:53Z,Warehouse1,
E3019,Receive Invoice,2024-09-05T11:32:54Z,AP1,
E5386,Three-way Match - Successful,2024-09-05T11:33:56Z,AP9,
E5535,Receive Invoice,2024-09-05T11:33:56Z,AP4,
E892,Receive Invoice,2024-09-05T11:34:53Z,AP4,
E5022,Three-way Match - Successful,2024-09-05T11:34:55Z,AP7,
E6439,Receive Goods,2024-09-05T11:34:56Z,Warehouse2,
E6450,Three-way Match - Successful,2024-09-05T11:34:56Z,AP4,
E7264,Three-way Match - Successful,2024-09-05T11:35:57Z,AP4,
E7994,Receive Goods,2024-09-05T11:35:57Z,Warehouse3,
E5536,Three-way Match - Successful,2024-09-05T11:36:56Z,AP3,
E7049,Three-way Match - Successful,2024-09-05T11:36:57Z,AP8,
E7798,Three-way Match - Successful,2024-09-05T11:36:57Z,AP10,
E1317,Receive Goods,2024-09-05T11:37:53Z,Warehouse2,
E163,Three-way Match - Successful,2024-09-05T11:38:53Z,AP5,
E6085,Three-way Match - Mismatch Found,2024-09-05T11:38:56Z,AP9,
E6211,Receive Invoice,2024-09-05T11:38:56Z,AP1,
E4471,Receive Goods,2024-09-05T11:39:55Z,Warehouse5,
E7689,Receive Invoice,2024-09-05T11:39:57Z,AP3,
E6405,Three-way Match - Successful,2024-09-05T11:40:56Z,AP5,
E419,Three-way Match - Successful,2024-09-05T11:41:53Z,AP1,
E527,Receive Goods,2024-09-05T11:41:53Z,Warehouse4,
E1389,Receive Goods,2024-09-05T11:41:53Z,Warehouse1,
E1714,Receive Goods,2024-09-05T11:41:54Z,Warehouse2,
E2381,Three-way Match - Successful,2024-09-05T11:41:54Z,AP5,
E5668,Three-way Match - Successful,2024-09-05T11:41:56Z,AP7,
E5798,Three-way Match - Mismatch Found,2024-09-05T11:41:56Z,AP4,
E725,Receive Goods,2024-09-05T11:42:53Z,Warehouse3,
E5157,Three-way Match - Successful,2024-09-05T11:42:56Z,AP1,
E2775,Receive Invoice,2024-09-05T11:43:54Z,AP9,
E5965,Receive Invoice,2024-09-05T11:43:56Z,AP1,
E1227,Receive Goods,2024-09-05T11:45:53Z,Warehouse2,
E5590,Receive Goods,2024-09-05T11:45:56Z,Warehouse3,
E2343,Receive Goods,2024-09-05T11:46:54Z,Warehouse4,
E4437,Three-way Match - Successful,2024-09-05T11:46:55Z,AP4,
E4499,Receive Invoice,2024-09-05T11:46:55Z,AP7,
E910,Receive Invoice,2024-09-05T11:47:53Z,AP7,
E921,Make Payment,2024-09-05T11:49:53Z,AP1,
E5966,Three-way Match - Successful,2024-09-05T11:50:56Z,AP6,
E1144,Receive Goods,2024-09-05T11:51:53Z,Warehouse5,
E6975,Three-way Match - Successful,2024-09-05T11:51:57Z,AP7,
E4500,Three-way Match - Successful,2024-09-05T11:53:55Z,AP10,
E5599,Receive Goods,2024-09-05T11:55:56Z,Warehouse1,
E8290,Three-way Match - Successful,2024-09-05T11:55:57Z,AP4,
E4850,Receive Goods,2024-09-05T11:58:55Z,Warehouse4,
E1690,Receive Goods,2024-09-05T12:01:54Z,Warehouse4,
E4973,Receive Goods,2024-09-05T12:01:55Z,Warehouse4,
E8169,Receive Goods,2024-09-05T12:01:57Z,Warehouse3,
E2372,Three-way Match - Successful,2024-09-05T12:02:54Z,AP7,
E3977,Three-way Match - Successful,2024-09-05T12:02:55Z,AP1,
E4338,Three-way Match - Successful,2024-09-05T12:02:55Z,AP7,
E7690,Three-way Match - Successful,2024-09-05T12:06:57Z,AP5,
E8262,Receive Invoice,2024-09-05T12:08:57Z,AP5,
E849,Make Payment,2024-09-05T12:11:53Z,AP9,
E366,Make Payment,2024-09-05T12:15:53Z,AP2,
E7500,Three-way Match - Successful,2024-09-05T12:15:57Z,AP1,
E3002,Three-way Match - Successful,2024-09-05T12:16:54Z,AP3,
E2776,Three-way Match - Successful,2024-09-05T12:18:54Z,AP9,
E3020,Three-way Match - Successful,2024-09-05T12:18:54Z,AP9,
E8263,Three-way Match - Successful,2024-09-05T12:22:57Z,AP8,
E893,Three-way Match - Successful,2024-09-05T12:24:53Z,AP4,
E3937,Receive Goods,2024-09-05T12:25:55Z,Warehouse4,
E1445,Three-way Match - Successful,2024-09-05T12:26:53Z,AP4,
E942,Three-way Match - Mismatch Found,2024-09-05T12:27:53Z,AP2,
E6212,Three-way Match - Successful,2024-09-05T12:30:56Z,AP6,
E911,Three-way Match - Successful,2024-09-05T12:47:53Z,AP3,
E1272,Receive Goods,2024-09-06T08:56:53Z,Warehouse4,
E1544,Receive Goods,2024-09-06T09:00:54Z,Warehouse4,
E4282,Receive Goods,2024-09-06T09:00:55Z,Warehouse1,
E2001,Receive Invoice,2024-09-06T09:09:54Z,AP2,
E269,Receive Goods,2024-09-06T09:13:53Z,Warehouse2,
E7138,Receive Invoice,2024-09-06T09:14:57Z,AP5,
E1062,Receive Invoice,2024-09-06T09:15:53Z,AP8,
E7977,Receive Invoice,2024-09-06T09:15:57Z,AP5,
E4123,Receive Goods,2024-09-06T09:24:55Z,Warehouse3,
E716,Receive Goods,2024-09-06T09:25:53Z,Warehouse5,
E1818,Make Payment,2024-09-06T09:25:54Z,AP7,
E4945,Receive Invoice,2024-09-06T09:25:55Z,AP1,
E400,Receive Invoice,2024-09-06T09:26:53Z,AP5,
E7281,Receive Invoice,2024-09-06T09:26:57Z,AP3,
E7806,Receive Invoice,2024-09-06T09:28:57Z,AP4,
E636,Receive Invoice,2024-09-06T09:33:53Z,AP10,
E2002,Three-way Match - Successful,2024-09-06T09:33:54Z,AP2,
E3372,Receive Invoice,2024-09-06T09:33:54Z,AP5,
E179,Receive Goods,2024-09-06T09:34:53Z,Warehouse3,
E2296,Receive Goods,2024-09-06T09:34:54Z,Warehouse5,
E2141,Receive Goods,2024-09-06T09:35:54Z,Warehouse3,
E6651,Receive Invoice,2024-09-06T09:36:56Z,AP6,
E7019,Receive Invoice,2024-09-06T09:36:57Z,AP10,
E7841,Receive Goods,2024-09-06T09:36:57Z,Warehouse3,
E2150,Receive Goods,2024-09-06T09:37:54Z,Warehouse4,
E1742,Receive Invoice,2024-09-06T09:38:54Z,AP7,
E3054,Receive Goods,2024-09-06T09:38:54Z,Warehouse4,
E3650,Receive Invoice,2024-09-06T09:38:55Z,AP2,
E3373,Three-way Match - Successful,2024-09-06T09:39:54Z,AP10,
E5092,Receive Goods,2024-09-06T09:39:55Z,Warehouse5,
E4736,Receive Goods,2024-09-06T09:40:55Z,Warehouse5,
E5111,Receive Invoice,2024-09-06T09:40:55Z,AP9,
E5956,Make Payment,2024-09-06T09:40:56Z,AP9,
E8040,Receive Invoice,2024-09-06T09:40:57Z,AP3,
E2712,Receive Invoice,2024-09-06T09:41:54Z,AP9,
E7418,Receive Invoice,2024-09-06T09:41:57Z,AP8,
E2353,Receive Invoice,2024-09-06T09:42:54Z,AP2,
E7419,Three-way Match - Successful,2024-09-06T09:42:57Z,AP3,
E6565,Receive Goods,2024-09-06T09:43:56Z,Warehouse2,
E6928,Receive Goods,2024-09-06T09:43:57Z,Warehouse5,
E4890,Receive Goods,2024-09-06T09:44:55Z,Warehouse3,
E6742,Receive Goods,2024-09-06T09:44:56Z,Warehouse2,
E4745,Receive Goods,2024-09-06T09:45:55Z,Warehouse4,
E2398,Receive Invoice,2024-09-06T09:46:54Z,AP1,
E2639,Receive Goods,2024-09-06T09:46:54Z,Warehouse1,
E2757,Receive Invoice,2024-09-06T09:46:54Z,AP1,
E7978,Three-way Match - Successful,2024-09-06T09:46:57Z,AP4,
E6614,Receive Goods,2024-09-06T09:47:56Z,Warehouse1,
E6220,Receive Invoice,2024-09-06T09:48:56Z,AP7,
E7716,Receive Invoice,2024-09-06T09:48:57Z,AP1,
E2316,Receive Goods,2024-09-06T09:49:54Z,Warehouse5,
E2434,Receive Invoice,2024-09-06T09:50:54Z,AP3,
E4709,Receive Goods,2024-09-06T09:50:55Z,Warehouse5,
E637,Three-way Match - Mismatch Found,2024-09-06T09:51:53Z,AP9,
E5439,Receive Invoice,2024-09-06T09:51:56Z,AP10,
E7139,Three-way Match - Successful,2024-09-06T09:51:57Z,AP4,
E3437,Receive Invoice,2024-09-06T09:52:55Z,AP6,
E4453,Receive Goods,2024-09-06T09:52:55Z,Warehouse2,
E4658,Make Payment,2024-09-06T09:52:55Z,AP8,
E6145,Receive Goods,2024-09-06T09:52:56Z,Warehouse3,
E6583,Receive Goods,2024-09-06T09:52:56Z,Warehouse3,
E2276,Receive Goods,2024-09-06T09:53:54Z,Warehouse5,
E7807,Three-way Match - Successful,2024-09-06T09:53:57Z,AP5,
E2713,Three-way Match - Successful,2024-09-06T09:54:54Z,AP10,
E3686,Receive Invoice,2024-09-06T09:54:55Z,AP1,
E4664,Receive Goods,2024-09-06T09:54:55Z,Warehouse5,
E5629,Receive Invoice,2024-09-06T09:54:56Z,AP3,
E1954,Receive Goods,2024-09-06T09:55:54Z,Warehouse1,
E314,Receive Goods,2024-09-06T09:56:53Z,Warehouse5,
E3100,Receive Invoice,2024-09-06T09:56:54Z,AP7,
E7234,Receive Invoice,2024-09-06T09:56:57Z,AP7,
E6475,Receive Goods,2024-09-06T09:57:56Z,Warehouse5,
E8216,Receive Goods,2024-09-06T09:57:57Z,Warehouse1,
E3438,Three-way Match - Successful,2024-09-06T09:58:55Z,AP3,
E4480,Receive Goods,2024-09-06T09:58:55Z,Warehouse3,
E5440,Three-way Match - Successful,2024-09-06T09:58:56Z,AP1,
E1063,Three-way Match - Successful,2024-09-06T09:59:53Z,AP6,
E1201,Receive Invoice,2024-09-06T09:59:53Z,AP10,
E3392,Receive Invoice,2024-09-06T09:59:55Z,AP7,
E6920,Receive Invoice,2024-09-06T09:59:57Z,AP3,
E7272,Receive Invoice,2024-09-06T09:59:57Z,AP7,
E690,Receive Invoice,2024-09-06T10:00:53Z,AP3,
E1805,Receive Invoice,2024-09-06T10:00:54Z,AP10,
E3101,Three-way Match - Successful,2024-09-06T10:00:54Z,AP7,
E7150,Receive Goods,2024-09-06T10:00:57Z,Warehouse4,
E7923,Receive Invoice,2024-09-06T10:00:57Z,AP4,
E2738,Receive Goods,2024-09-06T10:01:54Z,Warehouse5,
E3677,Receive Invoice,2024-09-06T10:01:55Z,AP2,
E3802,Receive Goods,2024-09-06T10:02:55Z,Warehouse5,
E5112,Three-way Match - Successful,2024-09-06T10:02:55Z,AP8,
E401,Three-way Match - Successful,2024-09-06T10:04:53Z,AP10,
E7481,Receive Invoice,2024-09-06T10:04:57Z,AP6,
E43,Receive Invoice,2024-09-06T10:05:53Z,AP3,
E491,Receive Goods,2024-09-06T10:05:53Z,Warehouse5,
E4372,Receive Goods,2024-09-06T10:05:55Z,Warehouse4,
E4812,Receive Goods,2024-09-06T10:05:55Z,Warehouse1,
E5767,Receive Goods,2024-09-06T10:05:56Z,Warehouse1,
E2765,Receive Goods,2024-09-06T10:06:54Z,Warehouse4,
E3651,Three-way Match - Mismatch Found,2024-09-06T10:06:55Z,AP7,
E4580,Receive Invoice,2024-09-06T10:06:55Z,AP2,
E5723,Receive Invoice,2024-09-06T10:06:56Z,AP9,
E444,Receive Goods,2024-09-06T10:07:53Z,Warehouse2,
E1481,Receive Goods,2024-09-06T10:07:54Z,Warehouse4,
E4636,Receive Invoice,2024-09-06T10:07:55Z,AP5,
E5394,Receive Invoice,2024-09-06T10:07:56Z,AP2,
E7282,Three-way Match - Mismatch Found,2024-09-06T10:07:57Z,AP2,
E7697,Receive Goods,2024-09-06T10:07:57Z,Warehouse5,
E2462,Receive Goods,2024-09-06T10:08:54Z,Warehouse2,
E2676,Receive Invoice,2024-09-06T10:08:54Z,AP10,
E2862,Receive Invoice,2024-09-06T10:08:54Z,AP1,
E3687,Three-way Match - Successful,2024-09-06T10:08:55Z,AP4,
E4606,Receive Goods,2024-09-06T10:08:55Z,Warehouse1,
E4992,Receive Invoice,2024-09-06T10:08:55Z,AP3,
E7273,Three-way Match - Successful,2024-09-06T10:08:57Z,AP8,
E251,Receive Goods,2024-09-06T10:09:53Z,Warehouse2,
E1221,Make Payment,2024-09-06T10:09:53Z,AP8,
E6255,Receive Goods,2024-09-06T10:09:56Z,Warehouse1,
E170,Receive Goods,2024-09-06T10:10:53Z,Warehouse2,
E3273,Receive Invoice,2024-09-06T10:10:54Z,AP5,
E6201,Receive Goods,2024-09-06T10:10:56Z,Warehouse2,
E6789,Receive Goods,2024-09-06T10:10:56Z,Warehouse5,
E762,Receive Invoice,2024-09-06T10:11:53Z,AP3,
E6493,Receive Goods,2024-09-06T10:11:56Z,Warehouse4,
E7528,Receive Invoice,2024-09-06T10:11:57Z,AP7,
E7709,Make Payment,2024-09-06T10:11:57Z,AP2,
E3712,Receive Goods,2024-09-06T10:12:55Z,Warehouse2,
E4070,Receive Invoice,2024-09-06T10:12:55Z,AP1,
E6556,Receive Goods,2024-09-06T10:12:56Z,Warehouse4,
E7020,Three-way Match - Successful,2024-09-06T10:12:57Z,AP4,
E3264,Receive Invoice,2024-09-06T10:13:54Z,AP10,
E3847,Receive Goods,2024-09-06T10:13:55Z,Warehouse4,
E8159,Receive Invoice,2024-09-06T10:13:57Z,AP4,
E2758,Three-way Match - Successful,2024-09-06T10:14:54Z,AP1,
E3136,Receive Invoice,2024-09-06T10:14:54Z,AP4,
E3739,Receive Goods,2024-09-06T10:14:55Z,Warehouse3,
E7355,Receive Invoice,2024-09-06T10:14:57Z,AP2,
E691,Three-way Match - Successful,2024-09-06T10:15:53Z,AP9,
E5266,Receive Invoice,2024-09-06T10:15:56Z,AP6,
E5785,Receive Goods,2024-09-06T10:15:56Z,Warehouse5,
E8022,Receive Invoice,2024-09-06T10:15:57Z,AP9,
E472,Receive Invoice,2024-09-06T10:16:53Z,AP5,
E771,Receive Invoice,2024-09-06T10:16:53Z,AP8,
E4418,Receive Invoice,2024-09-06T10:16:55Z,AP5,
E4363,Receive Goods,2024-09-06T10:17:55Z,Warehouse4,
E6642,Receive Invoice,2024-09-06T10:17:56Z,AP9,
E1309,Receive Invoice,2024-09-06T10:18:53Z,AP7,
E2747,Receive Goods,2024-09-06T10:18:54Z,Warehouse1,
E4071,Three-way Match - Successful,2024-09-06T10:18:55Z,AP3,
E6311,Receive Goods,2024-09-06T10:18:56Z,Warehouse5,
E7924,Three-way Match - Successful,2024-09-06T10:18:57Z,AP2,
E4637,Three-way Match - Successful,2024-09-06T10:19:55Z,AP3,
E5293,Receive Invoice,2024-09-06T10:19:56Z,AP6,
E7967,Receive Goods,2024-09-06T10:19:57Z,Warehouse1,
E2648,Receive Goods,2024-09-06T10:20:54Z,Warehouse1,
E3455,Receive Invoice,2024-09-06T10:20:55Z,AP3,
E3463,Receive Goods,2024-09-06T10:20:55Z,Warehouse1,
E6422,Receive Invoice,2024-09-06T10:20:56Z,AP4,
E763,Three-way Match - Successful,2024-09-06T10:21:53Z,AP10,
E1291,Receive Invoice,2024-09-06T10:21:53Z,AP1,
E1917,Receive Invoice,2024-09-06T10:21:54Z,AP8,
E3758,Receive Invoice,2024-09-06T10:21:55Z,AP6,
E4445,Receive Invoice,2024-09-06T10:21:55Z,AP2,
E4581,Three-way Match - Successful,2024-09-06T10:21:55Z,AP7,
E4946,Three-way Match - Successful,2024-09-06T10:21:55Z,AP9,
E5658,Receive Invoice,2024-09-06T10:21:56Z,AP6,
E6075,Receive Invoice,2024-09-06T10:21:56Z,AP8,
E3884,Receive Invoice,2024-09-06T10:22:55Z,AP2,
E5283,Receive Goods,2024-09-06T10:22:56Z,Warehouse2,
E1571,Receive Goods,2024-09-06T10:23:54Z,Warehouse2,
E1743,Three-way Match - Successful,2024-09-06T10:23:54Z,AP1,
E3108,Receive Goods,2024-09-06T10:23:54Z,Warehouse4,
E3317,Receive Goods,2024-09-06T10:23:54Z,Warehouse4,
E5147,Receive Invoice,2024-09-06T10:23:56Z,AP1,
E5638,Receive Invoice,2024-09-06T10:23:56Z,AP2,
E5974,Receive Invoice,2024-09-06T10:23:56Z,AP7,
E7482,Three-way Match - Successful,2024-09-06T10:23:57Z,AP7,
E1898,Receive Goods,2024-09-06T10:24:54Z,Warehouse2,
E3207,Receive Goods,2024-09-06T10:24:54Z,Warehouse1,
E4419,Three-way Match - Successful,2024-09-06T10:24:55Z,AP9,
E1299,Receive Goods,2024-09-06T10:25:53Z,Warehouse3,
E7391,Receive Invoice,2024-09-06T10:25:57Z,AP10,
E3118,Receive Invoice,2024-09-06T10:26:54Z,AP3,
E4355,Receive Invoice,2024-09-06T10:26:55Z,AP3,
E5676,Receive Invoice,2024-09-06T10:26:56Z,AP8,
E5834,Receive Goods,2024-09-06T10:26:56Z,Warehouse2,
E6652,Three-way Match - Successful,2024-09-06T10:26:56Z,AP10,
E7537,Receive Invoice,2024-09-06T10:26:57Z,AP4,
E189,Receive Invoice,2024-09-06T10:27:53Z,AP8,
E1654,Receive Goods,2024-09-06T10:27:54Z,Warehouse5,
E2399,Three-way Match - Successful,2024-09-06T10:27:54Z,AP2,
E5403,Receive Invoice,2024-09-06T10:27:56Z,AP9,
E1052,Receive Goods,2024-09-06T10:28:53Z,Warehouse2,
E2783,Receive Goods,2024-09-06T10:28:54Z,Warehouse2,
E3073,Receive Invoice,2024-09-06T10:28:54Z,AP4,
E3419,Receive Invoice,2024-09-06T10:28:55Z,AP2,
E3875,Receive Invoice,2024-09-06T10:28:55Z,AP9,
E3946,Receive Goods,2024-09-06T10:28:55Z,Warehouse4,
E5404,Three-way Match - Successful,2024-09-06T10:28:56Z,AP3,
E7319,Receive Invoice,2024-09-06T10:28:57Z,AP9,
E8270,Receive Goods,2024-09-06T10:28:57Z,Warehouse4,
E15,Receive Goods,2024-09-06T10:29:53Z,Warehouse2,
E4144,Receive Invoice,2024-09-06T10:29:55Z,AP2,
E4274,Receive Invoice,2024-09-06T10:29:55Z,AP10,
E5480,Receive Goods,2024-09-06T10:29:56Z,Warehouse4,
E5713,Receive Goods,2024-09-06T10:29:56Z,Warehouse2,
E6046,Receive Invoice,2024-09-06T10:29:56Z,AP3,
E1174,Receive Invoice,2024-09-06T10:30:53Z,AP5,
E6884,Receive Invoice,2024-09-06T10:30:56Z,AP1,
E7235,Three-way Match - Successful,2024-09-06T10:30:57Z,AP6,
E44,Three-way Match - Successful,2024-09-06T10:31:53Z,AP7,
E132,Receive Goods,2024-09-06T10:31:53Z,Warehouse2,
E2566,Receive Invoice,2024-09-06T10:31:54Z,AP6,
E2593,Receive Invoice,2024-09-06T10:31:54Z,AP7,
E2863,Three-way Match - Successful,2024-09-06T10:31:54Z,AP8,
E3345,Receive Invoice,2024-09-06T10:31:54Z,AP3,
E5466,Receive Invoice,2024-09-06T10:31:56Z,AP7,
E7206,Receive Goods,2024-09-06T10:31:57Z,Warehouse3,
E2915,Receive Goods,2024-09-06T10:32:54Z,Warehouse5,
E3678,Three-way Match - Successful,2024-09-06T10:32:55Z,AP7,
E4794,Receive Goods,2024-09-06T10:32:55Z,Warehouse3,
E5724,Three-way Match - Successful,2024-09-06T10:32:56Z,AP7,
E6092,Receive Goods,2024-09-06T10:32:56Z,Warehouse3,
E6780,Receive Goods,2024-09-06T10:32:56Z,Warehouse5,
E6991,Receive Goods,2024-09-06T10:32:57Z,Warehouse3,
E7717,Three-way Match - Successful,2024-09-06T10:32:57Z,AP7,
E7931,Receive Goods,2024-09-06T10:32:57Z,Warehouse5,
E216,Receive Invoice,2024-09-06T10:33:53Z,AP5,
E1365,Make Payment,2024-09-06T10:34:53Z,AP6,
E5412,Receive Invoice,2024-09-06T10:34:56Z,AP8,
E6047,Three-way Match - Successful,2024-09-06T10:34:56Z,AP2,
E6341,Receive Invoice,2024-09-06T10:34:56Z,AP1,
E6921,Three-way Match - Successful,2024-09-06T10:34:57Z,AP6,
E2520,Receive Goods,2024-09-06T10:35:54Z,Warehouse1,
E3393,Three-way Match - Successful,2024-09-06T10:35:55Z,AP10,
E4179,Receive Goods,2024-09-06T10:35:55Z,Warehouse3,
E6423,Three-way Match - Successful,2024-09-06T10:35:56Z,AP5,
E8041,Three-way Match - Successful,2024-09-06T10:35:57Z,AP1,
E1292,Three-way Match - Successful,2024-09-06T10:36:53Z,AP7,
E1806,Three-way Match - Successful,2024-09-06T10:36:54Z,AP3,
E4330,Make Payment,2024-09-06T10:36:55Z,AP4,
E4719,Receive Invoice,2024-09-06T10:36:55Z,AP9,
E6018,Receive Goods,2024-09-06T10:36:56Z,Warehouse1,
E7356,Three-way Match - Successful,2024-09-06T10:36:57Z,AP8,
E6221,Three-way Match - Successful,2024-09-06T10:37:56Z,AP8,
E6911,Receive Invoice,2024-09-06T10:37:56Z,AP10,
E7592,Receive Goods,2024-09-06T10:37:57Z,Warehouse4,
E8160,Three-way Match - Mismatch Found,2024-09-06T10:37:57Z,AP6,
E2666,Receive Goods,2024-09-06T10:38:54Z,Warehouse5,
E4526,Receive Invoice,2024-09-06T10:38:55Z,AP1,
E4993,Three-way Match - Successful,2024-09-06T10:38:55Z,AP10,
E51,Receive Goods,2024-09-06T10:39:53Z,Warehouse1,
E789,Receive Invoice,2024-09-06T10:39:53Z,AP8,
E2354,Three-way Match - Successful,2024-09-06T10:39:54Z,AP2,
E2548,Receive Invoice,2024-09-06T10:39:54Z,AP8,
E3127,Receive Invoice,2024-09-06T10:39:54Z,AP10,
E6157,Receive Invoice,2024-09-06T10:39:56Z,AP3,
E7529,Three-way Match - Successful,2024-09-06T10:39:57Z,AP6,
E873,Receive Goods,2024-09-06T10:40:53Z,Warehouse1,
E4155,Make Payment,2024-09-06T10:40:55Z,AP6,
E6192,Receive Goods,2024-09-06T10:40:56Z,Warehouse5,
E6302,Receive Goods,2024-09-06T10:40:56Z,Warehouse5,
E7769,Receive Goods,2024-09-06T10:40:57Z,Warehouse4,
E835,Receive Goods,2024-09-06T10:41:53Z,Warehouse2,
E3154,Receive Invoice,2024-09-06T10:41:54Z,AP6,
E3346,Three-way Match - Successful,2024-09-06T10:41:54Z,AP10,
E4246,Receive Goods,2024-09-06T10:41:55Z,Warehouse2,
E6548,Receive Invoice,2024-09-06T10:41:56Z,AP3,
E6799,Receive Invoice,2024-09-06T10:41:56Z,AP3,
E7462,Receive Goods,2024-09-06T10:41:57Z,Warehouse5,
E281,Make Payment,2024-09-06T10:42:53Z,AP4,
E503,Make Payment,2024-09-06T10:42:53Z,AP2,
E3308,Receive Goods,2024-09-06T10:42:54Z,Warehouse4,
E6604,Receive Invoice,2024-09-06T10:42:56Z,AP10,
E1598,Receive Goods,2024-09-06T10:43:54Z,Warehouse4,
E2879,Receive Goods,2024-09-06T10:43:54Z,Warehouse4,
E3759,Three-way Match - Successful,2024-09-06T10:43:55Z,AP4,
E234,Receive Invoice,2024-09-06T10:44:53Z,AP2,
E1255,Receive Invoice,2024-09-06T10:44:53Z,AP8,
E3155,Three-way Match - Successful,2024-09-06T10:44:54Z,AP4,
E5066,Receive Invoice,2024-09-06T10:44:55Z,AP5,
E5395,Three-way Match - Successful,2024-09-06T10:44:56Z,AP7,
E5620,Receive Invoice,2024-09-06T10:44:56Z,AP5,
E7538,Three-way Match - Successful,2024-09-06T10:44:57Z,AP10,
E296,Receive Goods,2024-09-06T10:45:53Z,Warehouse2,
E2435,Three-way Match - Successful,2024-09-06T10:45:54Z,AP8,
E2480,Receive Goods,2024-09-06T10:45:54Z,Warehouse1,
E3612,Receive Invoice,2024-09-06T10:45:55Z,AP8,
E6166,Receive Invoice,2024-09-06T10:45:56Z,AP6,
E6734,Receive Invoice,2024-09-06T10:45:56Z,AP1,
E1127,Receive Invoice,2024-09-06T10:46:53Z,AP10,
E2499,Receive Invoice,2024-09-06T10:46:54Z,AP1,
E4588,Receive Goods,2024-09-06T10:46:55Z,Warehouse5,
E5525,Receive Goods,2024-09-06T10:46:56Z,Warehouse3,
E5740,Receive Goods,2024-09-06T10:46:56Z,Warehouse1,
E7320,Three-way Match - Successful,2024-09-06T10:46:57Z,AP10,
E7363,Receive Goods,2024-09-06T10:46:57Z,Warehouse3,
E1434,Receive Goods,2024-09-06T10:47:53Z,Warehouse1,
E5659,Three-way Match - Successful,2024-09-06T10:47:56Z,AP10,
E7038,Receive Goods,2024-09-06T10:47:57Z,Warehouse1,
E2729,Receive Goods,2024-09-06T10:48:54Z,Warehouse3,
E3584,Receive Goods,2024-09-06T10:48:55Z,Warehouse2,
E3793,Receive Goods,2024-09-06T10:48:55Z,Warehouse2,
E5229,Receive Goods,2024-09-06T10:48:56Z,Warehouse5,
E6530,Receive Invoice,2024-09-06T10:48:56Z,AP6,
E6964,Receive Goods,2024-09-06T10:48:57Z,Warehouse2,
E7009,Receive Goods,2024-09-06T10:48:57Z,Warehouse5,
E217,Three-way Match - Successful,2024-09-06T10:49:53Z,AP6,
E900,Receive Goods,2024-09-06T10:49:53Z,Warehouse2,
E1563,Receive Invoice,2024-09-06T10:49:54Z,AP7,
E2703,Receive Invoice,2024-09-06T10:49:54Z,AP7,
E3885,Three-way Match - Successful,2024-09-06T10:49:55Z,AP9,
E6854,Receive Goods,2024-09-06T10:49:56Z,Warehouse1,
E6947,Receive Invoice,2024-09-06T10:49:57Z,AP4,
E7886,Receive Goods,2024-09-06T10:49:57Z,Warehouse1,
E1005,Receive Goods,2024-09-06T10:50:53Z,Warehouse4,
E2677,Three-way Match - Successful,2024-09-06T10:50:54Z,AP1,
E4616,Receive Invoice,2024-09-06T10:50:55Z,AP5,
E1088,Receive Goods,2024-09-06T10:51:53Z,Warehouse1,
E2704,Three-way Match - Successful,2024-09-06T10:51:54Z,AP3,
E4985,Make Payment,2024-09-06T10:51:55Z,AP1,
E5083,Receive Goods,2024-09-06T10:51:55Z,Warehouse4,
E5630,Three-way Match - Successful,2024-09-06T10:51:56Z,AP9,
E6264,Receive Goods,2024-09-06T10:51:56Z,Warehouse4,
E3838,Receive Goods,2024-09-06T10:52:55Z,Warehouse4,
E7878,Receive Invoice,2024-09-06T10:52:57Z,AP5,
E2094,Receive Goods,2024-09-06T10:53:54Z,Warehouse2,
E5267,Three-way Match - Successful,2024-09-06T10:53:56Z,AP10,
E1554,Receive Invoice,2024-09-06T10:54:54Z,AP8,
E2594,Three-way Match - Successful,2024-09-06T10:54:54Z,AP9,
E3128,Three-way Match - Successful,2024-09-06T10:54:54Z,AP5,
E6643,Three-way Match - Successful,2024-09-06T10:54:56Z,AP6,
E7392,Three-way Match - Successful,2024-09-06T10:54:57Z,AP6,
E3265,Three-way Match - Successful,2024-09-06T10:55:54Z,AP10,
E4300,Receive Goods,2024-09-06T10:55:55Z,Warehouse5,
E5942,Receive Goods,2024-09-06T10:55:56Z,Warehouse1,
E6760,Receive Goods,2024-09-06T10:55:56Z,Warehouse3,
E1202,Three-way Match - Successful,2024-09-06T10:56:53Z,AP3,
E1461,Receive Goods,2024-09-06T10:56:53Z,Warehouse1,
E1589,Receive Goods,2024-09-06T10:56:54Z,Warehouse2,
E3876,Three-way Match - Successful,2024-09-06T10:56:55Z,AP6,
E4170,Receive Goods,2024-09-06T10:56:55Z,Warehouse1,
E5193,Receive Goods,2024-09-06T10:56:56Z,Warehouse3,
E6549,Three-way Match - Successful,2024-09-06T10:56:56Z,AP5,
E617,Receive Goods,2024-09-06T10:57:53Z,Warehouse3,
E3420,Three-way Match - Successful,2024-09-06T10:57:55Z,AP7,
E3603,Receive Invoice,2024-09-06T10:57:55Z,AP1,
E6956,Receive Invoice,2024-09-06T10:57:57Z,AP10,
E798,Receive Invoice,2024-09-06T10:58:53Z,AP6,
E1310,Three-way Match - Successful,2024-09-06T10:58:53Z,AP3,
E1555,Three-way Match - Successful,2024-09-06T10:58:54Z,AP6,
E3456,Three-way Match - Successful,2024-09-06T10:58:55Z,AP10,
E3630,Receive Invoice,2024-09-06T10:58:55Z,AP8,
E4275,Three-way Match - Successful,2024-09-06T10:58:55Z,AP8,
E6735,Three-way Match - Successful,2024-09-06T10:58:56Z,AP2,
E7309,Receive Goods,2024-09-06T10:58:57Z,Warehouse1,
E7613,Receive Invoice,2024-09-06T10:58:57Z,AP1,
E190,Three-way Match - Successful,2024-09-06T10:59:53Z,AP10,
E744,Receive Invoice,2024-09-06T10:59:53Z,AP1,
E2010,Receive Invoice,2024-09-06T10:59:54Z,AP7,
E3037,Receive Invoice,2024-09-06T10:59:54Z,AP4,
E3621,Receive Invoice,2024-09-06T10:59:55Z,AP5,
E3748,Receive Goods,2024-09-06T10:59:55Z,Warehouse1,
E4859,Receive Goods,2024-09-06T10:59:55Z,Warehouse2,
E6331,Receive Goods,2024-09-06T10:59:56Z,Warehouse2,
E609,Receive Invoice,2024-09-06T11:00:53Z,AP4,
E745,Three-way Match - Successful,2024-09-06T11:00:53Z,AP3,
E2567,Three-way Match - Successful,2024-09-06T11:00:54Z,AP6,
E5067,Three-way Match - Successful,2024-09-06T11:00:55Z,AP1,
E6912,Three-way Match - Successful,2024-09-06T11:00:56Z,AP9,
E7787,Receive Goods,2024-09-06T11:00:57Z,Warehouse3,
E1135,Receive Goods,2024-09-06T11:01:53Z,Warehouse1,
E4145,Three-way Match - Successful,2024-09-06T11:01:55Z,AP4,
E5148,Three-way Match - Successful,2024-09-06T11:01:56Z,AP4,
E5639,Three-way Match - Successful,2024-09-06T11:01:56Z,AP8,
E7850,Receive Goods,2024-09-06T11:01:57Z,Warehouse2,
E7869,Receive Invoice,2024-09-06T11:01:57Z,AP3,
E772,Three-way Match - Successful,2024-09-06T11:02:53Z,AP8,
E2213,Receive Goods,2024-09-06T11:02:54Z,Warehouse4,
E3721,Receive Goods,2024-09-06T11:02:55Z,Warehouse2,
E5294,Three-way Match - Mismatch Found,2024-09-06T11:02:56Z,AP6,
E6800,Three-way Match - Successful,2024-09-06T11:02:56Z,AP3,
E332,Receive Goods,2024-09-06T11:03:53Z,Warehouse5,
E2549,Three-way Match - Successful,2024-09-06T11:03:54Z,AP10,
E2631,Receive Invoice,2024-09-06T11:03:54Z,AP9,
E2951,Receive Goods,2024-09-06T11:03:54Z,Warehouse3,
E3613,Three-way Match - Successful,2024-09-06T11:03:55Z,AP8,
E6076,Three-way Match - Successful,2024-09-06T11:03:56Z,AP3,
E2720,Receive Goods,2024-09-06T11:04:54Z,Warehouse4,
E4226,Receive Goods,2024-09-06T11:04:55Z,Warehouse3,
E4552,Receive Goods,2024-09-06T11:04:55Z,Warehouse3,
E7345,Receive Goods,2024-09-06T11:04:57Z,Warehouse4,
E7940,Receive Goods,2024-09-06T11:04:57Z,Warehouse1,
E473,Three-way Match - Successful,2024-09-06T11:05:53Z,AP6,
E4727,Receive Goods,2024-09-06T11:05:55Z,Warehouse4,
E6885,Three-way Match - Successful,2024-09-06T11:05:56Z,AP1,
E3299,Receive Goods,2024-09-06T11:06:54Z,Warehouse4,
E8297,Receive Goods,2024-09-06T11:06:57Z,Warehouse4,
E806,Receive Goods,2024-09-06T11:07:53Z,Warehouse4,
E960,Receive Goods,2024-09-06T11:07:53Z,Warehouse5,
E3558,Receive Invoice,2024-09-06T11:07:55Z,AP3,
E4240,Make Payment,2024-09-06T11:07:55Z,AP9,
E5705,Receive Invoice,2024-09-06T11:07:56Z,AP6,
E6957,Three-way Match - Successful,2024-09-06T11:07:57Z,AP7,
E645,Receive Invoice,2024-09-06T11:08:53Z,AP9,
E6054,Receive Goods,2024-09-06T11:08:56Z,Warehouse2,
E6662,Make Payment,2024-09-06T11:08:56Z,AP8,
E78,Receive Goods,2024-09-06T11:09:53Z,Warehouse2,
E1918,Three-way Match - Successful,2024-09-06T11:09:54Z,AP1,
E3074,Three-way Match - Successful,2024-09-06T11:09:54Z,AP2,
E4720,Three-way Match - Mismatch Found,2024-09-06T11:09:55Z,AP8,
E5185,Receive Invoice,2024-09-06T11:09:56Z,AP9,
E5429,Receive Goods,2024-09-06T11:09:56Z,Warehouse2,
E5852,Receive Goods,2024-09-06T11:09:56Z,Warehouse4,
E6158,Three-way Match - Successful,2024-09-06T11:09:56Z,AP2,
E8197,Receive Invoice,2024-09-06T11:09:57Z,AP2,
E3274,Three-way Match - Successful,2024-09-06T11:10:54Z,AP4,
E4309,Receive Goods,2024-09-06T11:10:55Z,Warehouse3,
E5861,Receive Goods,2024-09-06T11:10:56Z,Warehouse5,
E6594,Receive Goods,2024-09-06T11:10:56Z,Warehouse4,
E7823,Receive Goods,2024-09-06T11:10:57Z,Warehouse3,
E8198,Three-way Match - Successful,2024-09-06T11:10:57Z,AP2,
E436,Receive Invoice,2024-09-06T11:11:53Z,AP9,
E2835,Receive Invoice,2024-09-06T11:11:54Z,AP4,
E6342,Three-way Match - Successful,2024-09-06T11:11:56Z,AP5,
E790,Three-way Match - Successful,2024-09-06T11:12:53Z,AP1,
E1473,Receive Invoice,2024-09-06T11:12:54Z,AP5,
E1927,Receive Goods,2024-09-06T11:12:54Z,Warehouse5,
E3137,Three-way Match - Successful,2024-09-06T11:12:54Z,AP9,
E4356,Three-way Match - Successful,2024-09-06T11:12:55Z,AP8,
E5975,Three-way Match - Successful,2024-09-06T11:12:56Z,AP1,
E6229,Receive Invoice,2024-09-06T11:12:56Z,AP1,
E6689,Receive Invoice,2024-09-06T11:12:56Z,AP7,
E7614,Three-way Match - Successful,2024-09-06T11:12:57Z,AP1,
E8023,Three-way Match - Successful,2024-09-06T11:12:57Z,AP9,
E3785,Receive Invoice,2024-09-06T11:13:55Z,AP3,
E6948,Three-way Match - Successful,2024-09-06T11:13:57Z,AP3,
E7030,Receive Invoice,2024-09-06T11:13:57Z,AP6,
E1845,Receive Invoice,2024-09-06T11:14:54Z,AP3,
E3694,Receive Goods,2024-09-06T11:14:55Z,Warehouse2,
E5164,Receive Goods,2024-09-06T11:14:56Z,Warehouse3,
E6167,Three-way Match - Successful,2024-09-06T11:14:56Z,AP8,
E235,Three-way Match - Successful,2024-09-06T11:15:53Z,AP1,
E555,Receive Invoice,2024-09-06T11:15:53Z,AP7,
E1706,Receive Invoice,2024-09-06T11:15:54Z,AP6,
E2906,Receive Goods,2024-09-06T11:15:54Z,Warehouse3,
E3540,Receive Invoice,2024-09-06T11:15:55Z,AP8,
E3594,Receive Invoice,2024-09-06T11:15:55Z,AP5,
E4002,Receive Goods,2024-09-06T11:15:55Z,Warehouse1,
E6605,Three-way Match - Successful,2024-09-06T11:15:56Z,AP2,
E5879,Receive Goods,2024-09-06T11:16:56Z,Warehouse2,
E4446,Three-way Match - Successful,2024-09-06T11:17:55Z,AP8,
E5030,Receive Invoice,2024-09-06T11:17:55Z,AP7,
E5677,Three-way Match - Successful,2024-09-06T11:17:56Z,AP5,
E6836,Receive Goods,2024-09-06T11:17:56Z,Warehouse5,
E752,Receive Goods,2024-09-06T11:18:53Z,Warehouse5,
E3504,Receive Invoice,2024-09-06T11:18:55Z,AP7,
E6284,Receive Goods,2024-09-06T11:18:56Z,Warehouse3,
E7879,Three-way Match - Successful,2024-09-06T11:18:57Z,AP3,
E3559,Three-way Match - Successful,2024-09-06T11:19:55Z,AP8,
E4870,Receive Goods,2024-09-06T11:19:55Z,Warehouse2,
E6690,Three-way Match - Mismatch Found,2024-09-06T11:19:56Z,AP6,
E1175,Three-way Match - Successful,2024-09-06T11:20:53Z,AP5,
E1371,Receive Goods,2024-09-06T11:20:53Z,Warehouse2,
E1380,Receive Goods,2024-09-06T11:20:53Z,Warehouse3,
E4052,Receive Invoice,2024-09-06T11:20:55Z,AP2,
E5186,Three-way Match - Successful,2024-09-06T11:20:56Z,AP10,
E7254,Make Payment,2024-09-06T11:20:57Z,AP4,
E1034,Receive Goods,2024-09-06T11:21:53Z,Warehouse2,
E1192,Receive Invoice,2024-09-06T11:21:53Z,AP7,
E3119,Three-way Match - Successful,2024-09-06T11:22:54Z,AP4,
E4527,Three-way Match - Successful,2024-09-06T11:22:55Z,AP5,
E7584,Receive Invoice,2024-09-06T11:22:57Z,AP3,
E437,Three-way Match - Successful,2024-09-06T11:23:53Z,AP6,
E1707,Three-way Match - Successful,2024-09-06T11:23:54Z,AP5,
E6874,Receive Goods,2024-09-06T11:23:56Z,Warehouse5,
E1616,Receive Goods,2024-09-06T11:24:54Z,Warehouse3,
E5467,Three-way Match - Successful,2024-09-06T11:24:56Z,AP1,
E5621,Three-way Match - Successful,2024-09-06T11:24:56Z,AP10,
E1209,Receive Goods,2024-09-06T11:25:53Z,Warehouse5,
E1751,Receive Invoice,2024-09-06T11:25:54Z,AP10,
E5413,Three-way Match - Successful,2024-09-06T11:25:56Z,AP7,
E1193,Three-way Match - Successful,2024-09-06T11:26:53Z,AP9,
E3902,Receive Invoice,2024-09-06T11:26:55Z,AP7,
E5891,Make Payment,2024-09-06T11:26:56Z,AP8,
E6633,Receive Invoice,2024-09-06T11:26:56Z,AP6,
E7128,Receive Goods,2024-09-06T11:26:57Z,Warehouse1,
E1646,Receive Invoice,2024-09-06T11:27:54Z,AP4,
E2189,Make Payment,2024-09-06T11:27:54Z,AP1,
E4206,Receive Goods,2024-09-06T11:27:55Z,Warehouse1,
E4881,Receive Goods,2024-09-06T11:27:55Z,Warehouse2,
E6904,Make Payment,2024-09-06T11:27:56Z,AP7,
E8226,Receive Invoice,2024-09-06T11:27:57Z,AP6,
E1426,Receive Invoice,2024-09-06T11:28:53Z,AP9,
E2556,Receive Goods,2024-09-06T11:28:54Z,Warehouse4,
E3541,Three-way Match - Successful,2024-09-06T11:28:55Z,AP3,
E7913,Receive Goods,2024-09-06T11:28:57Z,Warehouse3,
E1937,Receive Invoice,2024-09-06T11:29:54Z,AP10,
E2444,Receive Goods,2024-09-06T11:29:54Z,Warehouse4,
E646,Three-way Match - Successful,2024-09-06T11:30:53Z,AP3,
E2817,Receive Invoice,2024-09-06T11:32:54Z,AP6,
E3604,Three-way Match - Successful,2024-09-06T11:32:55Z,AP3,
E3038,Three-way Match - Successful,2024-09-06T11:33:54Z,AP3,
E8227,Three-way Match - Successful,2024-09-06T11:33:57Z,AP6,
E864,Receive Goods,2024-09-06T11:34:53Z,Warehouse2,
E1128,Three-way Match - Successful,2024-09-06T11:34:53Z,AP3,
E5023,Make Payment,2024-09-06T11:34:55Z,AP6,
E106,Receive Invoice,2024-09-06T11:35:53Z,AP7,
E1353,Receive Goods,2024-09-06T11:35:53Z,Warehouse5,
E7995,Receive Invoice,2024-09-06T11:35:57Z,AP6,
E1564,Three-way Match - Successful,2024-09-06T11:36:54Z,AP1,
E3326,Receive Goods,2024-09-06T11:36:54Z,Warehouse1,
E7215,Receive Goods,2024-09-06T11:36:57Z,Warehouse2,
E4617,Three-way Match - Successful,2024-09-06T11:37:55Z,AP5,
E5031,Three-way Match - Successful,2024-09-06T11:37:55Z,AP3,
E7585,Three-way Match - Successful,2024-09-06T11:37:57Z,AP2,
E6086,Make Payment,2024-09-06T11:38:56Z,AP5,
E6230,Three-way Match - Successful,2024-09-06T11:38:56Z,AP9,
E7518,Receive Goods,2024-09-06T11:38:57Z,Warehouse1,
E3595,Three-way Match - Successful,2024-09-06T11:39:55Z,AP2,
E4691,Receive Goods,2024-09-06T11:40:55Z,Warehouse2,
E5916,Receive Invoice,2024-09-06T11:40:56Z,AP6,
E528,Receive Invoice,2024-09-06T11:41:53Z,AP8,
E610,Three-way Match - Successful,2024-09-06T11:41:53Z,AP4,
E1256,Three-way Match - Successful,2024-09-06T11:41:53Z,AP3,
E2425,Receive Invoice,2024-09-06T11:42:54Z,AP7,
E3631,Three-way Match - Successful,2024-09-06T11:43:55Z,AP6,
E6531,Three-way Match - Successful,2024-09-06T11:43:56Z,AP10,
E6770,Receive Invoice,2024-09-06T11:43:56Z,AP9,
E799,Three-way Match - Successful,2024-09-06T11:44:53Z,AP10,
E5983,Receive Invoice,2024-09-06T11:44:56Z,AP5,
E2500,Three-way Match - Successful,2024-09-06T11:45:54Z,AP10,
E5591,Receive Invoice,2024-09-06T11:45:56Z,AP7,
E7996,Three-way Match - Successful,2024-09-06T11:45:57Z,AP8,
E7870,Three-way Match - Successful,2024-09-06T11:46:57Z,AP7,
E2011,Three-way Match - Successful,2024-09-06T11:47:54Z,AP1,
E3505,Three-way Match - Successful,2024-09-06T11:47:55Z,AP3,
E4015,Receive Goods,2024-09-06T11:47:55Z,Warehouse1,
E707,Receive Goods,2024-09-06T11:48:53Z,Warehouse3,
E2415,Receive Goods,2024-09-06T11:48:54Z,Warehouse3,
E3786,Three-way Match - Successful,2024-09-06T11:48:55Z,AP7,
E2980,Receive Goods,2024-09-06T11:50:54Z,Warehouse5,
E3658,Receive Goods,2024-09-06T11:52:55Z,Warehouse5,
E4053,Three-way Match - Successful,2024-09-06T11:52:55Z,AP9,
E7633,Receive Invoice,2024-09-06T11:53:57Z,AP10,
E8122,Receive Goods,2024-09-06T11:53:57Z,Warehouse2,
E529,Three-way Match - Successful,2024-09-06T11:54:53Z,AP10,
E885,Make Payment,2024-09-06T11:54:53Z,AP7,
E3622,Three-way Match - Successful,2024-09-06T11:55:55Z,AP7,
E3903,Three-way Match - Successful,2024-09-06T11:56:55Z,AP4,
E5706,Three-way Match - Successful,2024-09-06T11:56:56Z,AP7,
E7031,Three-way Match - Successful,2024-09-06T11:56:57Z,AP5,
E4851,Receive Invoice,2024-09-06T11:58:55Z,AP5,
E5592,Three-way Match - Successful,2024-09-06T11:58:56Z,AP7,
E3994,Receive Invoice,2024-09-06T11:59:55Z,AP1,
E2836,Three-way Match - Successful,2024-09-06T12:00:54Z,AP5,
E1427,Three-way Match - Successful,2024-09-06T12:01:53Z,AP3,
E1691,Receive Invoice,2024-09-06T12:01:54Z,AP5,
E2632,Three-way Match - Successful,2024-09-06T12:01:54Z,AP7,
E4974,Receive Invoice,2024-09-06T12:01:55Z,AP9,
E7399,Receive Goods,2024-09-06T12:01:57Z,Warehouse1,
E3978,Make Payment,2024-09-06T12:02:55Z,AP4,
E5917,Three-way Match - Successful,2024-09-06T12:02:56Z,AP8,
E4830,Receive Goods,2024-09-06T12:05:55Z,Warehouse3,
E6771,Three-way Match - Successful,2024-09-06T12:05:56Z,AP9,
E7634,Three-way Match - Successful,2024-09-06T12:05:57Z,AP2,
E2818,Three-way Match - Successful,2024-09-06T12:06:54Z,AP7,
E7691,Make Payment,2024-09-06T12:06:57Z,AP8,
E1752,Three-way Match - Mismatch Found,2024-09-06T12:09:54Z,AP10,
E1846,Three-way Match - Mismatch Found,2024-09-06T12:09:54Z,AP7,
E556,Three-way Match - Successful,2024-09-06T12:11:53Z,AP8,
E1474,Three-way Match - Successful,2024-09-06T12:11:54Z,AP10,
E107,Three-way Match - Successful,2024-09-06T12:15:53Z,AP8,
E5984,Three-way Match - Successful,2024-09-06T12:16:56Z,AP4,
E1692,Three-way Match - Successful,2024-09-06T12:17:54Z,AP4,
E2388,Receive Goods,2024-09-06T12:17:54Z,Warehouse5,
E7426,Receive Goods,2024-09-06T12:17:57Z,Warehouse3,
E6634,Three-way Match - Successful,2024-09-06T12:21:56Z,AP5,
E1938,Three-way Match - Successful,2024-09-06T12:22:54Z,AP4,
E1446,Make Payment,2024-09-06T12:26:53Z,AP3,
E1647,Three-way Match - Successful,2024-09-06T12:26:54Z,AP2,
E2426,Three-way Match - Successful,2024-09-06T12:30:54Z,AP6,
E3995,Three-way Match - Successful,2024-09-06T12:41:55Z,AP6,
E4975,Three-way Match - Successful,2024-09-06T12:48:55Z,AP3,
E4852,Three-way Match - Successful,2024-09-06T12:49:55Z,AP9,
E536,Receive Goods,2024-09-07T08:42:53Z,Warehouse4,
E3704,Receive Invoice,2024-09-07T09:08:55Z,AP8,
E7168,Receive Goods,2024-09-07T09:12:57Z,Warehouse1,
E7198,Receive Invoice,2024-09-07T09:15:57Z,AP3,
E3705,Three-way Match - Successful,2024-09-07T09:24:55Z,AP2,
E7680,Make Payment,2024-09-07T09:25:57Z,AP6,
E2657,Receive Goods,2024-09-07T09:26:54Z,Warehouse3,
E1023,Receive Goods,2024-09-07T09:28:53Z,Warehouse2,
E5570,Receive Goods,2024-09-07T09:28:56Z,Warehouse1,
E8187,Receive Goods,2024-09-07T09:31:57Z,Warehouse5,
E2844,Receive Invoice,2024-09-07T09:32:54Z,AP10,
E5176,Receive Invoice,2024-09-07T09:32:56Z,AP6,
E2003,Make Payment,2024-09-07T09:33:54Z,AP1,
E5492,Make Payment,2024-09-07T09:33:56Z,AP2,
E4683,Receive Invoice,2024-09-07T09:34:55Z,AP3,
E2151,Receive Invoice,2024-09-07T09:37:54Z,AP3,
E5498,Receive Goods,2024-09-07T09:37:56Z,Warehouse3,
E2575,Receive Invoice,2024-09-07T09:38:54Z,AP10,
E3055,Receive Invoice,2024-09-07T09:38:54Z,AP10,
E323,Receive Goods,2024-09-07T09:40:53Z,Warehouse5,
E5457,Receive Invoice,2024-09-07T09:40:56Z,AP10,
E8066,Receive Goods,2024-09-07T09:40:57Z,Warehouse1,
E8279,Receive Goods,2024-09-07T09:41:57Z,Warehouse1,
E4775,Receive Invoice,2024-09-07T09:42:55Z,AP7,
E2152,Three-way Match - Successful,2024-09-07T09:43:54Z,AP1,
E3354,Receive Invoice,2024-09-07T09:44:54Z,AP2,
E5358,Receive Invoice,2024-09-07T09:44:56Z,AP4,
E6743,Receive Invoice,2024-09-07T09:44:56Z,AP9,
E1183,Receive Invoice,2024-09-07T09:45:53Z,AP4,
E4746,Receive Invoice,2024-09-07T09:45:55Z,AP10,
E1408,Receive Invoice,2024-09-07T09:46:53Z,AP1,
E2259,Receive Invoice,2024-09-07T09:46:54Z,AP5,
E5448,Receive Invoice,2024-09-07T09:47:56Z,AP3,
E6615,Receive Invoice,2024-09-07T09:47:56Z,AP10,
E2317,Receive Invoice,2024-09-07T09:49:54Z,AP5,
E5366,Receive Goods,2024-09-07T09:49:56Z,Warehouse5,
E1237,Receive Invoice,2024-09-07T09:50:53Z,AP10,
E2845,Three-way Match - Successful,2024-09-07T09:50:54Z,AP5,
E5421,Receive Invoice,2024-09-07T09:50:56Z,AP3,
E2260,Three-way Match - Successful,2024-09-07T09:51:54Z,AP4,
E6112,Receive Goods,2024-09-07T09:51:56Z,Warehouse5,
E7659,Receive Goods,2024-09-07T09:51:57Z,Warehouse3,
E5871,Receive Invoice,2024-09-07T09:52:56Z,AP8,
E6146,Receive Invoice,2024-09-07T09:52:56Z,AP3,
E6466,Receive Goods,2024-09-07T09:52:56Z,Warehouse4,
E8104,Receive Goods,2024-09-07T09:52:57Z,Warehouse2,
E4096,Receive Goods,2024-09-07T09:53:55Z,Warehouse5,
E5102,Receive Invoice,2024-09-07T09:53:55Z,AP4,
E341,Receive Goods,2024-09-07T09:54:53Z,Warehouse4,
E4953,Receive Goods,2024-09-07T09:54:55Z,Warehouse3,
E453,Receive Goods,2024-09-07T09:55:53Z,Warehouse5,
E627,Receive Invoice,2024-09-07T09:55:53Z,AP10,
E3355,Three-way Match - Successful,2024-09-07T09:55:54Z,AP10,
E1724,Receive Invoice,2024-09-07T09:56:54Z,AP2,
E6147,Three-way Match - Successful,2024-09-07T09:56:56Z,AP10,
E1452,Receive Goods,2024-09-07T09:57:53Z,Warehouse5,
E6476,Receive Invoice,2024-09-07T09:57:56Z,AP7,
E6679,Receive Goods,2024-09-07T09:57:56Z,Warehouse5,
E97,Receive Invoice,2024-09-07T09:58:53Z,AP9,
E4481,Receive Invoice,2024-09-07T09:58:55Z,AP3,
E7574,Receive Goods,2024-09-07T09:58:57Z,Warehouse4,
E1778,Receive Invoice,2024-09-07T09:59:54Z,AP10,
E7151,Receive Invoice,2024-09-07T10:00:57Z,AP2,
E4747,Three-way Match - Successful,2024-09-07T10:01:55Z,AP6,
E5220,Receive Goods,2024-09-07T10:01:56Z,Warehouse4,
E7336,Receive Goods,2024-09-07T10:01:57Z,Warehouse4,
E1344,Receive Goods,2024-09-07T10:02:53Z,Warehouse3,
E4482,Three-way Match - Successful,2024-09-07T10:02:55Z,AP7,
E4776,Three-way Match - Mismatch Found,2024-09-07T10:02:55Z,AP10,
E3163,Receive Invoice,2024-09-07T10:03:54Z,AP1,
E5422,Three-way Match - Successful,2024-09-07T10:03:56Z,AP10,
E6460,Make Payment,2024-09-07T10:03:56Z,AP5,
E7199,Three-way Match - Successful,2024-09-07T10:03:57Z,AP7,
E1238,Three-way Match - Successful,2024-09-07T10:04:53Z,AP10,
E3243,Receive Goods,2024-09-07T10:04:54Z,Warehouse3,
E5177,Three-way Match - Successful,2024-09-07T10:04:56Z,AP3,
E6122,Receive Invoice,2024-09-07T10:04:56Z,AP2,
E6358,Receive Goods,2024-09-07T10:04:56Z,Warehouse2,
E2942,Receive Goods,2024-09-07T10:05:54Z,Warehouse2,
E4813,Receive Invoice,2024-09-07T10:05:55Z,AP8,
E1527,Receive Invoice,2024-09-07T10:06:54Z,AP1,
E2766,Receive Invoice,2024-09-07T10:06:54Z,AP9,
E3056,Three-way Match - Successful,2024-09-07T10:06:54Z,AP4,
E4060,Receive Goods,2024-09-07T10:06:55Z,Warehouse2,
E5581,Receive Goods,2024-09-07T10:06:56Z,Warehouse2,
E5687,Receive Invoice,2024-09-07T10:06:56Z,AP1,
E6385,Receive Goods,2024-09-07T10:06:56Z,Warehouse3,
E1482,Receive Invoice,2024-09-07T10:07:54Z,AP10,
E1499,Receive Goods,2024-09-07T10:07:54Z,Warehouse1,
E1786,Receive Goods,2024-09-07T10:07:54Z,Warehouse1,
E2576,Three-way Match - Successful,2024-09-07T10:07:54Z,AP9,
E3144,Receive Goods,2024-09-07T10:07:54Z,Warehouse3,
E4684,Three-way Match - Successful,2024-09-07T10:07:55Z,AP6,
E7435,Receive Goods,2024-09-07T10:07:57Z,Warehouse4,
E143,Receive Goods,2024-09-07T10:08:53Z,Warehouse1,
E1070,Receive Goods,2024-09-07T10:08:53Z,Warehouse5,
E3522,Receive Invoice,2024-09-07T10:08:55Z,AP10,
E6027,Receive Goods,2024-09-07T10:08:56Z,Warehouse1,
E252,Receive Invoice,2024-09-07T10:09:53Z,AP2,
E3919,Receive Goods,2024-09-07T10:09:55Z,Warehouse1,
E1326,Receive Goods,2024-09-07T10:10:53Z,Warehouse5,
E2318,Three-way Match - Successful,2024-09-07T10:10:54Z,AP5,
E3730,Receive Goods,2024-09-07T10:10:55Z,Warehouse2,
E2767,Three-way Match - Successful,2024-09-07T10:11:54Z,AP5,
E5038,Receive Goods,2024-09-07T10:11:55Z,Warehouse5,
E6744,Three-way Match - Successful,2024-09-07T10:11:56Z,AP9,
E6845,Receive Goods,2024-09-07T10:11:56Z,Warehouse5,
E2604,Receive Invoice,2024-09-07T10:12:54Z,AP4,
E5731,Receive Goods,2024-09-07T10:12:56Z,Warehouse1,
E6123,Three-way Match - Successful,2024-09-07T10:12:56Z,AP5,
E7021,Make Payment,2024-09-07T10:12:57Z,AP4,
E1889,Receive Goods,2024-09-07T10:13:54Z,Warehouse4,
E4598,Receive Invoice,2024-09-07T10:13:55Z,AP6,
E3091,Receive Invoice,2024-09-07T10:14:54Z,AP1,
E3217,Receive Invoice,2024-09-07T10:14:54Z,AP2,
E3740,Receive Invoice,2024-09-07T10:14:55Z,AP2,
E3859,Make Payment,2024-09-07T10:14:55Z,AP2,
E5449,Three-way Match - Successful,2024-09-07T10:14:56Z,AP6,
E6669,Receive Invoice,2024-09-07T10:14:56Z,AP3,
E662,Receive Goods,2024-09-07T10:16:53Z,Warehouse2,
E2621,Receive Goods,2024-09-07T10:16:54Z,Warehouse1,
E2853,Receive Invoice,2024-09-07T10:16:54Z,AP8,
E3382,Receive Goods,2024-09-07T10:16:55Z,Warehouse1,
E3492,Receive Goods,2024-09-07T10:16:55Z,Warehouse5,
E5897,Receive Goods,2024-09-07T10:16:56Z,Warehouse2,
E6367,Receive Goods,2024-09-07T10:16:56Z,Warehouse3,
E4292,Receive Invoice,2024-09-07T10:17:55Z,AP7,
E4318,Receive Goods,2024-09-07T10:17:55Z,Warehouse3,
E4364,Receive Invoice,2024-09-07T10:17:55Z,AP7,
E6512,Receive Invoice,2024-09-07T10:17:56Z,AP1,
E1733,Receive Invoice,2024-09-07T10:18:54Z,AP8,
E2748,Receive Invoice,2024-09-07T10:18:54Z,AP10,
E4078,Receive Goods,2024-09-07T10:18:55Z,Warehouse4,
E7298,Receive Goods,2024-09-07T10:18:57Z,Warehouse4,
E1945,Receive Goods,2024-09-07T10:19:54Z,Warehouse2,
E4534,Receive Goods,2024-09-07T10:19:55Z,Warehouse2,
E4638,Make Payment,2024-09-07T10:19:55Z,AP5,
E6477,Three-way Match - Successful,2024-09-07T10:19:56Z,AP8,
E4764,Receive Invoice,2024-09-07T10:20:55Z,AP2,
E5103,Three-way Match - Successful,2024-09-07T10:20:55Z,AP4,
E978,Receive Goods,2024-09-07T10:21:53Z,Warehouse1,
E5817,Receive Invoice,2024-09-07T10:21:56Z,AP8,
E1082,Make Payment,2024-09-07T10:22:53Z,AP9,
E1483,Three-way Match - Successful,2024-09-07T10:22:54Z,AP2,
E3109,Receive Invoice,2024-09-07T10:23:54Z,AP7,
E3428,Receive Invoice,2024-09-07T10:23:55Z,AP1,
E4115,Receive Invoice,2024-09-07T10:23:55Z,AP8,
E6433,Make Payment,2024-09-07T10:23:56Z,AP2,
E8205,Receive Goods,2024-09-07T10:24:57Z,Warehouse1,
E1300,Receive Invoice,2024-09-07T10:25:53Z,AP2,
E1398,Receive Goods,2024-09-07T10:25:53Z,Warehouse5,
E2267,Receive Goods,2024-09-07T10:25:54Z,Warehouse5,
E2962,Receive Goods,2024-09-07T10:25:54Z,Warehouse3,
E7641,Receive Goods,2024-09-07T10:25:57Z,Warehouse1,
E3429,Three-way Match - Mismatch Found,2024-09-07T10:26:55Z,AP7,
E5835,Receive Invoice,2024-09-07T10:26:56Z,AP7,
E6037,Receive Invoice,2024-09-07T10:26:56Z,AP10,
E6616,Three-way Match - Successful,2024-09-07T10:26:56Z,AP4,
E7159,Receive Goods,2024-09-07T10:26:57Z,Warehouse5,
E572,Receive Goods,2024-09-07T10:27:53Z,Warehouse5,
E1165,Receive Invoice,2024-09-07T10:27:53Z,AP1,
E1655,Receive Invoice,2024-09-07T10:27:54Z,AP8,
E2605,Three-way Match - Successful,2024-09-07T10:27:54Z,AP2,
E3063,Receive Goods,2024-09-07T10:27:54Z,Warehouse3,
E5544,Receive Invoice,2024-09-07T10:27:56Z,AP6,
E672,Receive Invoice,2024-09-07T10:28:53Z,AP4,
E2784,Receive Invoice,2024-09-07T10:28:54Z,AP8,
E7381,Receive Goods,2024-09-07T10:28:57Z,Warehouse5,
E16,Receive Invoice,2024-09-07T10:29:53Z,AP3,
E5714,Receive Invoice,2024-09-07T10:29:56Z,AP9,
E7444,Receive Goods,2024-09-07T10:29:57Z,Warehouse3,
E7760,Receive Goods,2024-09-07T10:29:57Z,Warehouse3,
E8031,Receive Invoice,2024-09-07T10:29:57Z,AP5,
E1681,Receive Goods,2024-09-07T10:30:54Z,Warehouse2,
E2030,Receive Invoice,2024-09-07T10:30:54Z,AP5,
E2135,Make Payment,2024-09-07T10:30:54Z,AP9,
E2361,Receive Goods,2024-09-07T10:30:54Z,Warehouse3,
E2927,Make Payment,2024-09-07T10:30:54Z,AP2,
E3865,Receive Goods,2024-09-07T10:30:55Z,Warehouse1,
E4927,Receive Invoice,2024-09-07T10:30:55Z,AP10,
E987,Receive Goods,2024-09-07T10:31:53Z,Warehouse4,
E1520,Make Payment,2024-09-07T10:31:54Z,AP2,
E1725,Three-way Match - Successful,2024-09-07T10:31:54Z,AP8,
E2406,Receive Goods,2024-09-07T10:31:54Z,Warehouse2,
E3290,Receive Goods,2024-09-07T10:31:54Z,Warehouse1,
E3523,Three-way Match - Successful,2024-09-07T10:31:55Z,AP6,
E6982,Receive Goods,2024-09-07T10:31:57Z,Warehouse3,
E1166,Three-way Match - Successful,2024-09-07T10:32:53Z,AP1,
E1580,Receive Goods,2024-09-07T10:32:54Z,Warehouse1,
E2916,Receive Invoice,2024-09-07T10:32:54Z,AP1,
E3575,Receive Goods,2024-09-07T10:32:55Z,Warehouse3,
E3679,Make Payment,2024-09-07T10:32:55Z,AP7,
E4105,Receive Goods,2024-09-07T10:32:55Z,Warehouse2,
E4795,Receive Invoice,2024-09-07T10:32:55Z,AP2,
E6093,Receive Invoice,2024-09-07T10:32:56Z,AP5,
E7152,Three-way Match - Successful,2024-09-07T10:32:57Z,AP9,
E7489,Receive Goods,2024-09-07T10:32:57Z,Warehouse4,
E7733,Receive Goods,2024-09-07T10:32:57Z,Warehouse2,
E698,Receive Goods,2024-09-07T10:33:53Z,Warehouse4,
E3967,Receive Invoice,2024-09-07T10:33:55Z,AP4,
E4116,Three-way Match - Mismatch Found,2024-09-07T10:33:55Z,AP4,
E5458,Three-way Match - Successful,2024-09-07T10:33:56Z,AP2,
E5749,Receive Goods,2024-09-07T10:33:56Z,Warehouse5,
E5818,Three-way Match - Successful,2024-09-07T10:33:56Z,AP4,
E7622,Receive Invoice,2024-09-07T10:33:57Z,AP9,
E7651,Receive Invoice,2024-09-07T10:33:57Z,AP5,
E1535,Receive Goods,2024-09-07T10:34:54Z,Warehouse3,
E3829,Receive Goods,2024-09-07T10:34:55Z,Warehouse3,
E5992,Receive Invoice,2024-09-07T10:34:56Z,AP8,
E7179,Receive Goods,2024-09-07T10:34:57Z,Warehouse1,
E8087,Receive Invoice,2024-09-07T10:34:57Z,AP2,
E6816,Receive Goods,2024-09-07T10:35:56Z,Warehouse4,
E4543,Receive Goods,2024-09-07T10:36:55Z,Warehouse3,
E4599,Three-way Match - Successful,2024-09-07T10:36:55Z,AP9,
E6019,Receive Invoice,2024-09-07T10:36:56Z,AP1,
E6038,Three-way Match - Successful,2024-09-07T10:36:56Z,AP7,
E6094,Three-way Match - Successful,2024-09-07T10:36:56Z,AP4,
E681,Receive Invoice,2024-09-07T10:37:53Z,AP1,
E2031,Three-way Match - Successful,2024-09-07T10:37:54Z,AP4,
E2077,Receive Invoice,2024-09-07T10:37:54Z,AP10,
E3092,Three-way Match - Successful,2024-09-07T10:37:54Z,AP6,
E4162,Receive Invoice,2024-09-07T10:37:55Z,AP3,
E5688,Three-way Match - Successful,2024-09-07T10:37:56Z,AP9,
E5695,Receive Goods,2024-09-07T10:37:56Z,Warehouse4,
E7000,Receive Goods,2024-09-07T10:37:57Z,Warehouse4,
E7593,Receive Invoice,2024-09-07T10:37:57Z,AP9,
E1835,Receive Goods,2024-09-07T10:38:54Z,Warehouse1,
E2667,Receive Invoice,2024-09-07T10:38:54Z,AP3,
E4087,Receive Goods,2024-09-07T10:38:55Z,Warehouse2,
E5359,Three-way Match - Successful,2024-09-07T10:38:56Z,AP1,
E7958,Receive Goods,2024-09-07T10:38:57Z,Warehouse1,
E52,Receive Invoice,2024-09-07T10:39:53Z,AP9,
E1245,Receive Goods,2024-09-07T10:39:53Z,Warehouse5,
E1974,Receive Goods,2024-09-07T10:39:54Z,Warehouse2,
E3110,Three-way Match - Successful,2024-09-07T10:39:54Z,AP6,
E5843,Receive Goods,2024-09-07T10:39:56Z,Warehouse4,
E98,Three-way Match - Successful,2024-09-07T10:40:53Z,AP5,
E2792,Receive Goods,2024-09-07T10:40:54Z,Warehouse5,
E4390,Receive Goods,2024-09-07T10:40:55Z,Warehouse4,
E7110,Receive Goods,2024-09-07T10:40:57Z,Warehouse5,
E7328,Receive Invoice,2024-09-07T10:40:57Z,AP10,
E545,Receive Goods,2024-09-07T10:41:53Z,Warehouse5,
E836,Receive Invoice,2024-09-07T10:41:53Z,AP2,
E856,Receive Invoice,2024-09-07T10:41:53Z,AP6,
E1184,Three-way Match - Successful,2024-09-07T10:41:53Z,AP1,
E2870,Receive Goods,2024-09-07T10:41:54Z,Warehouse2,
E3218,Three-way Match - Successful,2024-09-07T10:41:54Z,AP9,
E3347,Make Payment,2024-09-07T10:41:54Z,AP9,
E5872,Three-way Match - Successful,2024-09-07T10:41:56Z,AP10,
E7554,Receive Goods,2024-09-07T10:41:57Z,Warehouse5,
E7623,Three-way Match - Successful,2024-09-07T10:41:57Z,AP1,
E7952,Make Payment,2024-09-07T10:41:57Z,AP9,
E253,Three-way Match - Successful,2024-09-07T10:42:53Z,AP3,
E1409,Three-way Match - Successful,2024-09-07T10:42:53Z,AP4,
E1769,Receive Invoice,2024-09-07T10:42:54Z,AP9,
E8013,Receive Invoice,2024-09-07T10:42:57Z,AP10,
E8178,Receive Goods,2024-09-07T10:42:57Z,Warehouse4,
E1599,Receive Invoice,2024-09-07T10:43:54Z,AP2,
E5561,Receive Goods,2024-09-07T10:43:56Z,Warehouse2,
E5777,Receive Invoice,2024-09-07T10:43:56Z,AP8,
E5836,Three-way Match - Successful,2024-09-07T10:43:56Z,AP3,
E25,Receive Invoice,2024-09-07T10:44:53Z,AP4,
E2694,Receive Invoice,2024-09-07T10:44:54Z,AP2,
E3156,Make Payment,2024-09-07T10:44:54Z,AP2,
E5545,Three-way Match - Successful,2024-09-07T10:44:56Z,AP3,
E6349,Receive Goods,2024-09-07T10:44:56Z,Warehouse2,
E6413,Receive Invoice,2024-09-07T10:44:56Z,AP10,
E4814,Three-way Match - Successful,2024-09-07T10:45:55Z,AP6,
E628,Three-way Match - Successful,2024-09-07T10:46:53Z,AP3,
E3928,Receive Goods,2024-09-07T10:46:55Z,Warehouse5,
E5526,Receive Invoice,2024-09-07T10:46:56Z,AP3,
E5610,Receive Goods,2024-09-07T10:46:56Z,Warehouse2,
E5741,Receive Invoice,2024-09-07T10:46:56Z,AP6,
E6009,Receive Goods,2024-09-07T10:46:56Z,Warehouse4,
E7364,Receive Invoice,2024-09-07T10:46:57Z,AP8,
E123,Receive Goods,2024-09-07T10:47:53Z,Warehouse5,
E290,Make Payment,2024-09-07T10:47:53Z,AP3,
E3472,Receive Goods,2024-09-07T10:47:55Z,Warehouse3,
E7039,Receive Invoice,2024-09-07T10:47:57Z,AP1,
E408,Receive Goods,2024-09-07T10:48:53Z,Warehouse2,
E3585,Receive Invoice,2024-09-07T10:48:55Z,AP4,
E4928,Three-way Match - Successful,2024-09-07T10:48:55Z,AP6,
E5230,Receive Invoice,2024-09-07T10:48:56Z,AP1,
E5552,Receive Goods,2024-09-07T10:48:56Z,Warehouse3,
E6000,Receive Goods,2024-09-07T10:48:56Z,Warehouse1,
E6965,Receive Invoice,2024-09-07T10:48:57Z,AP6,
E735,Receive Invoice,2024-09-07T10:49:53Z,AP2,
E901,Receive Invoice,2024-09-07T10:49:53Z,AP6,
E1663,Receive Goods,2024-09-07T10:49:54Z,Warehouse3,
E2241,Receive Invoice,2024-09-07T10:49:54Z,AP4,
E4935,Receive Goods,2024-09-07T10:49:55Z,Warehouse2,
E5247,Receive Goods,2024-09-07T10:49:56Z,Warehouse3,
E5516,Receive Goods,2024-09-07T10:49:56Z,Warehouse5,
E6670,Three-way Match - Successful,2024-09-07T10:49:56Z,AP3,
E7887,Receive Invoice,2024-09-07T10:49:57Z,AP3,
E2678,Make Payment,2024-09-07T10:50:54Z,AP8,
E2854,Three-way Match - Mismatch Found,2024-09-07T10:50:54Z,AP6,
E4043,Receive Invoice,2024-09-07T10:50:55Z,AP8,
E4964,Receive Goods,2024-09-07T10:50:55Z,Warehouse2,
E6133,Receive Invoice,2024-09-07T10:50:56Z,AP4,
E6174,Receive Goods,2024-09-07T10:50:56Z,Warehouse4,
E17,Three-way Match - Successful,2024-09-07T10:51:53Z,AP6,
E1089,Receive Invoice,2024-09-07T10:51:53Z,AP1,
E1625,Receive Goods,2024-09-07T10:51:54Z,Warehouse1,
E2705,Make Payment,2024-09-07T10:51:54Z,AP1,
E5507,Receive Goods,2024-09-07T10:51:56Z,Warehouse4,
E5631,Make Payment,2024-09-07T10:51:56Z,AP2,
E6265,Receive Invoice,2024-09-07T10:51:56Z,AP5,
E224,Receive Goods,2024-09-07T10:52:53Z,Warehouse2,
E682,Three-way Match - Successful,2024-09-07T10:52:53Z,AP5,
E1656,Three-way Match - Successful,2024-09-07T10:52:54Z,AP7,
E2529,Receive Goods,2024-09-07T10:52:54Z,Warehouse3,
E7365,Three-way Match - Successful,2024-09-07T10:52:57Z,AP3,
E7545,Receive Goods,2024-09-07T10:52:57Z,Warehouse5,
E260,Receive Goods,2024-09-07T10:53:53Z,Warehouse2,
E1118,Receive Invoice,2024-09-07T10:53:53Z,AP3,
E1600,Three-way Match - Successful,2024-09-07T10:53:54Z,AP4,
E2078,Three-way Match - Successful,2024-09-07T10:53:54Z,AP5,
E5074,Receive Goods,2024-09-07T10:53:55Z,Warehouse2,
E5256,Receive Goods,2024-09-07T10:53:56Z,Warehouse1,
E5268,Make Payment,2024-09-07T10:53:56Z,AP2,
E5312,Receive Goods,2024-09-07T10:53:56Z,Warehouse2,
E5349,Receive Invoice,2024-09-07T10:53:56Z,AP7,
E5376,Receive Invoice,2024-09-07T10:53:56Z,AP10,
E7224,Receive Goods,2024-09-07T10:53:57Z,Warehouse4,
E53,Three-way Match - Mismatch Found,2024-09-07T10:54:53Z,AP5,
E117,Make Payment,2024-09-07T10:54:53Z,AP8,
E1734,Three-way Match - Mismatch Found,2024-09-07T10:54:54Z,AP3,
E3129,Make Payment,2024-09-07T10:54:54Z,AP2,
E4044,Three-way Match - Successful,2024-09-07T10:54:55Z,AP9,
E4345,Receive Goods,2024-09-07T10:54:55Z,Warehouse3,
E4917,Receive Goods,2024-09-07T10:54:55Z,Warehouse1,
E7652,Three-way Match - Successful,2024-09-07T10:54:57Z,AP4,
E26,Three-way Match - Successful,2024-09-07T10:55:53Z,AP2,
E1779,Three-way Match - Successful,2024-09-07T10:55:54Z,AP6,
E5943,Receive Invoice,2024-09-07T10:55:56Z,AP6,
E1462,Receive Invoice,2024-09-07T10:56:53Z,AP7,
E1590,Receive Invoice,2024-09-07T10:56:54Z,AP1,
E5194,Receive Invoice,2024-09-07T10:56:56Z,AP6,
E5944,Three-way Match - Mismatch Found,2024-09-07T10:56:56Z,AP4,
E6246,Receive Goods,2024-09-07T10:56:56Z,Warehouse4,
E6484,Receive Goods,2024-09-07T10:56:56Z,Warehouse2,
E6538,Receive Goods,2024-09-07T10:56:56Z,Warehouse1,
E6550,Make Payment,2024-09-07T10:56:56Z,AP8,
E3567,Receive Invoice,2024-09-07T10:57:55Z,AP7,
E4365,Three-way Match - Successful,2024-09-07T10:57:55Z,AP1,
E7083,Receive Goods,2024-09-07T10:57:57Z,Warehouse2,
E1311,Make Payment,2024-09-07T10:58:53Z,AP5,
E3409,Receive Goods,2024-09-07T10:58:55Z,Warehouse3,
E5322,Receive Invoice,2024-09-07T10:58:56Z,AP2,
E7310,Receive Invoice,2024-09-07T10:58:57Z,AP9,
E4860,Receive Invoice,2024-09-07T10:59:55Z,AP2,
E5778,Three-way Match - Successful,2024-09-07T10:59:56Z,AP9,
E7778,Receive Goods,2024-09-07T10:59:57Z,Warehouse5,
E33,Receive Goods,2024-09-07T11:00:53Z,Warehouse3,
E2113,Receive Invoice,2024-09-07T11:00:54Z,AP2,
E5001,Receive Invoice,2024-09-07T11:00:55Z,AP2,
E5009,Receive Goods,2024-09-07T11:00:55Z,Warehouse2,
E8088,Three-way Match - Successful,2024-09-07T11:00:57Z,AP5,
E1136,Receive Invoice,2024-09-07T11:01:53Z,AP4,
E1301,Three-way Match - Successful,2024-09-07T11:01:53Z,AP5,
E4765,Three-way Match - Successful,2024-09-07T11:01:55Z,AP2,
E7092,Receive Goods,2024-09-07T11:01:57Z,Warehouse4,
E7851,Receive Invoice,2024-09-07T11:01:57Z,AP4,
E2917,Three-way Match - Successful,2024-09-07T11:02:54Z,AP7,
E3722,Receive Invoice,2024-09-07T11:02:55Z,AP10,
E4409,Receive Invoice,2024-09-07T11:02:55Z,AP2,
E4489,Receive Goods,2024-09-07T11:02:55Z,Warehouse1,
E3164,Three-way Match - Successful,2024-09-07T11:03:54Z,AP8,
E582,Receive Invoice,2024-09-07T11:04:53Z,AP9,
E1880,Receive Goods,2024-09-07T11:04:54Z,Warehouse5,
E3741,Three-way Match - Successful,2024-09-07T11:04:55Z,AP7,
E4227,Receive Invoice,2024-09-07T11:04:55Z,AP5,
E4553,Receive Invoice,2024-09-07T11:04:55Z,AP3,
E5339,Receive Goods,2024-09-07T11:04:56Z,Warehouse1,
E5742,Three-way Match - Successful,2024-09-07T11:04:56Z,AP3,
E6715,Receive Goods,2024-09-07T11:04:56Z,Warehouse5,
E7040,Three-way Match - Successful,2024-09-07T11:04:57Z,AP7,
E7668,Receive Goods,2024-09-07T11:04:57Z,Warehouse3,
E673,Three-way Match - Successful,2024-09-07T11:05:53Z,AP1,
E1528,Three-way Match - Successful,2024-09-07T11:05:54Z,AP4,
E2749,Three-way Match - Mismatch Found,2024-09-07T11:05:54Z,AP8,
E3255,Receive Invoice,2024-09-07T11:05:54Z,AP4,
E3482,Receive Invoice,2024-09-07T11:05:55Z,AP3,
E4163,Three-way Match - Successful,2024-09-07T11:05:55Z,AP5,
E4465,Make Payment,2024-09-07T11:05:55Z,AP7,
E4841,Receive Goods,2024-09-07T11:05:55Z,Warehouse5,
E2242,Three-way Match - Successful,2024-09-07T11:06:54Z,AP1,
E7289,Receive Goods,2024-09-07T11:06:57Z,Warehouse2,
E350,Receive Goods,2024-09-07T11:07:53Z,Warehouse3,
E807,Receive Invoice,2024-09-07T11:07:53Z,AP3,
E961,Receive Invoice,2024-09-07T11:07:53Z,AP8,
E1098,Receive Invoice,2024-09-07T11:07:53Z,AP6,
E4861,Three-way Match - Successful,2024-09-07T11:07:55Z,AP6,
E5056,Receive Goods,2024-09-07T11:07:55Z,Warehouse2,
E3046,Receive Invoice,2024-09-07T11:08:54Z,AP9,
E4293,Three-way Match - Successful,2024-09-07T11:08:55Z,AP6,
E6574,Receive Goods,2024-09-07T11:08:56Z,Warehouse4,
E79,Receive Invoice,2024-09-07T11:09:53Z,AP5,
E1770,Three-way Match - Successful,2024-09-07T11:09:54Z,AP8,
E2205,Receive Invoice,2024-09-07T11:09:54Z,AP4,
E3256,Three-way Match - Successful,2024-09-07T11:09:54Z,AP7,
E6159,Make Payment,2024-09-07T11:09:56Z,AP10,
E4310,Receive Invoice,2024-09-07T11:10:55Z,AP4,
E962,Three-way Match - Successful,2024-09-07T11:11:53Z,AP3,
E3668,Receive Invoice,2024-09-07T11:11:55Z,AP4,
E7852,Three-way Match - Successful,2024-09-07T11:11:57Z,AP2,
E791,Make Payment,2024-09-07T11:12:53Z,AP6,
E1090,Three-way Match - Successful,2024-09-07T11:12:53Z,AP2,
E2206,Three-way Match - Successful,2024-09-07T11:12:54Z,AP8,
E3138,Make Payment,2024-09-07T11:12:54Z,AP10,
E4399,Receive Goods,2024-09-07T11:12:55Z,Warehouse4,
E5993,Three-way Match - Successful,2024-09-07T11:12:56Z,AP10,
E7742,Receive Goods,2024-09-07T11:12:57Z,Warehouse5,
E1907,Receive Goods,2024-09-07T11:13:54Z,Warehouse2,
E2168,Receive Goods,2024-09-07T11:14:54Z,Warehouse4,
E5934,Receive Invoice,2024-09-07T11:14:56Z,AP1,
E6513,Three-way Match - Successful,2024-09-07T11:14:56Z,AP8,
E1591,Three-way Match - Successful,2024-09-07T11:15:54Z,AP9,
E2907,Receive Invoice,2024-09-07T11:15:54Z,AP2,
E2989,Receive Goods,2024-09-07T11:15:54Z,Warehouse1,
E4003,Receive Invoice,2024-09-07T11:15:55Z,AP9,
E4198,Receive Invoice,2024-09-07T11:15:55Z,AP7,
E5350,Three-way Match - Successful,2024-09-07T11:15:56Z,AP6,
E6020,Three-way Match - Successful,2024-09-07T11:15:56Z,AP9,
E7888,Three-way Match - Successful,2024-09-07T11:15:57Z,AP9,
E3336,Receive Invoice,2024-09-07T11:16:54Z,AP10,
E4382,Receive Invoice,2024-09-07T11:16:55Z,AP6,
E5377,Three-way Match - Successful,2024-09-07T11:17:56Z,AP3,
E8032,Three-way Match - Successful,2024-09-07T11:17:57Z,AP5,
E753,Receive Invoice,2024-09-07T11:18:53Z,AP5,
E5002,Three-way Match - Successful,2024-09-07T11:18:55Z,AP6,
E5231,Three-way Match - Successful,2024-09-07T11:18:56Z,AP5,
E6414,Three-way Match - Successful,2024-09-07T11:18:56Z,AP2,
E3560,Make Payment,2024-09-07T11:19:55Z,AP3,
E3968,Three-way Match - Successful,2024-09-07T11:19:55Z,AP9,
E4871,Receive Invoice,2024-09-07T11:19:55Z,AP6,
E306,Receive Invoice,2024-09-07T11:20:53Z,AP8,
E1176,Make Payment,2024-09-07T11:20:53Z,AP1,
E1372,Receive Invoice,2024-09-07T11:20:53Z,AP6,
E1381,Receive Invoice,2024-09-07T11:20:53Z,AP1,
E1634,Receive Goods,2024-09-07T11:20:54Z,Warehouse1,
E3483,Three-way Match - Successful,2024-09-07T11:20:55Z,AP2,
E1491,Receive Invoice,2024-09-07T11:21:54Z,AP7,
E2511,Receive Goods,2024-09-07T11:21:54Z,Warehouse3,
E3047,Three-way Match - Successful,2024-09-07T11:21:54Z,AP9,
E4562,Receive Invoice,2024-09-07T11:21:55Z,AP4,
E4785,Receive Goods,2024-09-07T11:21:55Z,Warehouse5,
E7101,Receive Goods,2024-09-07T11:21:57Z,Warehouse5,
E2114,Three-way Match - Successful,2024-09-07T11:22:54Z,AP1,
E3812,Receive Invoice,2024-09-07T11:22:55Z,AP2,
E6503,Receive Invoice,2024-09-07T11:22:56Z,AP6,
E902,Three-way Match - Successful,2024-09-07T11:23:53Z,AP5,
E3192,Make Payment,2024-09-07T11:23:54Z,AP9,
E4796,Three-way Match - Successful,2024-09-07T11:23:55Z,AP7,
E1137,Three-way Match - Mismatch Found,2024-09-07T11:24:53Z,AP9,
E1382,Three-way Match - Successful,2024-09-07T11:24:53Z,AP10,
E5323,Three-way Match - Successful,2024-09-07T11:24:56Z,AP1,
E6266,Three-way Match - Successful,2024-09-07T11:24:56Z,AP2,
E8078,Receive Invoice,2024-09-07T11:24:57Z,AP2,
E1044,Receive Invoice,2024-09-07T11:25:53Z,AP1,
E2898,Receive Invoice,2024-09-07T11:25:54Z,AP3,
E3813,Three-way Match - Successful,2024-09-07T11:25:55Z,AP10,
E6754,Make Payment,2024-09-07T11:25:56Z,AP8,
E2785,Three-way Match - Mismatch Found,2024-09-07T11:26:54Z,AP4,
E4199,Three-way Match - Successful,2024-09-07T11:26:55Z,AP3,
E1373,Three-way Match - Successful,2024-09-07T11:27:53Z,AP1,
E2557,Receive Invoice,2024-09-07T11:28:54Z,AP2,
E3669,Three-way Match - Successful,2024-09-07T11:28:55Z,AP2,
E7914,Receive Invoice,2024-09-07T11:28:57Z,AP9,
E2445,Receive Invoice,2024-09-07T11:29:54Z,AP8,
E3893,Receive Invoice,2024-09-07T11:29:55Z,AP1,
E5238,Receive Goods,2024-09-07T11:29:56Z,Warehouse3,
E5715,Three-way Match - Successful,2024-09-07T11:29:56Z,AP8,
E5758,Receive Goods,2024-09-07T11:29:56Z,Warehouse5,
E8252,Receive Goods,2024-09-07T11:29:57Z,Warehouse2,
E1045,Three-way Match - Successful,2024-09-07T11:30:53Z,AP4,
E4255,Receive Goods,2024-09-07T11:30:55Z,Warehouse1,
E1968,Make Payment,2024-09-07T11:31:54Z,AP3,
E2695,Three-way Match - Successful,2024-09-07T11:31:54Z,AP8,
E7594,Three-way Match - Mismatch Found,2024-09-07T11:31:57Z,AP3,
E654,Receive Invoice,2024-09-07T11:32:53Z,AP10,
E5195,Three-way Match - Mismatch Found,2024-09-07T11:32:56Z,AP6,
E8150,Receive Invoice,2024-09-07T11:33:57Z,AP10,
E865,Receive Invoice,2024-09-07T11:34:53Z,AP1,
E1099,Three-way Match - Successful,2024-09-07T11:34:53Z,AP3,
E6440,Receive Invoice,2024-09-07T11:34:56Z,AP8,
E4426,Receive Goods,2024-09-07T11:35:55Z,Warehouse2,
E7265,Make Payment,2024-09-07T11:35:57Z,AP9,
E3327,Receive Invoice,2024-09-07T11:36:54Z,AP5,
E3894,Three-way Match - Successful,2024-09-07T11:36:55Z,AP1,
E837,Three-way Match - Successful,2024-09-07T11:37:53Z,AP1,
E857,Three-way Match - Successful,2024-09-07T11:37:53Z,AP4,
E1318,Receive Invoice,2024-09-07T11:37:53Z,AP9,
E4383,Three-way Match - Successful,2024-09-07T11:37:55Z,AP3,
E5527,Three-way Match - Successful,2024-09-07T11:37:56Z,AP7,
E7329,Three-way Match - Successful,2024-09-07T11:37:57Z,AP2,
E2668,Three-way Match - Successful,2024-09-07T11:38:54Z,AP5,
E3984,Receive Goods,2024-09-07T11:38:55Z,Warehouse2,
E7372,Receive Goods,2024-09-07T11:38:57Z,Warehouse3,
E3586,Three-way Match - Successful,2024-09-07T11:39:55Z,AP8,
E4472,Receive Invoice,2024-09-07T11:39:55Z,AP10,
E8014,Three-way Match - Successful,2024-09-07T11:39:57Z,AP7,
E1463,Three-way Match - Successful,2024-09-07T11:40:53Z,AP10,
E1390,Receive Invoice,2024-09-07T11:41:53Z,AP3,
E1715,Receive Invoice,2024-09-07T11:41:54Z,AP9,
E4228,Three-way Match - Successful,2024-09-07T11:41:55Z,AP8,
E4410,Three-way Match - Successful,2024-09-07T11:41:55Z,AP8,
E6892,Receive Goods,2024-09-07T11:41:56Z,Warehouse2,
E463,Receive Invoice,2024-09-07T11:42:53Z,AP6,
E866,Three-way Match - Mismatch Found,2024-09-07T11:42:53Z,AP7,
E1319,Three-way Match - Successful,2024-09-07T11:42:53Z,AP10,
E6134,Three-way Match - Successful,2024-09-07T11:42:56Z,AP3,
E8079,Three-way Match - Successful,2024-09-07T11:42:57Z,AP6,
E1014,Receive Goods,2024-09-07T11:43:53Z,Warehouse2,
E3632,Make Payment,2024-09-07T11:43:55Z,AP2,
E4563,Three-way Match - Successful,2024-09-07T11:43:55Z,AP2,
E5825,Receive Goods,2024-09-07T11:44:56Z,Warehouse2,
E736,Three-way Match - Successful,2024-09-07T11:45:53Z,AP6,
E2344,Receive Invoice,2024-09-07T11:46:54Z,AP10,
E6504,Three-way Match - Successful,2024-09-07T11:46:56Z,AP8,
E7905,Receive Invoice,2024-09-07T11:46:57Z,AP5,
E3328,Three-way Match - Successful,2024-09-07T11:47:54Z,AP4,
E4004,Three-way Match - Successful,2024-09-07T11:48:55Z,AP10,
E6966,Three-way Match - Successful,2024-09-07T11:48:57Z,AP4,
E518,Receive Goods,2024-09-07T11:49:53Z,Warehouse1,
E1119,Three-way Match - Successful,2024-09-07T11:49:53Z,AP3,
E1419,Make Payment,2024-09-07T11:50:53Z,AP8,
E5301,Receive Goods,2024-09-07T11:50:56Z,Warehouse1,
E1145,Receive Invoice,2024-09-07T11:51:53Z,AP9,
E2558,Three-way Match - Successful,2024-09-07T11:51:54Z,AP4,
E8057,Receive Goods,2024-09-07T11:51:57Z,Warehouse2,
E8116,Make Payment,2024-09-07T11:51:57Z,AP1,
E8151,Three-way Match - Successful,2024-09-07T11:52:57Z,AP8,
E5211,Receive Goods,2024-09-07T11:53:56Z,Warehouse1,
E80,Three-way Match - Successful,2024-09-07T11:54:53Z,AP9,
E8237,Make Payment,2024-09-07T11:54:57Z,AP2,
E2908,Three-way Match - Successful,2024-09-07T11:55:54Z,AP6,
E4311,Three-way Match - Successful,2024-09-07T11:55:55Z,AP6,
E5600,Receive Invoice,2024-09-07T11:55:56Z,AP1,
E3568,Three-way Match - Successful,2024-09-07T11:57:55Z,AP8,
E3723,Three-way Match - Successful,2024-09-07T11:57:55Z,AP6,
E4554,Three-way Match - Mismatch Found,2024-09-07T11:57:55Z,AP10,
E808,Three-way Match - Mismatch Found,2024-09-07T11:58:53Z,AP4,
E2446,Three-way Match - Successful,2024-09-07T11:58:54Z,AP6,
E3820,Receive Goods,2024-09-07T11:58:55Z,Warehouse3,
E5593,Make Payment,2024-09-07T11:58:56Z,AP1,
E7311,Three-way Match - Successful,2024-09-07T11:58:57Z,AP3,
E583,Three-way Match - Mismatch Found,2024-09-07T11:59:53Z,AP4,
E2933,Receive Goods,2024-09-07T12:00:54Z,Warehouse4,
E4872,Three-way Match - Successful,2024-09-07T12:00:55Z,AP2,
E1428,Make Payment,2024-09-07T12:01:53Z,AP3,
E7906,Three-way Match - Successful,2024-09-07T12:01:57Z,AP3,
E307,Three-way Match - Mismatch Found,2024-09-07T12:02:53Z,AP9,
E2345,Three-way Match - Mismatch Found,2024-09-07T12:02:54Z,AP2,
E3337,Three-way Match - Successful,2024-09-07T12:02:54Z,AP6,
E4473,Three-way Match - Successful,2024-09-07T12:03:55Z,AP6,
E4831,Receive Invoice,2024-09-07T12:05:55Z,AP1,
E5935,Three-way Match - Successful,2024-09-07T12:08:56Z,AP4,
E426,Receive Goods,2024-09-07T12:10:53Z,Warehouse5,
E7915,Three-way Match - Successful,2024-09-07T12:10:57Z,AP2,
E655,Three-way Match - Successful,2024-09-07T12:11:53Z,AP5,
E1492,Three-way Match - Successful,2024-09-07T12:12:54Z,AP1,
E1508,Receive Goods,2024-09-07T12:13:54Z,Warehouse4,
E1391,Three-way Match - Successful,2024-09-07T12:14:53Z,AP10,
E754,Three-way Match - Successful,2024-09-07T12:15:53Z,AP7,
E5601,Three-way Match - Successful,2024-09-07T12:17:56Z,AP9,
E7427,Receive Invoice,2024-09-07T12:17:57Z,AP6,
E2899,Three-way Match - Successful,2024-09-07T12:18:54Z,AP6,
E464,Three-way Match - Successful,2024-09-07T12:19:53Z,AP9,
E6377,Receive Invoice,2024-09-07T12:19:56Z,AP6,
E6441,Three-way Match - Successful,2024-09-07T12:19:56Z,AP1,
E4832,Three-way Match - Successful,2024-09-07T12:20:55Z,AP6,
E8264,Make Payment,2024-09-07T12:22:57Z,AP9,
E894,Make Payment,2024-09-07T12:24:53Z,AP7,
E1648,Make Payment,2024-09-07T12:26:54Z,AP7,
E1146,Three-way Match - Successful,2024-09-07T12:27:53Z,AP2,
E6213,Make Payment,2024-09-07T12:30:56Z,AP4,
E1716,Three-way Match - Successful,2024-09-07T12:41:54Z,AP9,
E7428,Three-way Match - Successful,2024-09-07T13:03:57Z,AP4,
E6378,Three-way Match - Successful,2024-09-07T13:04:56Z,AP7,
E1273,Receive Invoice,2024-09-08T08:56:53Z,AP3,
E4900,Receive Invoice,2024-09-08T08:56:55Z,AP8,
E1545,Receive Invoice,2024-09-08T09:00:54Z,AP3,
E1274,Three-way Match - Successful,2024-09-08T09:03:53Z,AP3,
E1546,Three-way Match - Successful,2024-09-08T09:09:54Z,AP3,
E270,Receive Invoice,2024-09-08T09:13:53Z,AP4,
E4901,Three-way Match - Successful,2024-09-08T09:20:55Z,AP6,
E7896,Receive Invoice,2024-09-08T09:23:57Z,AP6,
E4124,Receive Invoice,2024-09-08T09:24:55Z,AP9,
E717,Receive Invoice,2024-09-08T09:25:53Z,AP6,
E7602,Receive Invoice,2024-09-08T09:25:57Z,AP1,
E485,Make Payment,2024-09-08T09:31:53Z,AP5,
E271,Three-way Match - Mismatch Found,2024-09-08T09:33:53Z,AP3,
E180,Receive Invoice,2024-09-08T09:34:53Z,AP2,
E2142,Receive Invoice,2024-09-08T09:35:54Z,AP9,
E932,Receive Invoice,2024-09-08T09:36:53Z,AP3,
E5499,Receive Invoice,2024-09-08T09:37:56Z,AP9,
E933,Three-way Match - Successful,2024-09-08T09:38:53Z,AP7,
E7603,Three-way Match - Mismatch Found,2024-09-08T09:38:57Z,AP4,
E2685,Receive Invoice,2024-09-08T09:39:54Z,AP9,
E5093,Receive Invoice,2024-09-08T09:39:55Z,AP6,
E8244,Receive Invoice,2024-09-08T09:39:57Z,AP8,
E4737,Receive Invoice,2024-09-08T09:40:55Z,AP3,
E8067,Receive Invoice,2024-09-08T09:40:57Z,AP7,
E3549,Receive Invoice,2024-09-08T09:41:55Z,AP2,
E8280,Receive Invoice,2024-09-08T09:41:57Z,AP9,
E6566,Receive Invoice,2024-09-08T09:43:56Z,AP10,
E6929,Receive Invoice,2024-09-08T09:43:57Z,AP5,
E4891,Receive Invoice,2024-09-08T09:44:55Z,AP10,
E5094,Three-way Match - Successful,2024-09-08T09:45:55Z,AP3,
E8006,Make Payment,2024-09-08T09:46:57Z,AP3,
E2972,Receive Invoice,2024-09-08T09:47:54Z,AP9,
E6184,Receive Invoice,2024-09-08T09:47:56Z,AP1,
E7066,Receive Invoice,2024-09-08T09:48:57Z,AP9,
E5129,Receive Invoice,2024-09-08T09:49:55Z,AP9,
E718,Three-way Match - Successful,2024-09-08T09:50:53Z,AP1,
E4710,Receive Invoice,2024-09-08T09:50:55Z,AP2,
E6725,Receive Invoice,2024-09-08T09:50:56Z,AP1,
E7140,Make Payment,2024-09-08T09:51:57Z,AP10,
E2686,Three-way Match - Mismatch Found,2024-09-08T09:52:54Z,AP10,
E4454,Receive Invoice,2024-09-08T09:52:55Z,AP10,
E6584,Receive Invoice,2024-09-08T09:52:56Z,AP8,
E4025,Receive Invoice,2024-09-08T09:53:55Z,AP9,
E4125,Three-way Match - Successful,2024-09-08T09:53:55Z,AP5,
E4026,Three-way Match - Successful,2024-09-08T09:54:55Z,AP1,
E4665,Receive Invoice,2024-09-08T09:54:55Z,AP8,
E4711,Three-way Match - Successful,2024-09-08T09:54:55Z,AP1,
E4954,Receive Invoice,2024-09-08T09:54:55Z,AP10,
E7897,Three-way Match - Successful,2024-09-08T09:54:57Z,AP8,
E315,Receive Invoice,2024-09-08T09:56:53Z,AP4,
E4892,Three-way Match - Successful,2024-09-08T09:56:55Z,AP9,
E6148,Make Payment,2024-09-08T09:56:56Z,AP10,
E5500,Three-way Match - Successful,2024-09-08T09:57:56Z,AP7,
E5441,Make Payment,2024-09-08T09:58:56Z,AP6,
E181,Three-way Match - Mismatch Found,2024-09-08T09:59:53Z,AP1,
E2889,Receive Invoice,2024-09-08T09:59:54Z,AP3,
E6323,Receive Invoice,2024-09-08T09:59:56Z,AP9,
E6707,Receive Invoice,2024-09-08T09:59:56Z,AP3,
E3803,Receive Invoice,2024-09-08T10:02:55Z,AP3,
E3550,Three-way Match - Successful,2024-09-08T10:03:55Z,AP4,
E7067,Three-way Match - Successful,2024-09-08T10:03:57Z,AP6,
E3244,Receive Invoice,2024-09-08T10:04:54Z,AP1,
E492,Receive Invoice,2024-09-08T10:05:53Z,AP9,
E2943,Receive Invoice,2024-09-08T10:05:54Z,AP8,
E4373,Receive Invoice,2024-09-08T10:05:55Z,AP3,
E6324,Three-way Match - Successful,2024-09-08T10:05:56Z,AP9,
E2039,Receive Invoice,2024-09-08T10:06:54Z,AP8,
E4061,Receive Invoice,2024-09-08T10:06:55Z,AP10,
E5582,Receive Invoice,2024-09-08T10:06:56Z,AP6,
E6386,Receive Invoice,2024-09-08T10:06:56Z,AP3,
E445,Receive Invoice,2024-09-08T10:07:53Z,AP6,
E7283,Make Payment,2024-09-08T10:07:57Z,AP10,
E144,Receive Invoice,2024-09-08T10:08:53Z,AP4,
E2463,Receive Invoice,2024-09-08T10:08:54Z,AP10,
E2973,Three-way Match - Successful,2024-09-08T10:08:54Z,AP8,
E3639,Receive Invoice,2024-09-08T10:08:55Z,AP8,
E8245,Three-way Match - Successful,2024-09-08T10:08:57Z,AP5,
E1282,Receive Invoice,2024-09-08T10:09:53Z,AP1,
E3010,Receive Invoice,2024-09-08T10:09:54Z,AP4,
E3640,Three-way Match - Successful,2024-09-08T10:09:55Z,AP10,
E4374,Three-way Match - Successful,2024-09-08T10:09:55Z,AP1,
E8068,Three-way Match - Successful,2024-09-08T10:09:57Z,AP6,
E4666,Three-way Match - Successful,2024-09-08T10:10:55Z,AP4,
E6202,Receive Invoice,2024-09-08T10:10:56Z,AP2,
E6930,Three-way Match - Successful,2024-09-08T10:10:57Z,AP5,
E3767,Receive Invoice,2024-09-08T10:11:55Z,AP2,
E4133,Receive Invoice,2024-09-08T10:11:55Z,AP1,
E6494,Receive Invoice,2024-09-08T10:11:56Z,AP10,
E2890,Three-way Match - Successful,2024-09-08T10:12:54Z,AP10,
E3713,Receive Invoice,2024-09-08T10:12:55Z,AP6,
E5732,Receive Invoice,2024-09-08T10:12:56Z,AP10,
E6557,Receive Invoice,2024-09-08T10:12:56Z,AP2,
E2143,Three-way Match - Successful,2024-09-08T10:13:54Z,AP6,
E3848,Receive Invoice,2024-09-08T10:13:55Z,AP5,
E4738,Three-way Match - Successful,2024-09-08T10:13:55Z,AP6,
E446,Three-way Match - Successful,2024-09-08T10:14:53Z,AP2,
E3513,Receive Invoice,2024-09-08T10:14:55Z,AP9,
E2040,Three-way Match - Successful,2024-09-08T10:15:54Z,AP1,
E2806,Receive Invoice,2024-09-08T10:15:54Z,AP7,
E5786,Receive Invoice,2024-09-08T10:15:56Z,AP2,
E663,Receive Invoice,2024-09-08T10:16:53Z,AP9,
E2622,Receive Invoice,2024-09-08T10:16:54Z,AP5,
E3383,Receive Invoice,2024-09-08T10:16:55Z,AP3,
E5898,Receive Invoice,2024-09-08T10:16:56Z,AP5,
E4319,Receive Invoice,2024-09-08T10:17:55Z,AP3,
E4517,Receive Invoice,2024-09-08T10:17:55Z,AP2,
E6240,Make Payment,2024-09-08T10:17:56Z,AP2,
E1608,Receive Invoice,2024-09-08T10:18:54Z,AP8,
E6312,Receive Invoice,2024-09-08T10:18:56Z,AP4,
E7299,Receive Invoice,2024-09-08T10:18:57Z,AP4,
E8281,Three-way Match - Successful,2024-09-08T10:18:57Z,AP6,
E591,Receive Invoice,2024-09-08T10:19:53Z,AP5,
E1946,Receive Invoice,2024-09-08T10:19:54Z,AP6,
E4535,Receive Invoice,2024-09-08T10:19:55Z,AP3,
E1947,Three-way Match - Successful,2024-09-08T10:20:54Z,AP8,
E6585,Three-way Match - Successful,2024-09-08T10:20:56Z,AP10,
E6938,Receive Invoice,2024-09-08T10:20:57Z,AP1,
E6698,Receive Invoice,2024-09-08T10:21:56Z,AP10,
E6726,Three-way Match - Successful,2024-09-08T10:21:56Z,AP3,
E7472,Receive Invoice,2024-09-08T10:21:57Z,AP1,
E1572,Receive Invoice,2024-09-08T10:23:54Z,AP4,
E1744,Make Payment,2024-09-08T10:23:54Z,AP4,
E3245,Three-way Match - Successful,2024-09-08T10:23:54Z,AP7,
E3318,Receive Invoice,2024-09-08T10:23:54Z,AP3,
E7473,Three-way Match - Successful,2024-09-08T10:23:57Z,AP3,
E316,Three-way Match - Successful,2024-09-08T10:24:53Z,AP4,
E3208,Receive Invoice,2024-09-08T10:24:54Z,AP9,
E5583,Three-way Match - Successful,2024-09-08T10:24:56Z,AP7,
E5733,Three-way Match - Successful,2024-09-08T10:24:56Z,AP6,
E4034,Receive Invoice,2024-09-08T10:25:55Z,AP1,
E3209,Three-way Match - Successful,2024-09-08T10:26:54Z,AP1,
E3064,Receive Invoice,2024-09-08T10:27:54Z,AP1,
E8096,Receive Invoice,2024-09-08T10:27:57Z,AP6,
E493,Three-way Match - Successful,2024-09-08T10:28:53Z,AP6,
E1053,Receive Invoice,2024-09-08T10:28:53Z,AP7,
E3947,Receive Invoice,2024-09-08T10:28:55Z,AP4,
E7300,Three-way Match - Successful,2024-09-08T10:28:57Z,AP8,
E7761,Receive Invoice,2024-09-08T10:29:57Z,AP8,
E70,Receive Invoice,2024-09-08T10:30:53Z,AP10,
E816,Receive Invoice,2024-09-08T10:30:53Z,AP6,
E4320,Three-way Match - Successful,2024-09-08T10:30:55Z,AP1,
E817,Three-way Match - Successful,2024-09-08T10:31:53Z,AP10,
E988,Receive Invoice,2024-09-08T10:31:53Z,AP4,
E3768,Three-way Match - Successful,2024-09-08T10:31:55Z,AP7,
E4035,Three-way Match - Successful,2024-09-08T10:31:55Z,AP8,
E7207,Receive Invoice,2024-09-08T10:31:57Z,AP7,
E6495,Three-way Match - Successful,2024-09-08T10:32:56Z,AP10,
E6781,Receive Invoice,2024-09-08T10:32:56Z,AP4,
E6992,Receive Invoice,2024-09-08T10:32:57Z,AP7,
E7932,Receive Invoice,2024-09-08T10:32:57Z,AP6,
E71,Three-way Match - Successful,2024-09-08T10:33:53Z,AP5,
E3011,Three-way Match - Successful,2024-09-08T10:33:54Z,AP7,
E6708,Three-way Match - Successful,2024-09-08T10:33:56Z,AP6,
E4062,Three-way Match - Successful,2024-09-08T10:34:55Z,AP3,
E6185,Three-way Match - Successful,2024-09-08T10:34:56Z,AP4,
E6395,Receive Invoice,2024-09-08T10:34:56Z,AP9,
E6567,Three-way Match - Successful,2024-09-08T10:34:56Z,AP9,
E7933,Three-way Match - Successful,2024-09-08T10:34:57Z,AP3,
E2066,Receive Invoice,2024-09-08T10:35:54Z,AP5,
E2521,Receive Invoice,2024-09-08T10:35:54Z,AP2,
E3446,Receive Invoice,2024-09-08T10:35:55Z,AP1,
E6624,Receive Invoice,2024-09-08T10:35:56Z,AP2,
E6817,Receive Invoice,2024-09-08T10:35:56Z,AP8,
E1293,Make Payment,2024-09-08T10:36:53Z,AP9,
E1807,Make Payment,2024-09-08T10:36:54Z,AP7,
E6203,Three-way Match - Successful,2024-09-08T10:36:56Z,AP2,
E6387,Three-way Match - Successful,2024-09-08T10:36:56Z,AP10,
E8097,Three-way Match - Successful,2024-09-08T10:36:57Z,AP3,
E2464,Three-way Match - Successful,2024-09-08T10:37:54Z,AP1,
E4536,Three-way Match - Successful,2024-09-08T10:37:55Z,AP4,
E4088,Receive Invoice,2024-09-08T10:38:55Z,AP1,
E1975,Receive Invoice,2024-09-08T10:39:54Z,AP6,
E3111,Make Payment,2024-09-08T10:39:54Z,AP1,
E3384,Three-way Match - Successful,2024-09-08T10:39:55Z,AP6,
E5130,Three-way Match - Successful,2024-09-08T10:39:55Z,AP8,
E6193,Receive Invoice,2024-09-08T10:40:56Z,AP5,
E7770,Receive Invoice,2024-09-08T10:40:57Z,AP5,
E546,Receive Invoice,2024-09-08T10:41:53Z,AP5,
E2871,Receive Invoice,2024-09-08T10:41:54Z,AP8,
E4247,Receive Invoice,2024-09-08T10:41:55Z,AP7,
E7555,Receive Invoice,2024-09-08T10:41:57Z,AP10,
E1107,Receive Invoice,2024-09-08T10:42:53Z,AP9,
E3309,Receive Invoice,2024-09-08T10:42:54Z,AP8,
E2880,Receive Invoice,2024-09-08T10:43:54Z,AP9,
E5562,Receive Invoice,2024-09-08T10:43:56Z,AP10,
E592,Three-way Match - Successful,2024-09-08T10:45:53Z,AP1,
E664,Three-way Match - Successful,2024-09-08T10:45:53Z,AP7,
E2481,Receive Invoice,2024-09-08T10:45:54Z,AP3,
E4955,Three-way Match - Successful,2024-09-08T10:45:55Z,AP9,
E3514,Three-way Match - Successful,2024-09-08T10:46:55Z,AP4,
E4589,Receive Invoice,2024-09-08T10:46:55Z,AP5,
E4645,Receive Invoice,2024-09-08T10:46:55Z,AP2,
E5611,Receive Invoice,2024-09-08T10:46:56Z,AP3,
E6010,Receive Invoice,2024-09-08T10:46:56Z,AP3,
E124,Receive Invoice,2024-09-08T10:47:53Z,AP2,
E1435,Receive Invoice,2024-09-08T10:47:53Z,AP6,
E2059,Make Payment,2024-09-08T10:47:54Z,AP5,
E2196,Receive Invoice,2024-09-08T10:47:54Z,AP6,
E8049,Receive Invoice,2024-09-08T10:47:57Z,AP6,
E409,Receive Invoice,2024-09-08T10:48:53Z,AP3,
E2730,Receive Invoice,2024-09-08T10:48:54Z,AP2,
E5787,Three-way Match - Successful,2024-09-08T10:48:56Z,AP2,
E6001,Receive Invoice,2024-09-08T10:48:56Z,AP2,
E7010,Receive Invoice,2024-09-08T10:48:57Z,AP9,
E6625,Three-way Match - Successful,2024-09-08T10:49:56Z,AP9,
E6671,Make Payment,2024-09-08T10:49:56Z,AP1,
E6855,Receive Invoice,2024-09-08T10:49:56Z,AP4,
E6993,Three-way Match - Successful,2024-09-08T10:49:57Z,AP9,
E7556,Three-way Match - Successful,2024-09-08T10:49:57Z,AP1,
E2855,Make Payment,2024-09-08T10:50:54Z,AP7,
E4965,Receive Invoice,2024-09-08T10:50:55Z,AP3,
E6175,Receive Invoice,2024-09-08T10:50:56Z,AP4,
E3065,Three-way Match - Successful,2024-09-08T10:51:54Z,AP3,
E3447,Three-way Match - Successful,2024-09-08T10:51:55Z,AP9,
E4455,Three-way Match - Mismatch Found,2024-09-08T10:51:55Z,AP2,
E225,Receive Invoice,2024-09-08T10:52:53Z,AP1,
E683,Make Payment,2024-09-08T10:52:53Z,AP2,
E3804,Three-way Match - Successful,2024-09-08T10:52:55Z,AP1,
E3839,Receive Invoice,2024-09-08T10:52:55Z,AP4,
E6818,Three-way Match - Successful,2024-09-08T10:52:56Z,AP9,
E6939,Three-way Match - Successful,2024-09-08T10:52:57Z,AP4,
E7366,Make Payment,2024-09-08T10:52:57Z,AP9,
E4346,Receive Invoice,2024-09-08T10:54:55Z,AP5,
E4918,Receive Invoice,2024-09-08T10:54:55Z,AP9,
E6782,Three-way Match - Successful,2024-09-08T10:54:56Z,AP8,
E27,Make Payment,2024-09-08T10:55:53Z,AP3,
E226,Three-way Match - Successful,2024-09-08T10:55:53Z,AP10,
E1156,Receive Invoice,2024-09-08T10:55:53Z,AP4,
E3266,Make Payment,2024-09-08T10:55:54Z,AP10,
E3849,Three-way Match - Successful,2024-09-08T10:55:55Z,AP5,
E4301,Receive Invoice,2024-09-08T10:55:55Z,AP7,
E6761,Receive Invoice,2024-09-08T10:55:56Z,AP7,
E2067,Three-way Match - Successful,2024-09-08T10:56:54Z,AP6,
E2623,Three-way Match - Successful,2024-09-08T10:56:54Z,AP9,
E4248,Three-way Match - Successful,2024-09-08T10:56:55Z,AP9,
E63,Make Payment,2024-09-08T10:57:53Z,AP6,
E618,Receive Invoice,2024-09-08T10:57:53Z,AP10,
E6276,Receive Invoice,2024-09-08T10:57:56Z,AP7,
E6856,Three-way Match - Successful,2024-09-08T10:57:56Z,AP1,
E7084,Receive Invoice,2024-09-08T10:57:57Z,AP7,
E1609,Three-way Match - Successful,2024-09-08T10:58:54Z,AP10,
E4674,Receive Invoice,2024-09-08T10:58:55Z,AP10,
E3749,Receive Invoice,2024-09-08T10:59:55Z,AP3,
E4089,Three-way Match - Successful,2024-09-08T10:59:55Z,AP1,
E6194,Three-way Match - Mismatch Found,2024-09-08T10:59:56Z,AP5,
E6332,Receive Invoice,2024-09-08T10:59:56Z,AP1,
E7208,Three-way Match - Mismatch Found,2024-09-08T10:59:57Z,AP2,
E5563,Three-way Match - Mismatch Found,2024-09-08T11:00:56Z,AP2,
E6313,Three-way Match - Successful,2024-09-08T11:00:56Z,AP6,
E1573,Three-way Match - Successful,2024-09-08T11:01:54Z,AP10,
E4134,Three-way Match - Mismatch Found,2024-09-08T11:01:55Z,AP1,
E7093,Receive Invoice,2024-09-08T11:01:57Z,AP5,
E2214,Receive Invoice,2024-09-08T11:02:54Z,AP1,
E2944,Three-way Match - Successful,2024-09-08T11:02:54Z,AP1,
E333,Receive Invoice,2024-09-08T11:03:53Z,AP8,
E510,Receive Invoice,2024-09-08T11:03:53Z,AP4,
E1283,Three-way Match - Mismatch Found,2024-09-08T11:03:53Z,AP2,
E3614,Make Payment,2024-09-08T11:03:55Z,AP7,
E1436,Three-way Match - Successful,2024-09-08T11:04:53Z,AP1,
E2721,Receive Invoice,2024-09-08T11:04:54Z,AP4,
E7346,Receive Invoice,2024-09-08T11:04:57Z,AP4,
E7669,Receive Invoice,2024-09-08T11:04:57Z,AP7,
E2522,Three-way Match - Successful,2024-09-08T11:05:54Z,AP2,
E7347,Three-way Match - Successful,2024-09-08T11:05:57Z,AP6,
E145,Three-way Match - Successful,2024-09-08T11:06:53Z,AP5,
E3300,Receive Invoice,2024-09-08T11:06:54Z,AP6,
E8298,Receive Invoice,2024-09-08T11:06:57Z,AP7,
E351,Receive Invoice,2024-09-08T11:07:53Z,AP8,
E1054,Three-way Match - Successful,2024-09-08T11:07:53Z,AP9,
E8050,Three-way Match - Successful,2024-09-08T11:07:57Z,AP1,
E2881,Three-way Match - Successful,2024-09-08T11:08:54Z,AP10,
E4518,Three-way Match - Successful,2024-09-08T11:08:55Z,AP2,
E4966,Three-way Match - Successful,2024-09-08T11:08:55Z,AP8,
E6055,Receive Invoice,2024-09-08T11:08:56Z,AP6,
E6575,Receive Invoice,2024-09-08T11:08:56Z,AP10,
E3319,Three-way Match - Successful,2024-09-08T11:09:54Z,AP1,
E3714,Three-way Match - Successful,2024-09-08T11:09:55Z,AP10,
E4347,Three-way Match - Successful,2024-09-08T11:09:55Z,AP3,
E6558,Three-way Match - Successful,2024-09-08T11:09:56Z,AP3,
E243,Receive Invoice,2024-09-08T11:10:53Z,AP1,
E3275,Make Payment,2024-09-08T11:10:54Z,AP8,
E5862,Receive Invoice,2024-09-08T11:10:56Z,AP7,
E6066,Make Payment,2024-09-08T11:10:56Z,AP4,
E6595,Receive Invoice,2024-09-08T11:10:56Z,AP4,
E7824,Receive Invoice,2024-09-08T11:10:57Z,AP5,
E244,Three-way Match - Successful,2024-09-08T11:11:53Z,AP2,
E2807,Three-way Match - Successful,2024-09-08T11:11:54Z,AP4,
E3030,Make Payment,2024-09-08T11:11:54Z,AP7,
E5899,Three-way Match - Successful,2024-09-08T11:11:56Z,AP9,
E6699,Three-way Match - Successful,2024-09-08T11:11:56Z,AP4,
E1796,Receive Invoice,2024-09-08T11:12:54Z,AP4,
E5976,Make Payment,2024-09-08T11:12:56Z,AP4,
E5994,Make Payment,2024-09-08T11:12:56Z,AP5,
E2197,Three-way Match - Successful,2024-09-08T11:13:54Z,AP7,
E4824,Make Payment,2024-09-08T11:13:55Z,AP1,
E6011,Three-way Match - Mismatch Found,2024-09-08T11:13:56Z,AP9,
E6277,Three-way Match - Successful,2024-09-08T11:13:56Z,AP8,
E3695,Receive Invoice,2024-09-08T11:14:55Z,AP1,
E5165,Receive Invoice,2024-09-08T11:14:56Z,AP1,
E236,Make Payment,2024-09-08T11:15:53Z,AP9,
E1157,Three-way Match - Successful,2024-09-08T11:15:53Z,AP4,
E2990,Receive Invoice,2024-09-08T11:15:54Z,AP6,
E6606,Make Payment,2024-09-08T11:15:56Z,AP2,
E2019,Receive Invoice,2024-09-08T11:16:54Z,AP8,
E2991,Three-way Match - Successful,2024-09-08T11:16:54Z,AP9,
E5880,Receive Invoice,2024-09-08T11:16:56Z,AP3,
E352,Three-way Match - Successful,2024-09-08T11:17:53Z,AP5,
E2178,Receive Invoice,2024-09-08T11:17:54Z,AP9,
E3237,Make Payment,2024-09-08T11:17:54Z,AP3,
E3948,Three-way Match - Successful,2024-09-08T11:17:55Z,AP8,
E2020,Three-way Match - Successful,2024-09-08T11:18:54Z,AP6,
E4218,Receive Invoice,2024-09-08T11:18:55Z,AP5,
E6576,Three-way Match - Successful,2024-09-08T11:18:56Z,AP6,
E1108,Three-way Match - Successful,2024-09-08T11:20:53Z,AP1,
E2160,Receive Invoice,2024-09-08T11:20:54Z,AP1,
E6762,Three-way Match - Successful,2024-09-08T11:20:56Z,AP5,
E7085,Three-way Match - Successful,2024-09-08T11:20:57Z,AP9,
E547,Three-way Match - Successful,2024-09-08T11:23:53Z,AP2,
E2722,Three-way Match - Successful,2024-09-08T11:23:54Z,AP8,
E6875,Receive Invoice,2024-09-08T11:23:56Z,AP3,
E7825,Three-way Match - Successful,2024-09-08T11:23:57Z,AP9,
E1617,Receive Invoice,2024-09-08T11:24:54Z,AP6,
E2086,Receive Invoice,2024-09-08T11:24:54Z,AP3,
E1210,Receive Invoice,2024-09-08T11:25:53Z,AP1,
E1797,Three-way Match - Successful,2024-09-08T11:25:54Z,AP1,
E3840,Three-way Match - Successful,2024-09-08T11:25:55Z,AP4,
E4302,Three-way Match - Successful,2024-09-08T11:25:55Z,AP8,
E2223,Receive Invoice,2024-09-08T11:26:54Z,AP2,
E3401,Receive Invoice,2024-09-08T11:26:55Z,AP4,
E5612,Three-way Match - Successful,2024-09-08T11:26:56Z,AP7,
E7094,Three-way Match - Successful,2024-09-08T11:26:57Z,AP7,
E7129,Receive Invoice,2024-09-08T11:26:57Z,AP10,
E334,Three-way Match - Successful,2024-09-08T11:27:53Z,AP6,
E4882,Receive Invoice,2024-09-08T11:27:55Z,AP4,
E7762,Three-way Match - Successful,2024-09-08T11:27:57Z,AP2,
E989,Three-way Match - Successful,2024-09-08T11:28:53Z,AP3,
E7771,Three-way Match - Successful,2024-09-08T11:28:57Z,AP9,
E1976,Three-way Match - Successful,2024-09-08T11:29:54Z,AP6,
E5239,Receive Invoice,2024-09-08T11:29:56Z,AP8,
E647,Make Payment,2024-09-08T11:30:53Z,AP5,
E2482,Three-way Match - Successful,2024-09-08T11:30:54Z,AP10,
E6396,Three-way Match - Successful,2024-09-08T11:30:56Z,AP6,
E6176,Three-way Match - Successful,2024-09-08T11:32:56Z,AP9,
E7670,Three-way Match - Successful,2024-09-08T11:32:57Z,AP10,
E2224,Three-way Match - Successful,2024-09-08T11:33:54Z,AP8,
E3039,Make Payment,2024-09-08T11:33:54Z,AP5,
E6876,Three-way Match - Successful,2024-09-08T11:33:56Z,AP5,
E2215,Three-way Match - Successful,2024-09-08T11:34:54Z,AP10,
E6056,Three-way Match - Successful,2024-09-08T11:34:56Z,AP8,
E6333,Three-way Match - Successful,2024-09-08T11:34:56Z,AP10,
E6451,Make Payment,2024-09-08T11:34:56Z,AP3,
E4427,Receive Invoice,2024-09-08T11:35:55Z,AP10,
E3310,Three-way Match - Successful,2024-09-08T11:36:54Z,AP9,
E7216,Receive Invoice,2024-09-08T11:36:57Z,AP6,
E4675,Three-way Match - Successful,2024-09-08T11:37:55Z,AP4,
E7217,Three-way Match - Successful,2024-09-08T11:37:57Z,AP1,
E1211,Three-way Match - Successful,2024-09-08T11:38:53Z,AP5,
E5166,Three-way Match - Successful,2024-09-08T11:38:56Z,AP5,
E6231,Make Payment,2024-09-08T11:38:56Z,AP3,
E7373,Receive Invoice,2024-09-08T11:38:57Z,AP7,
E7519,Receive Invoice,2024-09-08T11:38:57Z,AP10,
E2872,Three-way Match - Successful,2024-09-08T11:40:54Z,AP10,
E3750,Three-way Match - Successful,2024-09-08T11:40:55Z,AP2,
E4646,Three-way Match - Successful,2024-09-08T11:41:55Z,AP2,
E511,Three-way Match - Successful,2024-09-08T11:42:53Z,AP9,
E726,Receive Invoice,2024-09-08T11:42:53Z,AP8,
E4590,Three-way Match - Mismatch Found,2024-09-08T11:42:55Z,AP10,
E1015,Receive Invoice,2024-09-08T11:43:53Z,AP5,
E7520,Three-way Match - Successful,2024-09-08T11:43:57Z,AP10,
E5826,Receive Invoice,2024-09-08T11:44:56Z,AP9,
E125,Three-way Match - Successful,2024-09-08T11:45:53Z,AP4,
E1228,Receive Invoice,2024-09-08T11:45:53Z,AP3,
E6002,Three-way Match - Successful,2024-09-08T11:45:56Z,AP5,
E727,Three-way Match - Successful,2024-09-08T11:46:53Z,AP3,
E410,Three-way Match - Successful,2024-09-08T11:47:53Z,AP4,
E7011,Three-way Match - Successful,2024-09-08T11:47:57Z,AP9,
E708,Receive Invoice,2024-09-08T11:48:53Z,AP8,
E2161,Three-way Match - Successful,2024-09-08T11:48:54Z,AP5,
E2416,Receive Invoice,2024-09-08T11:48:54Z,AP5,
E2731,Three-way Match - Successful,2024-09-08T11:48:54Z,AP6,
E5881,Three-way Match - Successful,2024-09-08T11:48:56Z,AP4,
E519,Receive Invoice,2024-09-08T11:49:53Z,AP2,
E8299,Three-way Match - Successful,2024-09-08T11:49:57Z,AP3,
E619,Three-way Match - Successful,2024-09-08T11:50:53Z,AP3,
E4883,Three-way Match - Successful,2024-09-08T11:50:55Z,AP4,
E2179,Three-way Match - Successful,2024-09-08T11:51:54Z,AP7,
E6596,Three-way Match - Successful,2024-09-08T11:51:56Z,AP4,
E6976,Make Payment,2024-09-08T11:51:57Z,AP2,
E520,Three-way Match - Successful,2024-09-08T11:52:53Z,AP1,
E4919,Three-way Match - Successful,2024-09-08T11:52:55Z,AP10,
E3301,Three-way Match - Successful,2024-09-08T11:54:54Z,AP4,
E5240,Three-way Match - Successful,2024-09-08T11:54:56Z,AP1,
E5863,Three-way Match - Successful,2024-09-08T11:54:56Z,AP5,
E8291,Make Payment,2024-09-08T11:55:57Z,AP7,
E3696,Three-way Match - Successful,2024-09-08T11:57:55Z,AP2,
E4428,Three-way Match - Successful,2024-09-08T11:58:55Z,AP8,
E7130,Three-way Match - Successful,2024-09-08T11:58:57Z,AP4,
E7400,Receive Invoice,2024-09-08T12:01:57Z,AP4,
E8170,Receive Invoice,2024-09-08T12:01:57Z,AP2,
E7374,Three-way Match - Successful,2024-09-08T12:04:57Z,AP2,
E1016,Three-way Match - Successful,2024-09-08T12:05:53Z,AP2,
E2328,Make Payment,2024-09-08T12:06:54Z,AP5,
E7401,Three-way Match - Successful,2024-09-08T12:08:57Z,AP4,
E1847,Make Payment,2024-09-08T12:09:54Z,AP3,
E427,Receive Invoice,2024-09-08T12:10:53Z,AP4,
E709,Three-way Match - Successful,2024-09-08T12:11:53Z,AP1,
E3402,Three-way Match - Successful,2024-09-08T12:12:55Z,AP9,
E755,Make Payment,2024-09-08T12:15:53Z,AP8,
E1618,Three-way Match - Successful,2024-09-08T12:15:54Z,AP1,
E2087,Three-way Match - Successful,2024-09-08T12:16:54Z,AP6,
E3003,Make Payment,2024-09-08T12:16:54Z,AP5,
E4219,Three-way Match - Successful,2024-09-08T12:16:55Z,AP5,
E5602,Make Payment,2024-09-08T12:17:56Z,AP8,
E2777,Make Payment,2024-09-08T12:18:54Z,AP3,
E3021,Make Payment,2024-09-08T12:18:54Z,AP9,
E6635,Make Payment,2024-09-08T12:21:56Z,AP5,
E1762,Make Payment,2024-09-08T12:23:54Z,AP4,
E3938,Receive Invoice,2024-09-08T12:25:55Z,AP9,
E1147,Make Payment,2024-09-08T12:27:53Z,AP3,
E428,Three-way Match - Successful,2024-09-08T12:30:53Z,AP2,
E1229,Three-way Match - Successful,2024-09-08T12:35:53Z,AP5,
E5827,Three-way Match - Successful,2024-09-08T12:37:56Z,AP6,
E1717,Make Payment,2024-09-08T12:41:54Z,AP6,
E2417,Three-way Match - Mismatch Found,2024-09-08T12:46:54Z,AP9,
E8171,Three-way Match - Successful,2024-09-08T12:46:57Z,AP5,
E3939,Three-way Match - Successful,2024-09-08T13:11:55Z,AP5,
E4283,Receive Invoice,2024-09-09T09:00:55Z,AP8,
E2658,Receive Invoice,2024-09-09T09:26:54Z,AP4,
E1024,Receive Invoice,2024-09-09T09:28:53Z,AP7,
E2297,Receive Invoice,2024-09-09T09:34:54Z,AP5,
E7842,Receive Invoice,2024-09-09T09:36:57Z,AP8,
E7604,Make Payment,2024-09-09T09:38:57Z,AP9,
E5095,Make Payment,2024-09-09T09:45:55Z,AP9,
E2640,Receive Invoice,2024-09-09T09:46:54Z,AP3,
E2641,Three-way Match - Successful,2024-09-09T09:50:54Z,AP8,
E6113,Receive Invoice,2024-09-09T09:51:56Z,AP10,
E7660,Receive Invoice,2024-09-09T09:51:57Z,AP6,
E2586,Make Payment,2024-09-09T09:52:54Z,AP9,
E2687,Make Payment,2024-09-09T09:52:54Z,AP8,
E4284,Three-way Match - Successful,2024-09-09T09:52:55Z,AP1,
E2277,Receive Invoice,2024-09-09T09:53:54Z,AP9,
E4097,Receive Invoice,2024-09-09T09:53:55Z,AP7,
E342,Receive Invoice,2024-09-09T09:54:53Z,AP10,
E4712,Make Payment,2024-09-09T09:54:55Z,AP10,
E454,Receive Invoice,2024-09-09T09:55:53Z,AP4,
E1955,Receive Invoice,2024-09-09T09:55:54Z,AP9,
E3356,Make Payment,2024-09-09T09:55:54Z,AP2,
E1453,Receive Invoice,2024-09-09T09:57:53Z,AP4,
E6680,Receive Invoice,2024-09-09T09:57:56Z,AP5,
E8217,Receive Invoice,2024-09-09T09:57:57Z,AP8,
E7575,Receive Invoice,2024-09-09T09:58:57Z,AP4,
E2659,Three-way Match - Successful,2024-09-09T09:59:54Z,AP10,
E8218,Three-way Match - Successful,2024-09-09T10:00:57Z,AP10,
E2739,Receive Invoice,2024-09-09T10:01:54Z,AP9,
E7337,Receive Invoice,2024-09-09T10:01:57Z,AP3,
E1025,Three-way Match - Successful,2024-09-09T10:02:53Z,AP7,
E4483,Make Payment,2024-09-09T10:02:55Z,AP1,
E3551,Make Payment,2024-09-09T10:03:55Z,AP5,
E5768,Receive Invoice,2024-09-09T10:05:56Z,AP5,
E7843,Three-way Match - Successful,2024-09-09T10:05:57Z,AP5,
E1500,Receive Invoice,2024-09-09T10:07:54Z,AP9,
E3145,Receive Invoice,2024-09-09T10:07:54Z,AP10,
E7436,Receive Invoice,2024-09-09T10:07:57Z,AP3,
E7698,Receive Invoice,2024-09-09T10:07:57Z,AP8,
E1071,Receive Invoice,2024-09-09T10:08:53Z,AP2,
E4607,Receive Invoice,2024-09-09T10:08:55Z,AP6,
E6681,Three-way Match - Successful,2024-09-09T10:08:56Z,AP6,
E6256,Receive Invoice,2024-09-09T10:09:56Z,AP10,
E171,Receive Invoice,2024-09-09T10:10:53Z,AP5,
E2319,Make Payment,2024-09-09T10:10:54Z,AP6,
E3731,Receive Invoice,2024-09-09T10:10:55Z,AP8,
E6790,Receive Invoice,2024-09-09T10:10:56Z,AP7,
E7576,Three-way Match - Successful,2024-09-09T10:10:57Z,AP3,
E7338,Three-way Match - Mismatch Found,2024-09-09T10:12:57Z,AP3,
E1072,Three-way Match - Successful,2024-09-09T10:13:53Z,AP4,
E447,Make Payment,2024-09-09T10:14:53Z,AP7,
E3493,Receive Invoice,2024-09-09T10:16:55Z,AP9,
E7925,Make Payment,2024-09-09T10:18:57Z,AP2,
E7437,Three-way Match - Successful,2024-09-09T10:19:57Z,AP2,
E7968,Receive Invoice,2024-09-09T10:19:57Z,AP7,
E2649,Receive Invoice,2024-09-09T10:20:54Z,AP9,
E3464,Receive Invoice,2024-09-09T10:20:55Z,AP1,
E5284,Receive Invoice,2024-09-09T10:22:56Z,AP5,
E1454,Three-way Match - Successful,2024-09-09T10:23:53Z,AP10,
E2298,Three-way Match - Successful,2024-09-09T10:23:54Z,AP5,
E3732,Three-way Match - Mismatch Found,2024-09-09T10:23:55Z,AP5,
E1899,Receive Invoice,2024-09-09T10:24:54Z,AP10,
E1956,Three-way Match - Successful,2024-09-09T10:24:54Z,AP4,
E4420,Make Payment,2024-09-09T10:24:55Z,AP2,
E6791,Three-way Match - Successful,2024-09-09T10:24:56Z,AP9,
E2268,Receive Invoice,2024-09-09T10:25:54Z,AP7,
E7642,Receive Invoice,2024-09-09T10:25:57Z,AP1,
E7160,Receive Invoice,2024-09-09T10:26:57Z,AP5,
E7643,Three-way Match - Successful,2024-09-09T10:26:57Z,AP8,
E8271,Receive Invoice,2024-09-09T10:28:57Z,AP7,
E2740,Three-way Match - Successful,2024-09-09T10:29:54Z,AP3,
E5481,Receive Invoice,2024-09-09T10:29:56Z,AP10,
E1682,Receive Invoice,2024-09-09T10:30:54Z,AP3,
E3866,Receive Invoice,2024-09-09T10:30:55Z,AP1,
E133,Receive Invoice,2024-09-09T10:31:53Z,AP1,
E2407,Receive Invoice,2024-09-09T10:31:54Z,AP5,
E2278,Three-way Match - Successful,2024-09-09T10:32:54Z,AP5,
E3576,Receive Invoice,2024-09-09T10:32:55Z,AP8,
E4106,Receive Invoice,2024-09-09T10:32:55Z,AP8,
E6496,Make Payment,2024-09-09T10:32:56Z,AP7,
E7490,Receive Invoice,2024-09-09T10:32:57Z,AP4,
E699,Receive Invoice,2024-09-09T10:33:53Z,AP1,
E5285,Three-way Match - Successful,2024-09-09T10:33:56Z,AP6,
E5459,Make Payment,2024-09-09T10:33:56Z,AP8,
E5750,Receive Invoice,2024-09-09T10:33:56Z,AP6,
E1501,Three-way Match - Successful,2024-09-09T10:34:54Z,AP7,
E3830,Receive Invoice,2024-09-09T10:34:55Z,AP9,
E4063,Make Payment,2024-09-09T10:34:55Z,AP7,
E7180,Receive Invoice,2024-09-09T10:34:57Z,AP2,
E4180,Receive Invoice,2024-09-09T10:35:55Z,AP5,
E455,Three-way Match - Successful,2024-09-09T10:36:53Z,AP8,
E4600,Make Payment,2024-09-09T10:36:55Z,AP4,
E4537,Make Payment,2024-09-09T10:37:55Z,AP2,
E5696,Receive Invoice,2024-09-09T10:37:56Z,AP1,
E8161,Make Payment,2024-09-09T10:37:57Z,AP7,
E1836,Receive Invoice,2024-09-09T10:38:54Z,AP3,
E5360,Make Payment,2024-09-09T10:38:56Z,AP2,
E5769,Three-way Match - Successful,2024-09-09T10:38:56Z,AP10,
E1246,Receive Invoice,2024-09-09T10:39:53Z,AP1,
E1900,Three-way Match - Successful,2024-09-09T10:39:54Z,AP8,
E7530,Make Payment,2024-09-09T10:39:57Z,AP9,
E172,Three-way Match - Successful,2024-09-09T10:40:53Z,AP9,
E874,Receive Invoice,2024-09-09T10:40:53Z,AP8,
E4391,Receive Invoice,2024-09-09T10:40:55Z,AP6,
E6303,Receive Invoice,2024-09-09T10:40:56Z,AP10,
E7161,Three-way Match - Successful,2024-09-09T10:40:57Z,AP6,
E343,Three-way Match - Successful,2024-09-09T10:41:53Z,AP1,
E5482,Three-way Match - Successful,2024-09-09T10:41:56Z,AP4,
E5873,Make Payment,2024-09-09T10:41:56Z,AP5,
E7463,Receive Invoice,2024-09-09T10:41:57Z,AP4,
E7661,Three-way Match - Successful,2024-09-09T10:42:57Z,AP3,
E3577,Three-way Match - Successful,2024-09-09T10:43:55Z,AP8,
E5396,Make Payment,2024-09-09T10:44:56Z,AP5,
E297,Receive Invoice,2024-09-09T10:45:53Z,AP2,
E1837,Three-way Match - Successful,2024-09-09T10:45:54Z,AP4,
E3465,Three-way Match - Successful,2024-09-09T10:45:55Z,AP2,
E6114,Three-way Match - Successful,2024-09-09T10:45:56Z,AP7,
E7699,Three-way Match - Successful,2024-09-09T10:45:57Z,AP10,
E3929,Receive Invoice,2024-09-09T10:46:55Z,AP7,
E3473,Receive Invoice,2024-09-09T10:47:55Z,AP7,
E5660,Make Payment,2024-09-09T10:47:56Z,AP4,
E3474,Three-way Match - Mismatch Found,2024-09-09T10:48:55Z,AP9,
E3794,Receive Invoice,2024-09-09T10:48:55Z,AP4,
E1664,Receive Invoice,2024-09-09T10:49:54Z,AP4,
E4098,Three-way Match - Successful,2024-09-09T10:49:55Z,AP5,
E4936,Receive Invoice,2024-09-09T10:49:55Z,AP2,
E5248,Receive Invoice,2024-09-09T10:49:56Z,AP3,
E5517,Receive Invoice,2024-09-09T10:49:56Z,AP10,
E1006,Receive Invoice,2024-09-09T10:50:53Z,AP7,
E2828,Make Payment,2024-09-09T10:50:54Z,AP5,
E1626,Receive Invoice,2024-09-09T10:51:54Z,AP10,
E5084,Receive Invoice,2024-09-09T10:51:55Z,AP2,
E6257,Three-way Match - Successful,2024-09-09T10:51:56Z,AP7,
E261,Receive Invoice,2024-09-09T10:53:53Z,AP2,
E2095,Receive Invoice,2024-09-09T10:53:54Z,AP9,
E5075,Receive Invoice,2024-09-09T10:53:55Z,AP10,
E5257,Receive Invoice,2024-09-09T10:53:56Z,AP2,
E5313,Receive Invoice,2024-09-09T10:53:56Z,AP7,
E5258,Three-way Match - Successful,2024-09-09T10:54:56Z,AP1,
E7464,Three-way Match - Successful,2024-09-09T10:54:57Z,AP10,
E4608,Three-way Match - Mismatch Found,2024-09-09T10:55:55Z,AP8,
E3146,Three-way Match - Successful,2024-09-09T10:56:54Z,AP7,
E3867,Three-way Match - Successful,2024-09-09T10:56:55Z,AP3,
E4171,Receive Invoice,2024-09-09T10:56:55Z,AP4,
E298,Three-way Match - Successful,2024-09-09T10:58:53Z,AP9,
E1610,Make Payment,2024-09-09T10:58:54Z,AP7,
E3410,Receive Invoice,2024-09-09T10:58:55Z,AP5,
E7779,Receive Invoice,2024-09-09T10:59:57Z,AP2,
E34,Receive Invoice,2024-09-09T11:00:53Z,AP10,
E6866,Make Payment,2024-09-09T11:00:56Z,AP8,
E7788,Receive Invoice,2024-09-09T11:00:57Z,AP3,
E1302,Make Payment,2024-09-09T11:01:53Z,AP10,
E700,Three-way Match - Successful,2024-09-09T11:02:53Z,AP8,
E773,Make Payment,2024-09-09T11:02:53Z,AP10,
E4490,Receive Invoice,2024-09-09T11:02:55Z,AP5,
E4703,Make Payment,2024-09-09T11:02:55Z,AP9,
E5697,Three-way Match - Successful,2024-09-09T11:02:56Z,AP5,
E6830,Make Payment,2024-09-09T11:02:56Z,AP1,
E2952,Receive Invoice,2024-09-09T11:03:54Z,AP2,
E3494,Three-way Match - Successful,2024-09-09T11:03:55Z,AP8,
E5076,Three-way Match - Successful,2024-09-09T11:03:55Z,AP8,
E8272,Three-way Match - Successful,2024-09-09T11:03:57Z,AP8,
E134,Three-way Match - Successful,2024-09-09T11:04:53Z,AP2,
E4172,Three-way Match - Successful,2024-09-09T11:04:55Z,AP2,
E7941,Receive Invoice,2024-09-09T11:04:57Z,AP2,
E2408,Three-way Match - Successful,2024-09-09T11:05:54Z,AP3,
E2750,Make Payment,2024-09-09T11:05:54Z,AP5,
E4728,Receive Invoice,2024-09-09T11:05:55Z,AP10,
E875,Three-way Match - Successful,2024-09-09T11:06:53Z,AP1,
E7181,Three-way Match - Successful,2024-09-09T11:06:57Z,AP3,
E7290,Receive Invoice,2024-09-09T11:06:57Z,AP1,
E7456,Make Payment,2024-09-09T11:06:57Z,AP1,
E2096,Three-way Match - Successful,2024-09-09T11:07:54Z,AP5,
E5057,Receive Invoice,2024-09-09T11:07:55Z,AP9,
E5751,Three-way Match - Successful,2024-09-09T11:07:56Z,AP1,
E6958,Make Payment,2024-09-09T11:07:57Z,AP8,
E4107,Three-way Match - Successful,2024-09-09T11:08:55Z,AP3,
E3930,Three-way Match - Successful,2024-09-09T11:09:55Z,AP1,
E5430,Receive Invoice,2024-09-09T11:09:56Z,AP3,
E5853,Receive Invoice,2024-09-09T11:09:56Z,AP7,
E2650,Three-way Match - Successful,2024-09-09T11:10:54Z,AP9,
E7780,Three-way Match - Successful,2024-09-09T11:10:57Z,AP4,
E4392,Three-way Match - Successful,2024-09-09T11:11:55Z,AP9,
E5900,Make Payment,2024-09-09T11:11:56Z,AP5,
E1928,Receive Invoice,2024-09-09T11:12:54Z,AP10,
E3411,Three-way Match - Successful,2024-09-09T11:12:55Z,AP9,
E4357,Make Payment,2024-09-09T11:12:55Z,AP1,
E7743,Receive Invoice,2024-09-09T11:12:57Z,AP6,
E35,Three-way Match - Successful,2024-09-09T11:13:53Z,AP3,
E1683,Three-way Match - Successful,2024-09-09T11:13:54Z,AP8,
E3831,Three-way Match - Mismatch Found,2024-09-09T11:13:55Z,AP5,
E2169,Receive Invoice,2024-09-09T11:14:54Z,AP10,
E6168,Make Payment,2024-09-09T11:14:56Z,AP2,
E7491,Three-way Match - Successful,2024-09-09T11:14:57Z,AP8,
E7969,Three-way Match - Successful,2024-09-09T11:14:57Z,AP7,
E353,Make Payment,2024-09-09T11:17:53Z,AP2,
E3949,Make Payment,2024-09-09T11:17:55Z,AP9,
E6837,Receive Invoice,2024-09-09T11:17:56Z,AP7,
E7122,Make Payment,2024-09-09T11:17:57Z,AP4,
E5232,Make Payment,2024-09-09T11:18:56Z,AP4,
E6285,Receive Invoice,2024-09-09T11:18:56Z,AP9,
E6415,Make Payment,2024-09-09T11:18:56Z,AP6,
E1109,Make Payment,2024-09-09T11:20:53Z,AP1,
E5187,Make Payment,2024-09-09T11:20:56Z,AP3,
E6304,Three-way Match - Successful,2024-09-09T11:20:56Z,AP10,
E1035,Receive Invoice,2024-09-09T11:21:53Z,AP4,
E4181,Three-way Match - Successful,2024-09-09T11:21:55Z,AP1,
E7102,Receive Invoice,2024-09-09T11:21:57Z,AP4,
E827,Make Payment,2024-09-09T11:22:53Z,AP3,
E4528,Make Payment,2024-09-09T11:22:55Z,AP5,
E5854,Three-way Match - Successful,2024-09-09T11:22:56Z,AP3,
E438,Make Payment,2024-09-09T11:23:53Z,AP4,
E6838,Three-way Match - Successful,2024-09-09T11:23:56Z,AP9,
E1138,Make Payment,2024-09-09T11:24:53Z,AP8,
E6267,Make Payment,2024-09-09T11:24:56Z,AP5,
E2269,Three-way Match - Successful,2024-09-09T11:25:54Z,AP7,
E5085,Three-way Match - Successful,2024-09-09T11:26:55Z,AP10,
E335,Make Payment,2024-09-09T11:27:53Z,AP9,
E4207,Receive Invoice,2024-09-09T11:27:55Z,AP9,
E4491,Three-way Match - Successful,2024-09-09T11:28:55Z,AP1,
E5759,Receive Invoice,2024-09-09T11:29:56Z,AP3,
E8253,Receive Invoice,2024-09-09T11:29:57Z,AP7,
E262,Three-way Match - Successful,2024-09-09T11:30:53Z,AP9,
E1929,Three-way Match - Successful,2024-09-09T11:31:54Z,AP1,
E5058,Three-way Match - Successful,2024-09-09T11:31:55Z,AP1,
E7291,Three-way Match - Successful,2024-09-09T11:31:57Z,AP8,
E7789,Three-way Match - Successful,2024-09-09T11:33:57Z,AP8,
E8228,Make Payment,2024-09-09T11:33:57Z,AP5,
E1100,Make Payment,2024-09-09T11:34:53Z,AP9,
E1354,Receive Invoice,2024-09-09T11:35:53Z,AP4,
E4937,Three-way Match - Successful,2024-09-09T11:37:55Z,AP4,
E1247,Three-way Match - Successful,2024-09-09T11:38:53Z,AP10,
E3985,Receive Invoice,2024-09-09T11:38:55Z,AP7,
E1007,Three-way Match - Successful,2024-09-09T11:40:53Z,AP5,
E2873,Make Payment,2024-09-09T11:40:54Z,AP9,
E4692,Receive Invoice,2024-09-09T11:40:55Z,AP2,
E5518,Three-way Match - Successful,2024-09-09T11:40:56Z,AP4,
E420,Make Payment,2024-09-09T11:41:53Z,AP3,
E1257,Make Payment,2024-09-09T11:41:53Z,AP7,
E6893,Receive Invoice,2024-09-09T11:41:56Z,AP8,
E867,Make Payment,2024-09-09T11:42:53Z,AP4,
E1036,Three-way Match - Successful,2024-09-09T11:42:53Z,AP5,
E5249,Three-way Match - Successful,2024-09-09T11:42:56Z,AP1,
E6135,Make Payment,2024-09-09T11:42:56Z,AP5,
E1665,Three-way Match - Successful,2024-09-09T11:43:54Z,AP3,
E3795,Three-way Match - Successful,2024-09-09T11:43:55Z,AP1,
E2953,Three-way Match - Successful,2024-09-09T11:44:54Z,AP2,
E3986,Three-way Match - Successful,2024-09-09T11:44:55Z,AP8,
E4729,Three-way Match - Successful,2024-09-09T11:45:55Z,AP7,
E3329,Make Payment,2024-09-09T11:47:54Z,AP2,
E4016,Receive Invoice,2024-09-09T11:47:55Z,AP8,
E5314,Three-way Match - Successful,2024-09-09T11:48:56Z,AP7,
E6967,Make Payment,2024-09-09T11:48:57Z,AP1,
E1627,Three-way Match - Successful,2024-09-09T11:49:54Z,AP2,
E2981,Receive Invoice,2024-09-09T11:50:54Z,AP6,
E2170,Three-way Match - Mismatch Found,2024-09-09T11:51:54Z,AP1,
E2559,Make Payment,2024-09-09T11:51:54Z,AP8,
E7727,Make Payment,2024-09-09T11:51:57Z,AP5,
E3659,Receive Invoice,2024-09-09T11:52:55Z,AP7,
E5212,Receive Invoice,2024-09-09T11:53:56Z,AP5,
E5760,Three-way Match - Successful,2024-09-09T11:53:56Z,AP7,
E7942,Three-way Match - Successful,2024-09-09T11:53:57Z,AP6,
E8123,Receive Invoice,2024-09-09T11:53:57Z,AP5,
E2982,Three-way Match - Successful,2024-09-09T11:54:54Z,AP4,
E3904,Make Payment,2024-09-09T11:56:55Z,AP2,
E809,Make Payment,2024-09-09T11:58:53Z,AP8,
E3660,Three-way Match - Successful,2024-09-09T11:58:55Z,AP2,
E4017,Three-way Match - Successful,2024-09-09T11:58:55Z,AP7,
E5431,Three-way Match - Mismatch Found,2024-09-09T11:58:56Z,AP9,
E2934,Receive Invoice,2024-09-09T12:00:54Z,AP1,
E7907,Make Payment,2024-09-09T12:01:57Z,AP3,
E4339,Make Payment,2024-09-09T12:02:55Z,AP4,
E4208,Three-way Match - Successful,2024-09-09T12:06:55Z,AP3,
E5936,Make Payment,2024-09-09T12:08:56Z,AP2,
E7744,Three-way Match - Mismatch Found,2024-09-09T12:08:57Z,AP5,
E3174,Make Payment,2024-09-09T12:10:54Z,AP7,
E710,Make Payment,2024-09-09T12:11:53Z,AP5,
E6286,Three-way Match - Successful,2024-09-09T12:11:56Z,AP7,
E3403,Make Payment,2024-09-09T12:12:55Z,AP3,
E1509,Receive Invoice,2024-09-09T12:13:54Z,AP10,
E1392,Make Payment,2024-09-09T12:14:53Z,AP5,
E7103,Three-way Match - Successful,2024-09-09T12:14:57Z,AP1,
E2389,Receive Invoice,2024-09-09T12:17:54Z,AP10,
E8124,Three-way Match - Successful,2024-09-09T12:17:57Z,AP4,
E1510,Three-way Match - Successful,2024-09-09T12:19:54Z,AP9,
E6442,Make Payment,2024-09-09T12:19:56Z,AP5,
E2935,Three-way Match - Successful,2024-09-09T12:20:54Z,AP9,
E8254,Three-way Match - Successful,2024-09-09T12:21:57Z,AP7,
E6894,Three-way Match - Successful,2024-09-09T12:23:56Z,AP10,
E1355,Three-way Match - Successful,2024-09-09T12:25:53Z,AP9,
E4693,Three-way Match - Successful,2024-09-09T12:36:55Z,AP7,
E5213,Three-way Match - Successful,2024-09-09T12:43:56Z,AP8,
E2390,Three-way Match - Successful,2024-09-09T13:09:54Z,AP7,
E537,Receive Invoice,2024-09-10T08:42:53Z,AP10,
E1547,Make Payment,2024-09-10T09:09:54Z,AP1,
E7169,Receive Invoice,2024-09-10T09:12:57Z,AP9,
E4902,Make Payment,2024-09-10T09:20:55Z,AP1,
E5571,Receive Invoice,2024-09-10T09:28:56Z,AP4,
E8188,Receive Invoice,2024-09-10T09:31:57Z,AP6,
E538,Three-way Match - Successful,2024-09-10T09:36:53Z,AP2,
E324,Receive Invoice,2024-09-10T09:40:53Z,AP5,
E5572,Three-way Match - Successful,2024-09-10T09:47:56Z,AP9,
E5367,Receive Invoice,2024-09-10T09:49:56Z,AP1,
E2126,Make Payment,2024-09-10T09:51:54Z,AP5,
E6467,Receive Invoice,2024-09-10T09:52:56Z,AP3,
E8105,Receive Invoice,2024-09-10T09:52:57Z,AP8,
E325,Three-way Match - Successful,2024-09-10T09:54:53Z,AP1,
E1064,Make Payment,2024-09-10T09:59:53Z,AP8,
E5221,Receive Invoice,2024-09-10T10:01:56Z,AP10,
E6468,Three-way Match - Successful,2024-09-10T10:01:56Z,AP6,
E1345,Receive Invoice,2024-09-10T10:02:53Z,AP9,
E4777,Make Payment,2024-09-10T10:02:55Z,AP3,
E1239,Make Payment,2024-09-10T10:04:53Z,AP4,
E5178,Make Payment,2024-09-10T10:04:56Z,AP4,
E6359,Receive Invoice,2024-09-10T10:04:56Z,AP1,
E7170,Three-way Match - Successful,2024-09-10T10:06:57Z,AP2,
E1787,Receive Invoice,2024-09-10T10:07:54Z,AP10,
E4267,Make Payment,2024-09-10T10:08:55Z,AP6,
E6028,Receive Invoice,2024-09-10T10:08:56Z,AP5,
E3920,Receive Invoice,2024-09-10T10:09:55Z,AP8,
E4757,Make Payment,2024-09-10T10:09:55Z,AP3,
E1327,Receive Invoice,2024-09-10T10:10:53Z,AP2,
E3921,Three-way Match - Successful,2024-09-10T10:10:55Z,AP8,
E5039,Receive Invoice,2024-09-10T10:11:55Z,AP1,
E6846,Receive Invoice,2024-09-10T10:11:56Z,AP9,
E7339,Make Payment,2024-09-10T10:12:57Z,AP5,
E1890,Receive Invoice,2024-09-10T10:13:54Z,AP6,
E2759,Make Payment,2024-09-10T10:14:54Z,AP7,
E6368,Receive Invoice,2024-09-10T10:16:56Z,AP7,
E8189,Three-way Match - Successful,2024-09-10T10:17:57Z,AP1,
E4079,Receive Invoice,2024-09-10T10:18:55Z,AP5,
E5104,Make Payment,2024-09-10T10:20:55Z,AP2,
E6847,Three-way Match - Successful,2024-09-10T10:20:56Z,AP10,
E979,Receive Invoice,2024-09-10T10:21:53Z,AP9,
E4582,Make Payment,2024-09-10T10:21:55Z,AP7,
E1484,Make Payment,2024-09-10T10:22:54Z,AP4,
E6360,Three-way Match - Mismatch Found,2024-09-10T10:22:56Z,AP6,
E317,Make Payment,2024-09-10T10:24:53Z,AP1,
E8206,Receive Invoice,2024-09-10T10:24:57Z,AP6,
E1399,Receive Invoice,2024-09-10T10:25:53Z,AP5,
E2963,Receive Invoice,2024-09-10T10:25:54Z,AP5,
E2964,Three-way Match - Successful,2024-09-10T10:26:54Z,AP1,
E573,Receive Invoice,2024-09-10T10:27:53Z,AP9,
E2541,Make Payment,2024-09-10T10:28:54Z,AP3,
E7382,Receive Invoice,2024-09-10T10:28:57Z,AP1,
E7835,Make Payment,2024-09-10T10:28:57Z,AP6,
E7445,Receive Invoice,2024-09-10T10:29:57Z,AP3,
E2362,Receive Invoice,2024-09-10T10:30:54Z,AP8,
E4510,Make Payment,2024-09-10T10:30:55Z,AP5,
E3291,Receive Invoice,2024-09-10T10:31:54Z,AP7,
E6983,Receive Invoice,2024-09-10T10:31:57Z,AP3,
E209,Make Payment,2024-09-10T10:32:53Z,AP4,
E1581,Receive Invoice,2024-09-10T10:32:54Z,AP6,
E2279,Make Payment,2024-09-10T10:32:54Z,AP9,
E7734,Receive Invoice,2024-09-10T10:32:57Z,AP10,
E5277,Make Payment,2024-09-10T10:33:56Z,AP6,
E1536,Receive Invoice,2024-09-10T10:34:54Z,AP8,
E7446,Three-way Match - Successful,2024-09-10T10:35:57Z,AP6,
E456,Make Payment,2024-09-10T10:36:53Z,AP6,
E4544,Receive Invoice,2024-09-10T10:36:55Z,AP7,
E8098,Make Payment,2024-09-10T10:36:57Z,AP4,
E7001,Receive Invoice,2024-09-10T10:37:57Z,AP7,
E3284,Make Payment,2024-09-10T10:38:54Z,AP1,
E7959,Receive Invoice,2024-09-10T10:38:57Z,AP6,
E8106,Three-way Match - Successful,2024-09-10T10:38:57Z,AP8,
E1901,Make Payment,2024-09-10T10:39:54Z,AP1,
E5844,Receive Invoice,2024-09-10T10:39:56Z,AP7,
E6369,Three-way Match - Successful,2024-09-10T10:39:56Z,AP10,
E173,Make Payment,2024-09-10T10:40:53Z,AP9,
E1788,Three-way Match - Successful,2024-09-10T10:40:54Z,AP2,
E2793,Receive Invoice,2024-09-10T10:40:54Z,AP2,
E7111,Receive Invoice,2024-09-10T10:40:57Z,AP9,
E7624,Make Payment,2024-09-10T10:41:57Z,AP1,
E8207,Three-way Match - Successful,2024-09-10T10:41:57Z,AP10,
E1582,Three-way Match - Successful,2024-09-10T10:42:54Z,AP6,
E8179,Receive Invoice,2024-09-10T10:42:57Z,AP3,
E3760,Make Payment,2024-09-10T10:43:55Z,AP1,
E5222,Three-way Match - Successful,2024-09-10T10:43:56Z,AP4,
E5368,Three-way Match - Successful,2024-09-10T10:44:56Z,AP4,
E6350,Receive Invoice,2024-09-10T10:44:56Z,AP6,
E7002,Three-way Match - Successful,2024-09-10T10:44:57Z,AP5,
E980,Three-way Match - Successful,2024-09-10T10:47:53Z,AP4,
E1346,Three-way Match - Successful,2024-09-10T10:47:53Z,AP10,
E5553,Receive Invoice,2024-09-10T10:48:56Z,AP8,
E8180,Three-way Match - Successful,2024-09-10T10:49:57Z,AP1,
E1400,Three-way Match - Successful,2024-09-10T10:50:53Z,AP4,
E5508,Receive Invoice,2024-09-10T10:51:56Z,AP1,
E6258,Make Payment,2024-09-10T10:51:56Z,AP6,
E2530,Receive Invoice,2024-09-10T10:52:54Z,AP1,
E6940,Make Payment,2024-09-10T10:52:57Z,AP9,
E7546,Receive Invoice,2024-09-10T10:52:57Z,AP1,
E1601,Make Payment,2024-09-10T10:53:54Z,AP5,
E7225,Receive Invoice,2024-09-10T10:53:57Z,AP5,
E1203,Make Payment,2024-09-10T10:56:53Z,AP4,
E2068,Make Payment,2024-09-10T10:56:54Z,AP4,
E4911,Make Payment,2024-09-10T10:56:55Z,AP5,
E6247,Receive Invoice,2024-09-10T10:56:56Z,AP4,
E6485,Receive Invoice,2024-09-10T10:56:56Z,AP6,
E6539,Receive Invoice,2024-09-10T10:56:56Z,AP9,
E5909,Make Payment,2024-09-10T10:59:56Z,AP2,
E6029,Three-way Match - Successful,2024-09-10T10:59:56Z,AP10,
E7960,Three-way Match - Successful,2024-09-10T10:59:57Z,AP6,
E5010,Receive Invoice,2024-09-10T11:00:55Z,AP7,
E5140,Make Payment,2024-09-10T11:01:55Z,AP6,
E4080,Three-way Match - Successful,2024-09-10T11:02:55Z,AP5,
E5845,Three-way Match - Successful,2024-09-10T11:03:56Z,AP10,
E6351,Three-way Match - Successful,2024-09-10T11:03:56Z,AP7,
E1437,Make Payment,2024-09-10T11:04:53Z,AP3,
E1881,Receive Invoice,2024-09-10T11:04:54Z,AP3,
E1891,Three-way Match - Successful,2024-09-10T11:04:54Z,AP2,
E5340,Receive Invoice,2024-09-10T11:04:56Z,AP6,
E6716,Receive Invoice,2024-09-10T11:04:56Z,AP9,
E4842,Receive Invoice,2024-09-10T11:05:55Z,AP5,
E5554,Three-way Match - Successful,2024-09-10T11:05:56Z,AP9,
E7348,Make Payment,2024-09-10T11:05:57Z,AP3,
E7112,Three-way Match - Successful,2024-09-10T11:06:57Z,AP5,
E7182,Make Payment,2024-09-10T11:06:57Z,AP1,
E4862,Make Payment,2024-09-10T11:07:55Z,AP7,
E5752,Make Payment,2024-09-10T11:07:56Z,AP7,
E8051,Make Payment,2024-09-10T11:07:57Z,AP10,
E7735,Three-way Match - Successful,2024-09-10T11:08:57Z,AP10,
E5040,Three-way Match - Successful,2024-09-10T11:09:55Z,AP1,
E6296,Make Payment,2024-09-10T11:09:56Z,AP4,
E1328,Three-way Match - Successful,2024-09-10T11:10:53Z,AP1,
E6717,Three-way Match - Successful,2024-09-10T11:10:56Z,AP8,
E2808,Make Payment,2024-09-10T11:11:54Z,AP1,
E5509,Three-way Match - Mismatch Found,2024-09-10T11:11:56Z,AP6,
E4400,Receive Invoice,2024-09-10T11:12:55Z,AP9,
E8024,Make Payment,2024-09-10T11:12:57Z,AP3,
E36,Make Payment,2024-09-10T11:13:53Z,AP7,
E1908,Receive Invoice,2024-09-10T11:13:54Z,AP3,
E574,Three-way Match - Successful,2024-09-10T11:14:53Z,AP8,
E1537,Three-way Match - Successful,2024-09-10T11:14:54Z,AP1,
E7383,Three-way Match - Successful,2024-09-10T11:14:57Z,AP3,
E7492,Make Payment,2024-09-10T11:14:57Z,AP8,
E1882,Three-way Match - Successful,2024-09-10T11:15:54Z,AP5,
E5351,Make Payment,2024-09-10T11:15:56Z,AP4,
E8143,Make Payment,2024-09-10T11:15:57Z,AP9,
E3228,Make Payment,2024-09-10T11:17:54Z,AP7,
E5003,Make Payment,2024-09-10T11:18:55Z,AP7,
E6577,Make Payment,2024-09-10T11:18:56Z,AP7,
E1635,Receive Invoice,2024-09-10T11:20:54Z,AP3,
E2363,Three-way Match - Successful,2024-09-10T11:20:54Z,AP10,
E6763,Make Payment,2024-09-10T11:20:56Z,AP3,
E2512,Receive Invoice,2024-09-10T11:21:54Z,AP7,
E3292,Three-way Match - Mismatch Found,2024-09-10T11:21:54Z,AP4,
E4786,Receive Invoice,2024-09-10T11:21:55Z,AP6,
E3120,Make Payment,2024-09-10T11:22:54Z,AP7,
E1383,Make Payment,2024-09-10T11:24:53Z,AP8,
E7077,Make Payment,2024-09-10T11:24:57Z,AP5,
E1338,Make Payment,2024-09-10T11:25:53Z,AP1,
E4303,Make Payment,2024-09-10T11:25:55Z,AP1,
E1194,Make Payment,2024-09-10T11:26:53Z,AP1,
E7095,Make Payment,2024-09-10T11:26:57Z,AP9,
E6984,Three-way Match - Successful,2024-09-10T11:28:57Z,AP10,
E7772,Make Payment,2024-09-10T11:28:57Z,AP7,
E7547,Three-way Match - Successful,2024-09-10T11:29:57Z,AP6,
E4256,Receive Invoice,2024-09-10T11:30:55Z,AP2,
E6486,Three-way Match - Successful,2024-09-10T11:30:56Z,AP3,
E4545,Three-way Match - Mismatch Found,2024-09-10T11:31:55Z,AP2,
E5059,Make Payment,2024-09-10T11:31:55Z,AP1,
E2531,Three-way Match - Mismatch Found,2024-09-10T11:32:54Z,AP8,
E2794,Three-way Match - Successful,2024-09-10T11:33:54Z,AP8,
E6248,Three-way Match - Mismatch Found,2024-09-10T11:34:56Z,AP10,
E4257,Three-way Match - Successful,2024-09-10T11:35:55Z,AP5,
E5032,Make Payment,2024-09-10T11:37:55Z,AP3,
E164,Make Payment,2024-09-10T11:38:53Z,AP4,
E1212,Make Payment,2024-09-10T11:38:53Z,AP6,
E3596,Make Payment,2024-09-10T11:39:55Z,AP2,
E5341,Three-way Match - Successful,2024-09-10T11:41:56Z,AP6,
E7226,Three-way Match - Successful,2024-09-10T11:42:57Z,AP5,
E375,Make Payment,2024-09-10T11:45:53Z,AP6,
E7997,Make Payment,2024-09-10T11:45:57Z,AP8,
E4438,Make Payment,2024-09-10T11:46:55Z,AP6,
E7012,Make Payment,2024-09-10T11:47:57Z,AP7,
E1628,Make Payment,2024-09-10T11:49:54Z,AP2,
E5302,Receive Invoice,2024-09-10T11:50:56Z,AP1,
E6597,Make Payment,2024-09-10T11:51:56Z,AP1,
E8058,Receive Invoice,2024-09-10T11:51:57Z,AP2,
E3084,Make Payment,2024-09-10T11:53:54Z,AP3,
E5761,Make Payment,2024-09-10T11:53:56Z,AP9,
E6540,Three-way Match - Successful,2024-09-10T11:53:56Z,AP4,
E530,Make Payment,2024-09-10T11:54:53Z,AP3,
E1909,Three-way Match - Successful,2024-09-10T11:57:54Z,AP3,
E4401,Three-way Match - Successful,2024-09-10T11:57:55Z,AP5,
E4843,Three-way Match - Successful,2024-09-10T11:57:55Z,AP7,
E3821,Receive Invoice,2024-09-10T11:58:55Z,AP4,
E5011,Three-way Match - Mismatch Found,2024-09-10T11:59:55Z,AP7,
E1636,Three-way Match - Successful,2024-09-10T12:00:54Z,AP9,
E2837,Make Payment,2024-09-10T12:00:54Z,AP4,
E4873,Make Payment,2024-09-10T12:00:55Z,AP1,
E308,Make Payment,2024-09-10T12:02:53Z,AP9,
E2373,Make Payment,2024-09-10T12:02:54Z,AP8,
E2513,Three-way Match - Successful,2024-09-10T12:04:54Z,AP1,
E5122,Make Payment,2024-09-10T12:07:55Z,AP2,
E7916,Make Payment,2024-09-10T12:10:57Z,AP1,
E557,Make Payment,2024-09-10T12:11:53Z,AP5,
E5303,Three-way Match - Mismatch Found,2024-09-10T12:15:56Z,AP6,
E8125,Make Payment,2024-09-10T12:17:57Z,AP2,
E4787,Three-way Match - Successful,2024-09-10T12:19:55Z,AP6,
E1939,Make Payment,2024-09-10T12:22:54Z,AP6,
E8059,Three-way Match - Successful,2024-09-10T12:36:57Z,AP6,
E8172,Make Payment,2024-09-10T12:46:57Z,AP10,
E912,Make Payment,2024-09-10T12:47:53Z,AP8,
E3822,Three-way Match - Successful,2024-09-10T12:54:55Z,AP6,
E638,Make Payment,2024-09-11T09:51:53Z,AP5,
E4126,Make Payment,2024-09-11T09:53:55Z,AP3,
E7245,Make Payment,2024-09-11T09:53:57Z,AP3,
E1026,Make Payment,2024-09-11T10:02:53Z,AP8,
E4685,Make Payment,2024-09-11T10:07:55Z,AP6,
E3183,Make Payment,2024-09-11T10:08:54Z,AP3,
E3688,Make Payment,2024-09-11T10:08:55Z,AP7,
E4667,Make Payment,2024-09-11T10:10:55Z,AP8,
E6745,Make Payment,2024-09-11T10:11:56Z,AP4,
E6124,Make Payment,2024-09-11T10:12:56Z,AP3,
E5584,Make Payment,2024-09-11T10:24:56Z,AP10,
E5405,Make Payment,2024-09-11T10:28:56Z,AP5,
E45,Make Payment,2024-09-11T10:31:53Z,AP1,
E2864,Make Payment,2024-09-11T10:31:54Z,AP3,
E3524,Make Payment,2024-09-11T10:31:55Z,AP4,
E1167,Make Payment,2024-09-11T10:32:53Z,AP7,
E4117,Make Payment,2024-09-11T10:33:55Z,AP7,
E155,Make Payment,2024-09-11T10:34:53Z,AP9,
E1502,Make Payment,2024-09-11T10:34:54Z,AP5,
E7447,Make Payment,2024-09-11T10:35:57Z,AP10,
E8042,Make Payment,2024-09-11T10:35:57Z,AP2,
E6039,Make Payment,2024-09-11T10:36:56Z,AP1,
E6222,Make Payment,2024-09-11T10:37:56Z,AP5,
E972,Make Payment,2024-09-11T10:39:53Z,AP3,
E344,Make Payment,2024-09-11T10:41:53Z,AP5,
E8208,Make Payment,2024-09-11T10:41:57Z,AP4,
E7557,Make Payment,2024-09-11T10:49:57Z,AP1,
E4806,Make Payment,2024-09-11T10:50:55Z,AP5,
E7059,Make Payment,2024-09-11T10:50:57Z,AP3,
E2079,Make Payment,2024-09-11T10:53:54Z,AP3,
E6644,Make Payment,2024-09-11T10:54:56Z,AP4,
E6783,Make Payment,2024-09-11T10:54:56Z,AP4,
E2492,Make Payment,2024-09-11T10:56:54Z,AP1,
E2624,Make Payment,2024-09-11T10:56:54Z,AP9,
E3147,Make Payment,2024-09-11T10:56:54Z,AP3,
E4249,Make Payment,2024-09-11T10:56:55Z,AP7,
E299,Make Payment,2024-09-11T10:58:53Z,AP10,
E4276,Make Payment,2024-09-11T10:58:55Z,AP3,
E6736,Make Payment,2024-09-11T10:58:56Z,AP2,
E191,Make Payment,2024-09-11T10:59:53Z,AP7,
E6030,Make Payment,2024-09-11T10:59:56Z,AP6,
E7961,Make Payment,2024-09-11T10:59:57Z,AP9,
E1574,Make Payment,2024-09-11T11:01:54Z,AP9,
E4766,Make Payment,2024-09-11T11:01:55Z,AP9,
E2945,Make Payment,2024-09-11T11:02:54Z,AP4,
E6801,Make Payment,2024-09-11T11:02:56Z,AP4,
E8273,Make Payment,2024-09-11T11:03:57Z,AP5,
E7041,Make Payment,2024-09-11T11:04:57Z,AP10,
E2243,Make Payment,2024-09-11T11:06:54Z,AP10,
E1055,Make Payment,2024-09-11T11:07:53Z,AP7,
E2337,Make Payment,2024-09-11T11:08:54Z,AP6,
E4108,Make Payment,2024-09-11T11:08:55Z,AP10,
E1919,Make Payment,2024-09-11T11:09:54Z,AP7,
E3257,Make Payment,2024-09-11T11:09:54Z,AP7,
E4348,Make Payment,2024-09-11T11:09:55Z,AP8,
E7781,Make Payment,2024-09-11T11:10:57Z,AP6,
E6700,Make Payment,2024-09-11T11:11:56Z,AP7,
E3832,Make Payment,2024-09-11T11:13:55Z,AP5,
E7384,Make Payment,2024-09-11T11:14:57Z,AP3,
E7889,Make Payment,2024-09-11T11:15:57Z,AP7,
E5378,Make Payment,2024-09-11T11:17:56Z,AP2,
E2021,Make Payment,2024-09-11T11:18:54Z,AP10,
E7086,Make Payment,2024-09-11T11:20:57Z,AP2,
E602,Make Payment,2024-09-11T11:21:53Z,AP7,
E4191,Make Payment,2024-09-11T11:22:55Z,AP1,
E4797,Make Payment,2024-09-11T11:23:55Z,AP6,
E1266,Make Payment,2024-09-11T11:25:53Z,AP6,
E3814,Make Payment,2024-09-11T11:25:55Z,AP1,
E4200,Make Payment,2024-09-11T11:26:55Z,AP9,
E2483,Make Payment,2024-09-11T11:30:54Z,AP9,
E7790,Make Payment,2024-09-11T11:33:57Z,AP2,
E6249,Make Payment,2024-09-11T11:34:56Z,AP2,
E4384,Make Payment,2024-09-11T11:37:55Z,AP3,
E7330,Make Payment,2024-09-11T11:37:57Z,AP8,
E1248,Make Payment,2024-09-11T11:38:53Z,AP5,
E7411,Make Payment,2024-09-11T11:38:57Z,AP4,
E4229,Make Payment,2024-09-11T11:41:55Z,AP10,
E5669,Make Payment,2024-09-11T11:41:56Z,AP4,
E3796,Make Payment,2024-09-11T11:43:55Z,AP1,
E4564,Make Payment,2024-09-11T11:43:55Z,AP3,
E6505,Make Payment,2024-09-11T11:46:56Z,AP8,
E7512,Make Payment,2024-09-11T11:50:57Z,AP2,
E3697,Make Payment,2024-09-11T11:57:55Z,AP1,
E3724,Make Payment,2024-09-11T11:57:55Z,AP5,
E4402,Make Payment,2024-09-11T11:57:55Z,AP1,
E4844,Make Payment,2024-09-11T11:57:55Z,AP5,
E2447,Make Payment,2024-09-11T11:58:54Z,AP4,
E3661,Make Payment,2024-09-11T11:58:55Z,AP1,
E5432,Make Payment,2024-09-11T11:58:56Z,AP4,
E4209,Make Payment,2024-09-11T12:06:55Z,AP5,
E7745,Make Payment,2024-09-11T12:08:57Z,AP6,
E6287,Make Payment,2024-09-11T12:11:56Z,AP7,
E7501,Make Payment,2024-09-11T12:15:57Z,AP9,
E4853,Make Payment,2024-09-11T12:49:55Z,AP6,
E5573,Make Payment,2024-09-12T09:47:56Z,AP1,
E954,Make Payment,2024-09-12T09:50:53Z,AP6,
E2846,Make Payment,2024-09-12T09:50:54Z,AP7,
E7862,Make Payment,2024-09-12T09:52:57Z,AP3,
E3439,Make Payment,2024-09-12T09:58:55Z,AP2,
E3102,Make Payment,2024-09-12T10:00:54Z,AP5,
E6523,Make Payment,2024-09-12T10:05:56Z,AP1,
E2577,Make Payment,2024-09-12T10:07:54Z,AP10,
E7274,Make Payment,2024-09-12T10:08:57Z,AP5,
E2768,Make Payment,2024-09-12T10:11:54Z,AP9,
E1856,Make Payment,2024-09-12T10:13:54Z,AP4,
E393,Make Payment,2024-09-12T10:16:53Z,AP5,
E8282,Make Payment,2024-09-12T10:18:57Z,AP4,
E6361,Make Payment,2024-09-12T10:22:56Z,AP2,
E2965,Make Payment,2024-09-12T10:26:54Z,AP6,
E6653,Make Payment,2024-09-12T10:26:56Z,AP8,
E2474,Make Payment,2024-09-12T10:30:54Z,AP2,
E72,Make Payment,2024-09-12T10:33:53Z,AP9,
E5819,Make Payment,2024-09-12T10:33:56Z,AP9,
E5689,Make Payment,2024-09-12T10:37:56Z,AP1,
E6370,Make Payment,2024-09-12T10:39:56Z,AP10,
E1185,Make Payment,2024-09-12T10:41:53Z,AP1,
E254,Make Payment,2024-09-12T10:42:53Z,AP8,
E7003,Make Payment,2024-09-12T10:44:57Z,AP6,
E9,Make Payment,2024-09-12T10:45:53Z,AP3,
E1838,Make Payment,2024-09-12T10:45:54Z,AP4,
E2436,Make Payment,2024-09-12T10:45:54Z,AP10,
E3466,Make Payment,2024-09-12T10:45:55Z,AP9,
E981,Make Payment,2024-09-12T10:47:53Z,AP2,
E8181,Make Payment,2024-09-12T10:49:57Z,AP6,
E3066,Make Payment,2024-09-12T10:51:54Z,AP5,
E7465,Make Payment,2024-09-12T10:54:57Z,AP10,
E3457,Make Payment,2024-09-12T10:58:55Z,AP3,
E6913,Make Payment,2024-09-12T11:00:56Z,AP4,
E5743,Make Payment,2024-09-12T11:04:56Z,AP6,
E7736,Make Payment,2024-09-12T11:08:57Z,AP3,
E3931,Make Payment,2024-09-12T11:09:55Z,AP1,
E4721,Make Payment,2024-09-12T11:09:55Z,AP9,
E963,Make Payment,2024-09-12T11:11:53Z,AP9,
E6278,Make Payment,2024-09-12T11:13:56Z,AP8,
E1592,Make Payment,2024-09-12T11:15:54Z,AP5,
E3201,Make Payment,2024-09-12T11:18:54Z,AP9,
E2115,Make Payment,2024-09-12T11:22:54Z,AP6,
E3365,Make Payment,2024-09-12T11:24:54Z,AP1,
E5468,Make Payment,2024-09-12T11:24:56Z,AP8,
E1798,Make Payment,2024-09-12T11:25:54Z,AP9,
E7754,Make Payment,2024-09-12T11:25:57Z,AP9,
E566,Make Payment,2024-09-12T11:26:53Z,AP1,
E1374,Make Payment,2024-09-12T11:27:53Z,AP2,
E1977,Make Payment,2024-09-12T11:29:54Z,AP5,
E7548,Make Payment,2024-09-12T11:29:57Z,AP5,
E5196,Make Payment,2024-09-12T11:32:56Z,AP10,
E3311,Make Payment,2024-09-12T11:36:54Z,AP5,
E7799,Make Payment,2024-09-12T11:36:57Z,AP5,
E858,Make Payment,2024-09-12T11:37:53Z,AP4,
E5167,Make Payment,2024-09-12T11:38:56Z,AP9,
E2382,Make Payment,2024-09-12T11:41:54Z,AP8,
E4411,Make Payment,2024-09-12T11:41:55Z,AP8,
E4647,Make Payment,2024-09-12T11:41:55Z,AP10,
E1865,Make Payment,2024-09-12T11:43:54Z,AP3,
E3987,Make Payment,2024-09-12T11:44:55Z,AP5,
E411,Make Payment,2024-09-12T11:47:53Z,AP10,
E3506,Make Payment,2024-09-12T11:47:55Z,AP7,
E2162,Make Payment,2024-09-12T11:48:54Z,AP10,
E3787,Make Payment,2024-09-12T11:48:55Z,AP3,
E4005,Make Payment,2024-09-12T11:48:55Z,AP7,
E620,Make Payment,2024-09-12T11:50:53Z,AP5,
E8152,Make Payment,2024-09-12T11:52:57Z,AP2,
E6541,Make Payment,2024-09-12T11:53:56Z,AP3,
E81,Make Payment,2024-09-12T11:54:53Z,AP10,
E3623,Make Payment,2024-09-12T11:55:55Z,AP7,
E584,Make Payment,2024-09-12T11:59:53Z,AP7,
E2633,Make Payment,2024-09-12T12:01:54Z,AP2,
E5304,Make Payment,2024-09-12T12:15:56Z,AP7,
E1511,Make Payment,2024-09-12T12:19:54Z,AP1,
E4833,Make Payment,2024-09-12T12:20:55Z,AP10,
E3940,Make Payment,2024-09-12T13:11:55Z,AP2,
E272,Make Payment,2024-09-13T09:33:53Z,AP9,
E3374,Make Payment,2024-09-13T09:39:54Z,AP10,
E7566,Make Payment,2024-09-13T09:43:57Z,AP10,
E2642,Make Payment,2024-09-13T09:50:54Z,AP7,
E7808,Make Payment,2024-09-13T09:53:57Z,AP7,
E5113,Make Payment,2024-09-13T10:02:55Z,AP5,
E7068,Make Payment,2024-09-13T10:03:57Z,AP5,
E7200,Make Payment,2024-09-13T10:03:57Z,AP2,
E8190,Make Payment,2024-09-13T10:17:57Z,AP10,
E1948,Make Payment,2024-09-13T10:20:54Z,AP9,
E3430,Make Payment,2024-09-13T10:26:55Z,AP6,
E6617,Make Payment,2024-09-13T10:26:56Z,AP7,
E818,Make Payment,2024-09-13T10:31:53Z,AP1,
E6709,Make Payment,2024-09-13T10:33:56Z,AP1,
E6095,Make Payment,2024-09-13T10:36:56Z,AP8,
E2465,Make Payment,2024-09-13T10:37:54Z,AP6,
E3093,Make Payment,2024-09-13T10:37:54Z,AP6,
E3385,Make Payment,2024-09-13T10:39:55Z,AP7,
E3578,Make Payment,2024-09-13T10:43:55Z,AP4,
E1347,Make Payment,2024-09-13T10:47:53Z,AP5,
E1675,Make Payment,2024-09-13T10:48:54Z,AP2,
E5810,Make Payment,2024-09-13T10:48:56Z,AP9,
E218,Make Payment,2024-09-13T10:49:53Z,AP1,
E4456,Make Payment,2024-09-13T10:51:55Z,AP8,
E4627,Make Payment,2024-09-13T10:54:55Z,AP1,
E227,Make Payment,2024-09-13T10:55:53Z,AP10,
E384,Make Payment,2024-09-13T10:56:53Z,AP9,
E5945,Make Payment,2024-09-13T10:56:56Z,AP1,
E4366,Make Payment,2024-09-13T10:57:55Z,AP9,
E2568,Make Payment,2024-09-13T11:00:54Z,AP9,
E3165,Make Payment,2024-09-13T11:03:54Z,AP10,
E3742,Make Payment,2024-09-13T11:04:55Z,AP9,
E4173,Make Payment,2024-09-13T11:04:55Z,AP10,
E2106,Make Payment,2024-09-13T11:05:54Z,AP1,
E6886,Make Payment,2024-09-13T11:05:56Z,AP10,
E4967,Make Payment,2024-09-13T11:08:55Z,AP4,
E2615,Make Payment,2024-09-13T11:10:54Z,AP7,
E2207,Make Payment,2024-09-13T11:12:54Z,AP4,
E7615,Make Payment,2024-09-13T11:12:57Z,AP3,
E2198,Make Payment,2024-09-13T11:13:54Z,AP8,
E6949,Make Payment,2024-09-13T11:13:57Z,AP3,
E575,Make Payment,2024-09-13T11:14:53Z,AP1,
E1538,Make Payment,2024-09-13T11:14:54Z,AP10,
E6514,Make Payment,2024-09-13T11:14:56Z,AP10,
E7970,Make Payment,2024-09-13T11:14:57Z,AP9,
E5678,Make Payment,2024-09-13T11:17:56Z,AP8,
E8033,Make Payment,2024-09-13T11:17:57Z,AP2,
E7880,Make Payment,2024-09-13T11:18:57Z,AP9,
E6691,Make Payment,2024-09-13T11:19:56Z,AP9,
E3484,Make Payment,2024-09-13T11:20:55Z,AP2,
E6839,Make Payment,2024-09-13T11:23:56Z,AP3,
E2270,Make Payment,2024-09-13T11:25:54Z,AP3,
E5414,Make Payment,2024-09-13T11:25:56Z,AP9,
E8134,Make Payment,2024-09-13T11:28:57Z,AP4,
E1046,Make Payment,2024-09-13T11:30:53Z,AP10,
E3960,Make Payment,2024-09-13T11:30:55Z,AP1,
E6877,Make Payment,2024-09-13T11:33:56Z,AP4,
E5537,Make Payment,2024-09-13T11:36:56Z,AP6,
E7050,Make Payment,2024-09-13T11:36:57Z,AP2,
E8015,Make Payment,2024-09-13T11:39:57Z,AP3,
E1008,Make Payment,2024-09-13T11:40:53Z,AP8,
E611,Make Payment,2024-09-13T11:41:53Z,AP3,
E1037,Make Payment,2024-09-13T11:42:53Z,AP7,
E737,Make Payment,2024-09-13T11:45:53Z,AP1,
E2732,Make Payment,2024-09-13T11:48:54Z,AP9,
E5241,Make Payment,2024-09-13T11:54:56Z,AP7,
E782,Make Payment,2024-09-13T11:55:53Z,AP5,
E4429,Make Payment,2024-09-13T11:58:55Z,AP6,
E3338,Make Payment,2024-09-13T12:02:54Z,AP8,
E7375,Make Payment,2024-09-13T12:04:57Z,AP8,
E1017,Make Payment,2024-09-13T12:05:53Z,AP10,
E6772,Make Payment,2024-09-13T12:05:56Z,AP10,
E1475,Make Payment,2024-09-13T12:11:54Z,AP10,
E1693,Make Payment,2024-09-13T12:17:54Z,AP9,
E943,Make Payment,2024-09-13T12:27:53Z,AP3,
E429,Make Payment,2024-09-13T12:30:53Z,AP2,
E3996,Make Payment,2024-09-13T12:41:55Z,AP3,
E1275,Make Payment,2024-09-14T09:03:53Z,AP5,
E3706,Make Payment,2024-09-14T09:24:55Z,AP6,
E2261,Make Payment,2024-09-14T09:51:54Z,AP8,
E5501,Make Payment,2024-09-14T09:57:56Z,AP4,
E2660,Make Payment,2024-09-14T09:59:54Z,AP10,
E4748,Make Payment,2024-09-14T10:01:55Z,AP9,
E6469,Make Payment,2024-09-14T10:01:56Z,AP8,
E3057,Make Payment,2024-09-14T10:06:54Z,AP5,
E7171,Make Payment,2024-09-14T10:06:57Z,AP8,
E7988,Make Payment,2024-09-14T10:07:57Z,AP9,
E6682,Make Payment,2024-09-14T10:08:56Z,AP10,
E4375,Make Payment,2024-09-14T10:09:55Z,AP10,
E8069,Make Payment,2024-09-14T10:09:57Z,AP7,
E6931,Make Payment,2024-09-14T10:10:57Z,AP2,
E2891,Make Payment,2024-09-14T10:12:54Z,AP6,
E1073,Make Payment,2024-09-14T10:13:53Z,AP3,
E2144,Make Payment,2024-09-14T10:13:54Z,AP4,
E5333,Make Payment,2024-09-14T10:19:56Z,AP4,
E200,Make Payment,2024-09-14T10:21:53Z,AP2,
E764,Make Payment,2024-09-14T10:21:53Z,AP4,
E6727,Make Payment,2024-09-14T10:21:56Z,AP4,
E1455,Make Payment,2024-09-14T10:23:53Z,AP10,
E3210,Make Payment,2024-09-14T10:26:54Z,AP6,
E2400,Make Payment,2024-09-14T10:27:54Z,AP6,
E7236,Make Payment,2024-09-14T10:30:57Z,AP9,
E1726,Make Payment,2024-09-14T10:31:54Z,AP1,
E3769,Make Payment,2024-09-14T10:31:55Z,AP8,
E4036,Make Payment,2024-09-14T10:31:55Z,AP9,
E7153,Make Payment,2024-09-14T10:32:57Z,AP9,
E7718,Make Payment,2024-09-14T10:32:57Z,AP2,
E6568,Make Payment,2024-09-14T10:34:56Z,AP10,
E6922,Make Payment,2024-09-14T10:34:57Z,AP8,
E3394,Make Payment,2024-09-14T10:35:55Z,AP6,
E7357,Make Payment,2024-09-14T10:36:57Z,AP1,
E5770,Make Payment,2024-09-14T10:38:56Z,AP9,
E1789,Make Payment,2024-09-14T10:40:54Z,AP7,
E3219,Make Payment,2024-09-14T10:41:54Z,AP8,
E999,Make Payment,2024-09-14T10:42:53Z,AP3,
E7539,Make Payment,2024-09-14T10:44:57Z,AP7,
E665,Make Payment,2024-09-14T10:45:53Z,AP6,
E7321,Make Payment,2024-09-14T10:46:57Z,AP9,
E6106,Make Payment,2024-09-14T10:47:56Z,AP3,
E3475,Make Payment,2024-09-14T10:48:55Z,AP3,
E6994,Make Payment,2024-09-14T10:49:57Z,AP9,
E18,Make Payment,2024-09-14T10:51:53Z,AP1,
E3448,Make Payment,2024-09-14T10:51:55Z,AP8,
E7817,Make Payment,2024-09-14T10:52:57Z,AP8,
E2234,Make Payment,2024-09-14T10:53:54Z,AP4,
E3778,Make Payment,2024-09-14T10:53:55Z,AP4,
E5259,Make Payment,2024-09-14T10:54:56Z,AP2,
E7393,Make Payment,2024-09-14T10:54:57Z,AP2,
E6857,Make Payment,2024-09-14T10:57:56Z,AP6,
E90,Make Payment,2024-09-14T10:58:53Z,AP4,
E1556,Make Payment,2024-09-14T10:58:54Z,AP6,
E4090,Make Payment,2024-09-14T10:59:55Z,AP5,
E6195,Make Payment,2024-09-14T10:59:56Z,AP1,
E7209,Make Payment,2024-09-14T10:59:57Z,AP2,
E4146,Make Payment,2024-09-14T11:01:55Z,AP8,
E5149,Make Payment,2024-09-14T11:01:56Z,AP7,
E5640,Make Payment,2024-09-14T11:01:56Z,AP1,
E2050,Make Payment,2024-09-14T11:02:54Z,AP2,
E3913,Make Payment,2024-09-14T11:04:55Z,AP9,
E5205,Make Payment,2024-09-14T11:05:56Z,AP1,
E2882,Make Payment,2024-09-14T11:08:54Z,AP9,
E4519,Make Payment,2024-09-14T11:08:55Z,AP3,
E3715,Make Payment,2024-09-14T11:09:55Z,AP2,
E1329,Make Payment,2024-09-14T11:10:53Z,AP6,
E6718,Make Payment,2024-09-14T11:10:56Z,AP10,
E5651,Make Payment,2024-09-14T11:11:56Z,AP9,
E1684,Make Payment,2024-09-14T11:13:54Z,AP8,
E1158,Make Payment,2024-09-14T11:15:53Z,AP1,
E5050,Make Payment,2024-09-14T11:16:55Z,AP4,
E4182,Make Payment,2024-09-14T11:21:55Z,AP7,
E1708,Make Payment,2024-09-14T11:23:54Z,AP2,
E2786,Make Payment,2024-09-14T11:26:54Z,AP2,
E5613,Make Payment,2024-09-14T11:26:56Z,AP5,
E3542,Make Payment,2024-09-14T11:28:55Z,AP10,
E3670,Make Payment,2024-09-14T11:28:55Z,AP6,
E5387,Make Payment,2024-09-14T11:33:56Z,AP2,
E5528,Make Payment,2024-09-14T11:37:56Z,AP5,
E3587,Make Payment,2024-09-14T11:39:55Z,AP4,
E1464,Make Payment,2024-09-14T11:40:53Z,AP9,
E5799,Make Payment,2024-09-14T11:41:56Z,AP4,
E5158,Make Payment,2024-09-14T11:42:56Z,AP1,
E126,Make Payment,2024-09-14T11:45:53Z,AP10,
E521,Make Payment,2024-09-14T11:52:53Z,AP3,
E4920,Make Payment,2024-09-14T11:52:55Z,AP7,
E4501,Make Payment,2024-09-14T11:53:55Z,AP10,
E5707,Make Payment,2024-09-14T11:56:56Z,AP7,
E3569,Make Payment,2024-09-14T11:57:55Z,AP4,
E7402,Make Payment,2024-09-14T12:08:57Z,AP1,
E1753,Make Payment,2024-09-14T12:09:54Z,AP1,
E4573,Make Payment,2024-09-14T12:12:55Z,AP8,
E108,Make Payment,2024-09-14T12:15:53Z,AP10,
E1619,Make Payment,2024-09-14T12:15:54Z,AP6,
E2088,Make Payment,2024-09-14T12:16:54Z,AP6,
E5985,Make Payment,2024-09-14T12:16:56Z,AP9,
E5927,Make Payment,2024-09-14T12:24:56Z,AP9,
E1230,Make Payment,2024-09-14T12:35:53Z,AP6,
E7429,Make Payment,2024-09-14T13:03:57Z,AP8,
E2391,Make Payment,2024-09-14T13:09:54Z,AP7,
E539,Make Payment,2024-09-15T09:36:53Z,AP5,
E934,Make Payment,2024-09-15T09:38:53Z,AP6,
E7898,Make Payment,2024-09-15T09:54:57Z,AP9,
E5423,Make Payment,2024-09-15T10:03:56Z,AP7,
E3652,Make Payment,2024-09-15T10:06:55Z,AP5,
E2974,Make Payment,2024-09-15T10:08:54Z,AP8,
E8246,Make Payment,2024-09-15T10:08:57Z,AP1,
E3641,Make Payment,2024-09-15T10:09:55Z,AP7,
E2456,Make Payment,2024-09-15T10:12:54Z,AP9,
E6810,Make Payment,2024-09-15T10:13:56Z,AP6,
E2288,Make Payment,2024-09-15T10:15:54Z,AP4,
E4072,Make Payment,2024-09-15T10:18:55Z,AP2,
E6478,Make Payment,2024-09-15T10:19:56Z,AP7,
E6586,Make Payment,2024-09-15T10:20:56Z,AP3,
E7474,Make Payment,2024-09-15T10:23:57Z,AP10,
E7483,Make Payment,2024-09-15T10:23:57Z,AP7,
E2606,Make Payment,2024-09-15T10:27:54Z,AP7,
E5725,Make Payment,2024-09-15T10:32:56Z,AP7,
E6424,Make Payment,2024-09-15T10:35:56Z,AP4,
E2032,Make Payment,2024-09-15T10:37:54Z,AP4,
E593,Make Payment,2024-09-15T10:45:53Z,AP4,
E7700,Make Payment,2024-09-15T10:45:57Z,AP3,
E3886,Make Payment,2024-09-15T10:49:55Z,AP3,
E1657,Make Payment,2024-09-15T10:52:54Z,AP3,
E1874,Make Payment,2024-09-15T10:59:54Z,AP1,
E746,Make Payment,2024-09-15T11:00:53Z,AP2,
E3533,Make Payment,2024-09-15T11:00:55Z,AP10,
E5068,Make Payment,2024-09-15T11:00:55Z,AP9,
E5295,Make Payment,2024-09-15T11:02:56Z,AP9,
E2550,Make Payment,2024-09-15T11:03:54Z,AP9,
E3495,Make Payment,2024-09-15T11:03:55Z,AP7,
E5077,Make Payment,2024-09-15T11:03:55Z,AP6,
E474,Make Payment,2024-09-15T11:05:53Z,AP7,
E3075,Make Payment,2024-09-15T11:09:54Z,AP7,
E8199,Make Payment,2024-09-15T11:10:57Z,AP5,
E245,Make Payment,2024-09-15T11:11:53Z,AP9,
E1827,Make Payment,2024-09-15T11:11:54Z,AP1,
E5510,Make Payment,2024-09-15T11:11:56Z,AP5,
E6343,Make Payment,2024-09-15T11:11:56Z,AP9,
E1091,Make Payment,2024-09-15T11:12:53Z,AP1,
E6021,Make Payment,2024-09-15T11:15:56Z,AP5,
E4447,Make Payment,2024-09-15T11:17:55Z,AP1,
E3969,Make Payment,2024-09-15T11:19:55Z,AP2,
E2723,Make Payment,2024-09-15T11:23:54Z,AP6,
E7826,Make Payment,2024-09-15T11:23:57Z,AP1,
E2310,Make Payment,2024-09-15T11:26:54Z,AP4,
E7763,Make Payment,2024-09-15T11:27:57Z,AP8,
E990,Make Payment,2024-09-15T11:28:53Z,AP4,
E263,Make Payment,2024-09-15T11:30:53Z,AP9,
E2696,Make Payment,2024-09-15T11:31:54Z,AP1,
E4546,Make Payment,2024-09-15T11:31:55Z,AP10,
E2795,Make Payment,2024-09-15T11:33:54Z,AP4,
E1565,Make Payment,2024-09-15T11:36:54Z,AP5,
E4618,Make Payment,2024-09-15T11:37:55Z,AP5,
E4676,Make Payment,2024-09-15T11:37:55Z,AP10,
E7586,Make Payment,2024-09-15T11:37:57Z,AP7,
E6406,Make Payment,2024-09-15T11:40:56Z,AP8,
E4591,Make Payment,2024-09-15T11:42:55Z,AP4,
E2501,Make Payment,2024-09-15T11:45:54Z,AP6,
E728,Make Payment,2024-09-15T11:46:53Z,AP7,
E5315,Make Payment,2024-09-15T11:48:56Z,AP10,
E5882,Make Payment,2024-09-15T11:48:56Z,AP8,
E5967,Make Payment,2024-09-15T11:50:56Z,AP9,
E2171,Make Payment,2024-09-15T11:51:54Z,AP7,
E2180,Make Payment,2024-09-15T11:51:54Z,AP1,
E2983,Make Payment,2024-09-15T11:54:54Z,AP4,
E7032,Make Payment,2024-09-15T11:56:57Z,AP3,
E4555,Make Payment,2024-09-15T11:57:55Z,AP10,
E7312,Make Payment,2024-09-15T11:58:57Z,AP9,
E2346,Make Payment,2024-09-15T12:02:54Z,AP10,
E4474,Make Payment,2024-09-15T12:03:55Z,AP1,
E7635,Make Payment,2024-09-15T12:05:57Z,AP8,
E656,Make Payment,2024-09-15T12:11:53Z,AP1,
E1493,Make Payment,2024-09-15T12:12:54Z,AP4,
E7104,Make Payment,2024-09-15T12:14:57Z,AP10,
E2427,Make Payment,2024-09-15T12:30:54Z,AP1,
E4976,Make Payment,2024-09-15T12:48:55Z,AP2,
E7420,Make Payment,2024-09-16T09:42:57Z,AP1,
E7979,Make Payment,2024-09-16T09:46:57Z,AP1,
E719,Make Payment,2024-09-16T09:50:53Z,AP1,
E2714,Make Payment,2024-09-16T09:54:54Z,AP9,
E4027,Make Payment,2024-09-16T09:54:55Z,AP8,
E402,Make Payment,2024-09-16T10:04:53Z,AP4,
E6325,Make Payment,2024-09-16T10:05:56Z,AP5,
E7844,Make Payment,2024-09-16T10:05:57Z,AP8,
E5450,Make Payment,2024-09-16T10:14:56Z,AP7,
E692,Make Payment,2024-09-16T10:15:53Z,AP1,
E7438,Make Payment,2024-09-16T10:19:57Z,AP4,
E4947,Make Payment,2024-09-16T10:21:55Z,AP8,
E3733,Make Payment,2024-09-16T10:23:55Z,AP6,
E5734,Make Payment,2024-09-16T10:24:56Z,AP5,
E494,Make Payment,2024-09-16T10:28:53Z,AP6,
E5286,Make Payment,2024-09-16T10:33:56Z,AP5,
E6048,Make Payment,2024-09-16T10:34:56Z,AP9,
E4994,Make Payment,2024-09-16T10:38:55Z,AP6,
E2355,Make Payment,2024-09-16T10:39:54Z,AP9,
E99,Make Payment,2024-09-16T10:40:53Z,AP10,
E7162,Make Payment,2024-09-16T10:40:57Z,AP5,
E7662,Make Payment,2024-09-16T10:42:57Z,AP9,
E5837,Make Payment,2024-09-16T10:43:56Z,AP1,
E5546,Make Payment,2024-09-16T10:44:56Z,AP6,
E629,Make Payment,2024-09-16T10:46:53Z,AP6,
E3515,Make Payment,2024-09-16T10:46:55Z,AP1,
E6819,Make Payment,2024-09-16T10:52:56Z,AP4,
E2595,Make Payment,2024-09-16T10:54:54Z,AP10,
E3850,Make Payment,2024-09-16T10:55:55Z,AP8,
E4609,Make Payment,2024-09-16T10:55:55Z,AP7,
E3868,Make Payment,2024-09-16T10:56:55Z,AP5,
E3877,Make Payment,2024-09-16T10:56:55Z,AP5,
E3421,Make Payment,2024-09-16T10:57:55Z,AP4,
E5779,Make Payment,2024-09-16T10:59:56Z,AP8,
E6314,Make Payment,2024-09-16T11:00:56Z,AP3,
E8089,Make Payment,2024-09-16T11:00:57Z,AP4,
E6077,Make Payment,2024-09-16T11:03:56Z,AP5,
E1892,Make Payment,2024-09-16T11:04:54Z,AP2,
E674,Make Payment,2024-09-16T11:05:53Z,AP1,
E1529,Make Payment,2024-09-16T11:05:54Z,AP2,
E7853,Make Payment,2024-09-16T11:11:57Z,AP4,
E6305,Make Payment,2024-09-16T11:20:56Z,AP6,
E3293,Make Payment,2024-09-16T11:21:54Z,AP3,
E548,Make Payment,2024-09-16T11:23:53Z,AP3,
E903,Make Payment,2024-09-16T11:23:53Z,AP5,
E5622,Make Payment,2024-09-16T11:24:56Z,AP9,
E3841,Make Payment,2024-09-16T11:25:55Z,AP4,
E6985,Make Payment,2024-09-16T11:28:57Z,AP1,
E7595,Make Payment,2024-09-16T11:31:57Z,AP10,
E3605,Make Payment,2024-09-16T11:32:55Z,AP2,
E2225,Make Payment,2024-09-16T11:33:54Z,AP7,
E1129,Make Payment,2024-09-16T11:34:53Z,AP7,
E4258,Make Payment,2024-09-16T11:35:55Z,AP8,
E838,Make Payment,2024-09-16T11:37:53Z,AP2,
E4938,Make Payment,2024-09-16T11:37:55Z,AP2,
E2669,Make Payment,2024-09-16T11:38:54Z,AP10,
E5342,Make Payment,2024-09-16T11:41:56Z,AP4,
E512,Make Payment,2024-09-16T11:42:53Z,AP7,
E5250,Make Payment,2024-09-16T11:42:56Z,AP5,
E6532,Make Payment,2024-09-16T11:43:56Z,AP6,
E800,Make Payment,2024-09-16T11:44:53Z,AP8,
E6003,Make Payment,2024-09-16T11:45:56Z,AP9,
E7871,Make Payment,2024-09-16T11:46:57Z,AP8,
E2012,Make Payment,2024-09-16T11:47:54Z,AP5,
E8300,Make Payment,2024-09-16T11:49:57Z,AP1,
E4054,Make Payment,2024-09-16T11:52:55Z,AP10,
E5864,Make Payment,2024-09-16T11:54:56Z,AP2,
E2909,Make Payment,2024-09-16T11:55:54Z,AP3,
E4312,Make Payment,2024-09-16T11:55:55Z,AP3,
E7131,Make Payment,2024-09-16T11:58:57Z,AP7,
E5918,Make Payment,2024-09-16T12:02:56Z,AP10,
E2514,Make Payment,2024-09-16T12:04:54Z,AP8,
E2819,Make Payment,2024-09-16T12:06:54Z,AP5,
E4220,Make Payment,2024-09-16T12:16:55Z,AP7,
E2900,Make Payment,2024-09-16T12:18:54Z,AP1,
E465,Make Payment,2024-09-16T12:19:53Z,AP3,
E1356,Make Payment,2024-09-16T12:25:53Z,AP1,
E4694,Make Payment,2024-09-16T12:36:55Z,AP4,
E2153,Make Payment,2024-09-17T09:43:54Z,AP9,
E4285,Make Payment,2024-09-17T09:52:55Z,AP4,
E182,Make Payment,2024-09-17T09:59:53Z,AP8,
E8219,Make Payment,2024-09-17T10:00:57Z,AP8,
E7577,Make Payment,2024-09-17T10:10:57Z,AP5,
E2041,Make Payment,2024-09-17T10:15:54Z,AP7,
E6848,Make Payment,2024-09-17T10:20:56Z,AP8,
E3246,Make Payment,2024-09-17T10:23:54Z,AP2,
E7301,Make Payment,2024-09-17T10:28:57Z,AP6,
E4321,Make Payment,2024-09-17T10:30:55Z,AP5,
E3012,Make Payment,2024-09-17T10:33:54Z,AP7,
E6186,Make Payment,2024-09-17T10:34:56Z,AP3,
E6388,Make Payment,2024-09-17T10:36:56Z,AP9,
E5483,Make Payment,2024-09-17T10:41:56Z,AP1,
E1410,Make Payment,2024-09-17T10:42:53Z,AP3,
E1583,Make Payment,2024-09-17T10:42:54Z,AP6,
E5223,Make Payment,2024-09-17T10:43:56Z,AP8,
E4815,Make Payment,2024-09-17T10:45:55Z,AP4,
E6115,Make Payment,2024-09-17T10:45:56Z,AP6,
E4929,Make Payment,2024-09-17T10:48:55Z,AP8,
E5788,Make Payment,2024-09-17T10:48:56Z,AP5,
E6626,Make Payment,2024-09-17T10:49:56Z,AP10,
E54,Make Payment,2024-09-17T10:54:53Z,AP3,
E1735,Make Payment,2024-09-17T10:54:54Z,AP3,
E4045,Make Payment,2024-09-17T10:54:55Z,AP8,
E7653,Make Payment,2024-09-17T10:54:57Z,AP3,
E1780,Make Payment,2024-09-17T10:55:54Z,AP1,
E701,Make Payment,2024-09-17T11:02:53Z,AP9,
E2918,Make Payment,2024-09-17T11:02:54Z,AP2,
E6352,Make Payment,2024-09-17T11:03:56Z,AP8,
E2523,Make Payment,2024-09-17T11:05:54Z,AP10,
E4164,Make Payment,2024-09-17T11:05:55Z,AP2,
E146,Make Payment,2024-09-17T11:06:53Z,AP4,
E7113,Make Payment,2024-09-17T11:06:57Z,AP8,
E4294,Make Payment,2024-09-17T11:08:55Z,AP3,
E1771,Make Payment,2024-09-17T11:09:54Z,AP7,
E3320,Make Payment,2024-09-17T11:09:54Z,AP1,
E2992,Make Payment,2024-09-17T11:16:54Z,AP9,
E3048,Make Payment,2024-09-17T11:21:54Z,AP4,
E5324,Make Payment,2024-09-17T11:24:56Z,AP7,
E5086,Make Payment,2024-09-17T11:26:55Z,AP8,
E5716,Make Payment,2024-09-17T11:29:56Z,AP1,
E6177,Make Payment,2024-09-17T11:32:56Z,AP7,
E7671,Make Payment,2024-09-17T11:32:57Z,AP6,
E2216,Make Payment,2024-09-17T11:34:54Z,AP6,
E6057,Make Payment,2024-09-17T11:34:56Z,AP3,
E6334,Make Payment,2024-09-17T11:34:56Z,AP4,
E3895,Make Payment,2024-09-17T11:36:55Z,AP4,
E7218,Make Payment,2024-09-17T11:37:57Z,AP3,
E3751,Make Payment,2024-09-17T11:40:55Z,AP6,
E5519,Make Payment,2024-09-17T11:40:56Z,AP9,
E1320,Make Payment,2024-09-17T11:42:53Z,AP7,
E8080,Make Payment,2024-09-17T11:42:57Z,AP7,
E4730,Make Payment,2024-09-17T11:45:55Z,AP6,
E1120,Make Payment,2024-09-17T11:49:53Z,AP9,
E4884,Make Payment,2024-09-17T11:50:55Z,AP6,
E3302,Make Payment,2024-09-17T11:54:54Z,AP5,
E4018,Make Payment,2024-09-17T11:58:55Z,AP7,
E4788,Make Payment,2024-09-17T12:19:55Z,AP9,
E2418,Make Payment,2024-09-17T12:46:54Z,AP5,
E6379,Make Payment,2024-09-17T13:04:56Z,AP3,
E326,Make Payment,2024-09-18T09:54:53Z,AP9,
E4893,Make Payment,2024-09-18T09:56:55Z,AP5,
E4739,Make Payment,2024-09-18T10:13:55Z,AP1,
E1957,Make Payment,2024-09-18T10:24:54Z,AP3,
E7934,Make Payment,2024-09-18T10:34:57Z,AP5,
E6204,Make Payment,2024-09-18T10:36:56Z,AP8,
E5131,Make Payment,2024-09-18T10:39:55Z,AP9,
E4956,Make Payment,2024-09-18T10:45:55Z,AP5,
E1401,Make Payment,2024-09-18T10:50:53Z,AP8,
E3805,Make Payment,2024-09-18T10:52:55Z,AP7,
E5564,Make Payment,2024-09-18T11:00:56Z,AP7,
E4135,Make Payment,2024-09-18T11:01:55Z,AP8,
E1284,Make Payment,2024-09-18T11:03:53Z,AP1,
E5846,Make Payment,2024-09-18T11:03:56Z,AP6,
E876,Make Payment,2024-09-18T11:06:53Z,AP9,
E2097,Make Payment,2024-09-18T11:07:54Z,AP5,
E6559,Make Payment,2024-09-18T11:09:56Z,AP3,
E4393,Make Payment,2024-09-18T11:11:55Z,AP9,
E6012,Make Payment,2024-09-18T11:13:56Z,AP4,
E1883,Make Payment,2024-09-18T11:15:54Z,AP5,
E6397,Make Payment,2024-09-18T11:30:56Z,AP9,
E1666,Make Payment,2024-09-18T11:43:54Z,AP1,
E7521,Make Payment,2024-09-18T11:43:57Z,AP10,
E2954,Make Payment,2024-09-18T11:44:54Z,AP6,
E1910,Make Payment,2024-09-18T11:57:54Z,AP2,
E8255,Make Payment,2024-09-18T12:21:57Z,AP7,
E6895,Make Payment,2024-09-18T12:23:56Z,AP4,
E5828,Make Payment,2024-09-18T12:37:56Z,AP1,
E3823,Make Payment,2024-09-18T12:54:55Z,AP9,
E3922,Make Payment,2024-09-19T10:10:55Z,AP8,
E2299,Make Payment,2024-09-19T10:23:54Z,AP10,
E6792,Make Payment,2024-09-19T10:24:56Z,AP6,
E7644,Make Payment,2024-09-19T10:26:57Z,AP7,
E2741,Make Payment,2024-09-19T10:29:54Z,AP10,
E8107,Make Payment,2024-09-19T10:38:57Z,AP1,
E4099,Make Payment,2024-09-19T10:49:55Z,AP10,
E4081,Make Payment,2024-09-19T11:02:55Z,AP7,
E5698,Make Payment,2024-09-19T11:02:56Z,AP8,
E135,Make Payment,2024-09-19T11:04:53Z,AP8,
E2409,Make Payment,2024-09-19T11:05:54Z,AP8,
E5555,Make Payment,2024-09-19T11:05:56Z,AP4,
E5041,Make Payment,2024-09-19T11:09:55Z,AP6,
E2651,Make Payment,2024-09-19T11:10:54Z,AP6,
E3412,Make Payment,2024-09-19T11:12:55Z,AP1,
E5855,Make Payment,2024-09-19T11:22:56Z,AP9,
E4492,Make Payment,2024-09-19T11:28:55Z,AP2,
E1930,Make Payment,2024-09-19T11:31:54Z,AP2,
E7292,Make Payment,2024-09-19T11:31:57Z,AP4,
E7227,Make Payment,2024-09-19T11:42:57Z,AP5,
E7943,Make Payment,2024-09-19T11:53:57Z,AP10,
E5012,Make Payment,2024-09-19T11:59:55Z,AP1,
E2936,Make Payment,2024-09-19T12:20:54Z,AP8,
E5214,Make Payment,2024-09-19T12:43:56Z,AP3,
E5369,Make Payment,2024-09-20T10:44:56Z,AP2,
E2364,Make Payment,2024-09-20T11:20:54Z,AP6,
E6487,Make Payment,2024-09-20T11:30:56Z,AP4,
E2532,Make Payment,2024-09-20T11:32:54Z,AP8,
E1637,Make Payment,2024-09-20T12:00:54Z,AP10,
E8060,Make Payment,2024-09-20T12:36:57Z,AP8,
