event_id,object_id,qualifier
E264,PR31,None
E531,PR63,None
E2244,PR272,None
E2280,PR276,None
E2504,PR304,None
E2598,PR316,None
E2796,PR338,None
E4127,PR496,None
E4230,PR509,None
E6297,PR762,None
E6335,PR767,None
E7331,PR887,None
E8016,PR967,None
E612,PR72,None
E666,PR78,None
E1056,PR126,None
E1848,PR221,None
E1902,PR227,None
E2042,PR248,None
E2392,PR290,None
E2475,PR300,None
E2937,PR356,None
E3058,PR371,None
E3103,PR376,None
E3797,PR457,None
E5132,PR617,None
E5307,PR638,None
E5325,PR640,None
E5388,PR647,None
E5643,PR680,None
E5892,PR710,None
E6058,PR730,None
E6858,PR829,None
E7022,PR848,None
E7475,PR903,None
E7890,PR953,None
E7953,PR960,None
E127,PR15,None
E309,PR36,None
E585,PR69,None
E2089,PR254,None
E2136,PR260,None
E2505,PR304,None
E2578,PR313,None
E4659,PR559,None
E5123,PR616,None
E5442,PR653,None
E6187,PR749,None
E6270,PR759,None
E6589,PR796,None
E6932,PR838,None
E8007,PR966,None
E37,PR5,None
E156,PR19,None
E850,PR100,None
E1177,PR141,None
E1980,PR238,None
E1991,PR240,None
E2118,PR258,None
E2163,PR263,None
E2190,PR266,None
E2679,PR325,None
E2957,PR359,None
E3303,PR399,None
E4502,PR540,None
E5493,PR661,None
E5576,PR671,None
E5937,PR715,None
E5948,PR717,None
E6067,PR731,None
E7549,PR912,None
E7569,PR915,None
E7971,PR962,None
E711,PR83,None
E1339,PR159,None
E1736,PR207,None
E2901,PR352,None
E3049,PR370,None
E3112,PR377,None
E3404,PR411,None
E3698,PR446,None
E3869,PR465,None
E4183,PR503,None
E4874,PR586,None
E5096,PR613,None
E5150,PR619,None
E5159,PR620,None
E5215,PR627,None
E5361,PR644,None
E6160,PR746,None
E7340,PR888,None
E7836,PR947,None
E8099,PR977,None
E19,PR3,None
E109,PR13,None
E1494,PR177,None
E1676,PR198,None
E2946,PR357,None
E3040,PR369,None
E3467,PR418,None
E3534,PR427,None
E3644,PR440,None
E3952,PR475,None
E4156,PR500,None
E4466,PR536,None
E4948,PR595,None
E7412,PR896,None
E7567,PR914,None
E7755,PR938,None
E7791,PR942,None
E8100,PR977,None
E1,PR1,None
E1213,PR145,None
E1340,PR159,None
E1993,PR241,None
E3050,PR370,None
E3431,PR414,None
E3642,PR439,None
E4778,PR573,None
E6098,PR736,None
E6232,PR754,None
E6470,PR782,None
E7349,PR889,None
E8200,PR989,None
E8238,PR994,None
E8292,PR1000,None
E2145,PR261,None
E3348,PR404,None
E3860,PR464,None
E5326,PR640,None
E5415,PR650,None
E5502,PR662,None
E6425,PR777,None
E6802,PR822,None
E7013,PR847,None
E8108,PR978,None
E991,PR118,None
E1781,PR212,None
E2347,PR285,None
E3059,PR371,None
E3157,PR382,None
E3193,PR386,None
E4367,PR525,None
E4503,PR540,None
E5362,PR644,None
E5556,PR668,None
E5802,PR700,None
E6004,PR724,None
E6068,PR731,None
E6196,PR750,None
E6914,PR836,None
E7143,PR863,None
E7625,PR922,None
E7800,PR943,None
E255,PR30,None
E430,PR51,None
E630,PR74,None
E830,PR97,None
E1065,PR127,None
E1186,PR142,None
E1249,PR149,None
E1285,PR153,None
E1694,PR200,None
E2958,PR359,None
E3148,PR381,None
E5015,PR604,None
E5216,PR627,None
E5679,PR684,None
E5874,PR708,None
E5986,PR722,None
E6107,PR737,None
E8182,PR987,None
E926,PR110,None
E1357,PR161,None
E1799,PR214,None
E1810,PR216,None
E2262,PR274,None
E2919,PR354,None
E3487,PR421,None
E3833,PR461,None
E4475,PR537,None
E5033,PR606,None
E5105,PR614,None
E6140,PR743,None
E7141,PR862,None
E7154,PR865,None
E7163,PR866,None
E7266,PR879,None
E7413,PR896,None
E7746,PR937,None
E310,PR36,None
E1476,PR175,None
E1718,PR205,None
E1982,PR239,None
E2289,PR277,None
E2300,PR279,None
E2428,PR294,None
E2634,PR320,None
E3175,PR384,None
E3294,PR398,None
E3543,PR428,None
E3597,PR434,None
E3699,PR446,None
E3761,PR453,None
E4769,PR572,None
E4930,PR593,None
E5078,PR611,None
E6022,PR726,None
E6040,PR728,None
E6151,PR745,None
E6380,PR772,None
E6416,PR776,None
E6663,PR805,None
E6728,PR813,None
E6793,PR821,None
E7014,PR847,None
E7192,PR870,None
E7430,PR898,None
E7944,PR959,None
E8183,PR987,None
E1667,PR197,None
E1811,PR216,None
E1949,PR233,None
E4277,PR515,None
E4448,PR534,None
E4704,PR564,None
E5397,PR648,None
E6087,PR734,None
E6654,PR804,None
E7051,PR852,None
E7069,PR854,None
E8283,PR999,None
E532,PR63,None
E756,PR88,None
E1866,PR223,None
E2199,PR267,None
E2253,PR273,None
E2271,PR275,None
E2348,PR285,None
E3366,PR406,None
E4109,PR494,None
E4798,PR576,None
E4977,PR599,None
E5097,PR613,None
E5511,PR663,None
E5708,PR688,None
E6078,PR733,None
E6268,PR758,None
E6315,PR764,None
E6326,PR766,None
E7917,PR956,None
E8239,PR994,None
E265,PR31,None
E394,PR47,None
E675,PR79,None
E693,PR81,None
E747,PR87,None
E1420,PR168,None
E1700,PR203,None
E2119,PR258,None
E2733,PR331,None
E3395,PR410,None
E3525,PR426,None
E4028,PR485,None
E4340,PR522,None
E4439,PR533,None
E4705,PR564,None
E5451,PR654,None
E5762,PR694,None
E5865,PR707,None
E6069,PR732,None
E6214,PR752,None
E6269,PR758,None
E7132,PR861,None
E7654,PR926,None
E7728,PR935,None
E7809,PR944,None
E7980,PR963,None
E8034,PR969,None
E8135,PR981,None
E157,PR19,None
E327,PR38,None
E2883,PR350,None
E3267,PR395,None
E3561,PR430,None
E3725,PR449,None
E4082,PR491,None
E5224,PR628,None
E5565,PR669,None
E5632,PR678,None
E6488,PR784,None
E311,PR630,None
E311,PR961,None
E311,PR36,None
E311,PO6416,None
E1321,PR157,None
E1992,PR240,None
E2071,PR252,None
E3184,PR385,None
E4713,PR565,None
E4986,PR600,None
E5416,PR650,None
E5433,PR652,None
E5452,PR654,None
E6719,PR812,None
E6869,PR831,None
E7193,PR870,None
E7502,PR906,None
E7531,PR910,None
E237,PR28,None
E300,PR35,None
E964,PR115,None
E1322,PR157,None
E2208,PR268,None
E2217,PR269,None
E2401,PR291,None
E2865,PR348,None
E3220,PR389,None
E3449,PR416,None
E3615,PR436,None
E3923,PR471,None
E4259,PR513,None
E4440,PR533,None
E4583,PR549,None
E4749,PR569,None
E4767,PR571,None
E4894,PR589,None
E5069,PR610,None
E5260,PR632,None
E5574,PR670,None
E5690,PR686,None
E5735,PR691,None
E5949,PR717,None
E6461,PR781,None
E7133,PR861,None
E7145,PR864,None
E8274,PR998,None
E128,PR15,None
E944,PR112,None
E1159,PR139,None
E2069,PR251,None
E2311,PR281,None
E4241,PR511,None
E4731,PR567,None
E4987,PR600,None
E5406,PR649,None
E5893,PR710,None
E6127,PR740,None
E6506,PR786,None
E7201,PR871,None
E7267,PR879,None
E7431,PR898,None
E7881,PR952,None
E7918,PR956,None
E174,PR21,None
E1267,PR151,None
E1375,PR163,None
E2466,PR299,None
E2670,PR324,None
E2966,PR360,None
E3386,PR409,None
E3516,PR425,None
E3579,PR432,None
E4174,PR502,None
E4511,PR541,None
E5603,PR674,None
E5605,PR675,None
E5644,PR680,None
E5699,PR687,None
E6161,PR746,None
E6627,PR801,None
E6701,PR810,None
E6775,PR819,None
E6986,PR844,None
E7134,PR878,None
E7134,PR861,None
E7134,PO8255,None
E7219,PR873,None
E7313,PR885,None
E7439,PR899,None
E7756,PR938,None
E110,PR13,None
E448,PR53,None
E586,PR69,None
E684,PR80,None
E922,PR108,None
E1018,PR121,None
E1658,PR196,None
E1719,PR205,None
E1727,PR206,None
E1737,PR207,None
E1893,PR226,None
E2569,PR312,None
E2874,PR349,None
E3422,PR413,None
E3689,PR445,None
E3997,PR480,None
E4493,PR539,None
E5494,PR661,None
E6317,PR765,None
E6609,PR799,None
E6674,PR807,None
E6692,PR809,None
E6831,PR826,None
E6941,PR839,None
E7570,PR915,None
E7616,PR921,None
E118,PR14,None
E924,PR109,None
E1150,PR138,None
E1222,PR146,None
E1994,PR241,None
E2493,PR302,None
E2715,PR329,None
E2724,PR330,None
E3645,PR440,None
E3700,PR446,None
E3700,PO289,None
E4512,PR541,None
E5034,PR606,None
E5352,PR643,None
E5811,PR701,None
E6215,PR752,None
E7172,PR867,None
E7194,PR870,None
E7194,PO586,None
E7314,PR885,None
E7350,PR889,None
E7484,PR904,None
E7672,PR928,None
E7926,PR957,None
E1047,PR125,None
E1429,PR169,None
E1602,PR189,None
E2146,PR261,None
E2263,PR274,None
E2599,PR316,None
E3022,PR367,None
E3051,PR370,None
E3051,PO2247,None
E3367,PR406,None
E3633,PR438,None
E4484,PR538,None
E4650,PR558,None
E4865,PR585,None
E5343,PR642,None
E6636,PR802,None
E7587,PR917,None
E7801,PR943,None
E859,PR101,None
E927,PR110,None
E1808,PR215,None
E2181,PR265,None
E3130,PR379,None
E3166,PR383,None
E3734,PR450,None
E4601,PR551,None
E5529,PR665,None
E5575,PR670,None
E5709,PR688,None
E6152,PR745,None
E6452,PR780,None
E6915,PR836,None
E7033,PR850,None
E7493,PR905,None
E7872,PR951,None
E8043,PR970,None
E8240,PR826,None
E8240,PR687,None
E8240,PR949,None
E8240,PR273,None
E8240,PR16,None
E8240,PR994,None
E8240,PO393,None
E38,PR5,None
E91,PR11,None
E403,PR48,None
E712,PR83,None
E1178,PR141,None
E1268,PR151,None
E1447,PR171,None
E2098,PR255,None
E2291,PR278,None
E2680,PR325,None
E3113,PR377,None
E3276,PR396,None
E3662,PR442,None
E3770,PR454,None
E4322,PR520,None
E4732,PR567,None
E5042,PR607,None
E6241,PR755,None
E6306,PR763,None
E6489,PR784,None
E7504,PR907,None
E7673,PR928,None
E7683,PR930,None
E8017,PR967,None
E376,PR45,None
E877,PR103,None
E1130,PR135,None
E1231,PR147,None
E1366,PR162,None
E1566,PR185,None
E2116,PR257,None
E2959,PR522,None
E2959,PR359,None
E2959,PO5649,None
E3312,PR400,None
E3526,PR426,None
E3535,PR427,None
E3634,PR438,None
E3914,PR470,None
E4232,PR510,None
E4504,PR540,None
E4504,PO124,None
E5278,PR634,None
E5744,PR692,None
E5938,PR715,None
E7174,PR868,None
E7228,PR874,None
E7376,PR892,None
E7403,PR895,None
E7540,PR911,None
E175,PR21,None
E667,PR78,None
E1066,PR127,None
E1698,PR202,None
E1812,PR216,None
E1812,PO9276,None
E1983,PR239,None
E2117,PR257,None
E2393,PR290,None
E2533,PR308,None
E2551,PR310,None
E2579,PR313,None
E2829,PR344,None
E3716,PR448,None
E3752,PR452,None
E4073,PR490,None
E4212,PR507,None
E4260,PR513,None
E4789,PR575,None
E5004,PR602,None
E5417,PR650,None
E5417,PO6,None
E5453,PR654,None
E5453,PO8236,None
E5838,PR704,None
E5995,PR723,None
E6490,PR784,None
E6490,PO6133,None
E6710,PR811,None
E6720,PR812,None
E7284,PR881,None
E7802,PR943,None
E7802,PO9690,None
E7891,PR953,None
E7998,PR965,None
E356,PR42,None
E533,PR63,None
E533,PO177,None
E639,PR75,None
E1048,PR125,None
E1160,PR139,None
E1195,PR143,None
E1495,PR177,None
E1521,PR180,None
E2457,PR298,None
E2542,PR309,None
E2596,PR315,None
E2643,PR321,None
E2706,PR328,None
E3432,PR414,None
E3680,PR444,None
E4807,PR577,None
E4895,PR589,None
E5024,PR605,None
E5141,PR618,None
E5168,PR621,None
E5471,PR657,None
E5503,PR662,None
E5681,PR685,None
E5957,PR718,None
E6598,PR797,None
E6840,PR827,None
E7024,PR849,None
E7070,PR854,None
E7358,PR890,None
E7710,PR933,None
E8025,PR968,None
E8275,PR998,None
E138,PR17,None
E621,PR73,None
E925,PR109,None
E1038,PR124,None
E1168,PR140,None
E1269,PR656,None
E1269,PR138,None
E1269,PR151,None
E1269,PO4448,None
E1584,PR187,None
E1745,PR208,None
E1830,PR219,None
E1884,PR225,None
E2127,PR259,None
E2172,PR264,None
E2394,PR429,None
E2394,PR372,None
E2394,PR290,None
E2394,PO4725,None
E2616,PR318,None
E2838,PR345,None
E3247,PR392,None
E3349,PR404,None
E3375,PR407,None
E4648,PR557,None
E5424,PR651,None
E5434,PR652,None
E5473,PR658,None
E5652,PR681,None
E6618,PR800,None
E7737,PR936,None
E7810,PR944,None
E8136,PR981,None
E839,PR98,None
E1057,PR126,None
E1204,PR144,None
E1393,PR165,None
E1402,PR166,None
E1659,PR196,None
E2120,PR373,None
E2120,PR535,None
E2120,PR258,None
E2120,PO612,None
E2154,PR262,None
E2254,PR273,None
E2320,PR282,None
E2356,PR286,None
E2467,PR299,None
E3544,PR428,None
E4037,PR486,None
E4520,PR542,None
E4639,PR556,None
E4896,PR161,None
E4896,PR292,None
E4896,PR724,None
E4896,PR534,None
E4896,PR550,None
E4896,PR589,None
E4896,PO5406,None
E5051,PR608,None
E5484,PR660,None
E5495,PR661,None
E5495,PO8733,None
E6784,PR820,None
E6923,PR837,None
E6968,PR842,None
E7015,PR774,None
E7015,PR798,None
E7015,PR358,None
E7015,PR847,None
E7015,PO839,None
E7052,PR852,None
E7060,PR853,None
E7195,PO586,None
E7367,PR891,None
E923,PR108,None
E928,PR110,None
E928,PO314,None
E1303,PR155,None
E1367,PR162,None
E1620,PR191,None
E1995,PR242,None
E2051,PR249,None
E2245,PR272,None
E2349,PR285,None
E2349,PO9056,None
E2439,PR296,None
E2502,PR303,None
E2734,PR331,None
E2742,PR332,None
E2787,PR337,None
E2820,PR343,None
E2892,PR351,None
E3450,PR416,None
E3824,PR460,None
E4331,PR521,None
E4412,PR530,None
E4758,PR570,None
E4885,PR588,None
E4949,PR595,None
E5726,PR690,None
E5958,PR718,None
E6088,PR734,None
E6702,PR810,None
E6878,PR832,None
E7578,PR916,None
E7645,PR925,None
E7899,PR954,None
E246,PR29,None
E1394,PR165,None
E1699,PR202,None
E1754,PR209,None
E1978,PR237,None
E2506,PR305,None
E2821,PR343,None
E3606,PR435,None
E3707,PR447,None
E4029,PR485,None
E4630,PR555,None
E4768,PR571,None
E4959,PR597,None
E4995,PR601,None
E5188,PR624,None
E5566,PR669,None
E5968,PR720,None
E6041,PR728,None
E6362,PR770,None
E6737,PR814,None
E7004,PR846,None
E7293,PR882,None
E7513,PR908,None
E192,PR23,None
E210,PR25,None
E336,PR39,None
E567,PR67,None
E1027,PR122,None
E1074,PR128,None
E1112,PR133,None
E1828,PR218,None
E2024,PR246,None
E2697,PR327,None
E2707,PR328,None
E3031,PR368,None
E3440,PR415,None
E3624,PR437,None
E3646,PR394,None
E3646,PR380,None
E3646,PR19,None
E3646,PR143,None
E3646,PR288,None
E3646,PR440,None
E3646,PO6962,None
E4055,PR488,None
E4574,PR548,None
E4740,PR568,None
E4950,PR35,None
E4950,PR761,None
E4950,PR732,None
E4950,PR263,None
E4950,PR165,None
E4950,PR595,None
E4950,PO7062,None
E5013,PR603,None
E5079,PR611,None
E5206,PR626,None
E5435,PR894,None
E5435,PR652,None
E5435,PO1799,None
E6099,PR736,None
E6250,PR756,None
E6336,PR767,None
E6637,PR802,None
E6645,PR803,None
E7123,PR860,None
E7255,PR877,None
E7568,PR914,None
E7663,PR927,None
E7692,PR931,None
E55,PR7,None
E631,PR74,None
E913,PR107,None
E1121,PR134,None
E1456,PR172,None
E1575,PR186,None
E1996,PR242,None
E2281,PR276,None
E2468,PR299,None
E2468,PO4715,None
E2652,PR322,None
E2938,PR356,None
E3238,PR391,None
E3851,PR463,None
E3905,PR469,None
E4147,PR499,None
E4261,PR662,None
E4261,PR378,None
E4261,PR858,None
E4261,PR782,None
E4261,PR570,None
E4261,PR513,None
E4261,PO8600,None
E4649,PR557,None
E5016,PR604,None
E5753,PR693,None
E5959,PR719,None
E6794,PR821,None
E6987,PR844,None
E7257,PR878,None
E7315,PR885,None
E7315,PO4659,None
E7854,PR949,None
E8144,PR982,None
E20,PR3,None
E1196,PR143,None
E1330,PR158,None
E1772,PR211,None
E1800,PR214,None
E1903,PR227,None
E1969,PR236,None
E2429,PR294,None
E2570,PR312,None
E4376,PR526,None
E4759,PR570,None
E4854,PR583,None
E4960,PR597,None
E5242,PR630,None
E5538,PR666,None
E5803,PR700,None
E5866,PR707,None
E6959,PR841,None
E7114,PR859,None
E7607,PR920,None
E377,PR45,None
E395,PR47,None
E466,PR55,None
E810,PR94,None
E1240,PR148,None
E1270,PO4448,None
E1465,PR173,None
E1649,PR195,None
E1701,PR203,None
E1782,PR212,None
E1960,PR235,None
E2182,PR265,None
E2698,PR327,None
E3239,PR391,None
E3570,PR431,None
E3762,PR453,None
E4019,PR484,None
E4091,PR492,None
E4231,PR509,None
E4313,PR519,None
E4403,PR529,None
E4863,PR584,None
E5197,PR625,None
E5269,PR633,None
E5539,PR666,None
E5577,PR671,None
E5594,PR673,None
E5623,PR677,None
E5633,PR678,None
E5847,PR705,None
E5950,PR209,None
E5950,PR242,None
E5950,PR488,None
E5950,PR717,None
E5950,PO2778,None
E6353,PR769,None
E6462,PR781,None
E6578,PR794,None
E6776,PR819,None
E6811,PR823,None
E7061,PR853,None
E8109,PR978,None
E8229,PR993,None
E46,PR6,None
E176,PR21,None
E176,PO2691,None
E475,PR56,None
E477,PR57,None
E534,PO177,None
E757,PR88,None
E946,PR113,None
E1548,PR183,None
E1738,PR207,None
E1738,PO9983,None
E2052,PR249,None
E2060,PR250,None
E2137,PR260,None
E2524,PR307,None
E2543,PR309,None
E2769,PR335,None
E2778,PR336,None
E3988,PR479,None
E4008,PR482,None
E4064,PR489,None
E4210,PR506,None
E4349,PR523,None
E4385,PR527,None
E5179,PR623,None
E5353,PR643,None
E5475,PR659,None
E6216,PR752,None
E6216,PO1124,None
E6407,PR775,None
E6803,PR822,None
E6988,PR248,None
E6988,PR940,None
E6988,PR844,None
E6988,PO3975,None
E7246,PR876,None
E7256,PR877,None
E7558,PR913,None
E7636,PR924,None
E7935,PR958,None
E7999,PR965,None
E8008,PR966,None
E8153,PR983,None
E82,PR10,None
E147,PR18,None
E603,PR71,None
E1101,PR131,None
E1122,PR134,None
E1448,PR171,None
E1512,PR179,None
E1668,PR197,None
E1885,PR225,None
E2053,PR914,None
E2053,PR790,None
E2053,PR96,None
E2053,PR249,None
E2053,PO2524,None
E2072,PR252,None
E2191,PR266,None
E2226,PR270,None
E2312,PR281,None
E2338,PR284,None
E2402,PR291,None
E2560,PR311,None
E2800,PR340,None
E2856,PR347,None
E3067,PR372,None
E3248,PR392,None
E3485,PR420,None
E3507,PR424,None
E3681,PR444,None
E4100,PR493,None
E4157,PR500,None
E4278,PR515,None
E4295,PR517,None
E4903,PR590,None
E5547,PR667,None
E6551,PR791,None
E6995,PR845,None
E7681,PR929,None
E8201,PR989,None
E367,PR44,None
E535,PO177,None
E535,Supplier45,None
E587,PR884,None
E587,PR354,None
E587,PR930,None
E587,PR778,None
E587,PR69,None
E587,PO4259,None
E1019,PR121,None
E1102,PR131,None
E1530,PR181,None
E1773,PR211,None
E2301,PR279,None
E2751,PR333,None
E2910,PR353,None
E3321,PR401,None
E4250,PR512,None
E4279,PR515,None
E4279,PO3635,None
E4286,PR516,None
E4394,PR528,None
E4457,PR535,None
E4631,PR555,None
E4741,PR568,None
E4875,PR586,None
E5060,PR609,None
E5106,PR614,None
E5469,PR656,None
E6013,PR725,None
E6259,PR757,None
E6533,PR789,None
E7042,PR851,None
E7919,PR956,None
E7919,PO5167,None
E8072,PR974,None
E148,PR18,None
E549,PR65,None
E1058,PR708,None
E1058,PR241,None
E1058,PR437,None
E1058,PR709,None
E1058,PR579,None
E1058,PR126,None
E1058,PO9493,None
E1139,PR136,None
E1232,PR147,None
E1286,PR153,None
E2013,PR244,None
E2272,PR275,None
E2292,PR278,None
E2534,PR308,None
E2847,PR346,None
E3468,PR418,None
E3616,PR436,None
E3753,PR452,None
E3887,PR467,None
E3906,PR469,None
E4165,PR501,None
E4430,PR532,None
E4628,PR554,None
E4770,PR572,None
E4780,PR574,None
E4799,PR576,None
E4886,PR588,None
E4931,PR593,None
E5107,PR614,None
E5107,PO542,None
E6251,PR756,None
E6693,PR809,None
E6859,PR829,None
E357,PR42,None
E729,PR85,None
E955,PR114,None
E1557,PR184,None
E1867,PR223,None
E2200,PR267,None
E2273,PR550,None
E2273,PR299,None
E2273,PR553,None
E2273,PR86,None
E2273,PR598,None
E2273,PR275,None
E2273,PO2566,None
E2437,PR295,None
E2884,PR350,None
E3076,PR373,None
E3121,PR378,None
E3249,PR393,None
E3743,PR451,None
E4118,PR495,None
E4148,PR499,None
E4280,PO3635,None
E4677,PR561,None
E4686,PR562,None
E4904,PR590,None
E4978,PR599,None
E5061,PR609,None
E5133,PR617,None
E5485,PR660,None
E5661,PR682,None
E6125,PR739,None
E6318,PR765,None
E6552,PR791,None
E6655,PR804,None
E7559,PR913,None
E7596,PR918,None
E7655,PR926,None
E8052,PR971,None
E136,PR16,None
E211,PR25,None
E228,PR27,None
E396,PR47,None
E396,PO5785,None
E476,PR56,None
E478,PR57,None
E513,PR61,None
E632,PR74,None
E632,PO2122,None
E828,PR96,None
E947,PR113,None
E1233,PR147,None
E1233,PO1909,None
E1790,PR213,None
E1958,PR234,None
E2760,PR334,None
E3023,PR367,None
E3085,PR374,None
E3304,PR399,None
E3413,PR412,None
E3545,PR673,None
E3545,PR664,None
E3545,PR428,None
E3545,PO2754,None
E4201,PR505,None
E4421,PR531,None
E4449,PR534,None
E4779,PR573,None
E4836,PR581,None
E4921,PR592,None
E4939,PR594,None
E5604,PR674,None
E5710,PR929,None
E5710,PR688,None
E5710,PO289,None
E6128,PR740,None
E6607,PR798,None
E7146,PR864,None
E7588,PR917,None
E7773,PR940,None
E7972,PR962,None
E8009,PR236,None
E8009,PR736,None
E8009,PR966,None
E8009,PO8340,None
E8256,PR996,None
E183,PR22,None
E201,PR24,None
E594,PR70,None
E720,PR84,None
E895,PR105,None
E982,PR117,None
E1467,PR174,None
E1593,PR188,None
E1819,PR217,None
E2681,PR894,None
E2681,PR238,None
E2681,PR325,None
E2681,PO1144,None
E2761,PR334,None
E2798,PR339,None
E2839,PR345,None
E3861,PR464,None
E4887,PR588,None
E4887,PO3040,None
E5261,PR632,None
E6116,PR738,None
E6610,PR799,None
E6804,PR143,None
E6804,PR771,None
E6804,PR822,None
E6804,PO2483,None
E6916,PR836,None
E6916,PO9291,None
E7173,PR867,None
E8081,PR975,None
E8090,PR976,None
E8211,PR991,None
E935,PR111,None
E1430,PR169,None
E1539,PR182,None
E1979,PR237,None
E2321,PR282,None
E2374,PR288,None
E2653,PR322,None
E2671,PR324,None
E2840,PR345,None
E2840,PO9668,None
E2975,PR361,None
E3104,PR376,None
E3701,PO289,None
E3798,PR457,None
E3878,PR466,None
E4575,PR548,None
E5142,PR618,None
E5287,PR635,None
E5791,PR698,None
E6327,PR766,None
E6560,PR792,None
E6569,PR793,None
E7005,PR846,None
E7719,PR934,None
E7803,PO9690,None
E8073,PR974,None
E219,PR26,None
E247,PR29,None
E282,PR33,None
E354,PR41,None
E738,PR86,None
E1009,PR120,None
E1020,PR121,None
E1020,PO2362,None
E1940,PR232,None
E2061,PR250,None
E2138,PR260,None
E2138,PO1847,None
E2329,PR283,None
E2383,PR289,None
E2743,PR332,None
E2770,PR335,None
E2799,PR339,None
E2955,PR358,None
E2993,PR363,None
E3240,PR391,None
E3240,PO8850,None
E3671,PR443,None
E4074,PR490,None
E4175,PR502,None
E4584,PR549,None
E4592,PR550,None
E4602,PR551,None
E5691,PR686,None
E5812,PR701,None
E5829,PR703,None
E6169,PR747,None
E7023,PR848,None
E7144,PR863,None
E7550,PR912,None
E7560,PR804,None
E7560,PR127,None
E7560,PR236,None
E7560,PR63,None
E7560,PR828,None
E7560,PR913,None
E7560,PO5224,None
E7656,PR461,None
E7656,PR521,None
E7656,PR926,None
E7656,PO9139,None
E7674,PR928,None
E7674,PO521,None
E7837,PR947,None
E8209,PR990,None
E165,PR20,None
E956,PR114,None
E1395,PR165,None
E1395,PO9552,None
E1922,PR230,None
E1970,PR236,None
E2365,PR287,None
E2484,PR301,None
E2841,PO9668,None
E3139,PR380,None
E3285,PR397,None
E3451,PR853,None
E3451,PR210,None
E3451,PR416,None
E3451,PO8925,None
E3771,PR454,None
E3815,PR459,None
E3970,PR477,None
E4136,PR497,None
E4706,PR564,None
E4706,PO941,None
E4834,PR580,None
E5225,PR628,None
E5243,PR630,None
E5327,PR923,None
E5327,PR375,None
E5327,PR504,None
E5327,PR890,None
E5327,PR249,None
E5327,PR640,None
E5327,PO19,None
E5474,PR658,None
E5763,PR694,None
E6141,PR743,None
E6443,PR779,None
E6646,PR803,None
E6887,PR833,None
E7626,PR922,None
E7792,PR942,None
E7838,PR316,None
E7838,PR945,None
E7838,PR976,None
E7838,PR947,None
E7838,PO244,None
E7908,PR955,None
E8220,PR992,None
E273,PR32,None
E397,PO5785,None
E486,PR58,None
E622,PR73,None
E685,PR80,None
E851,PR100,None
E904,PR106,None
E929,PO314,None
E1028,PR122,None
E1083,PR129,None
E1312,PR156,None
E1358,PR161,None
E1384,PR164,None
E1567,PR185,None
E1629,PR192,None
E1820,PR217,None
E1849,PR221,None
E2911,PR353,None
E3114,PR377,None
E3114,PO8250,None
E4010,PR483,None
E4020,PR484,None
E4138,PR498,None
E4304,PR518,None
E4358,PR524,None
E4864,PR584,None
E5460,PR655,None
E5800,PR699,None
E5946,PR716,None
E6188,PR749,None
E6479,PR783,None
E6524,PR788,None
E6683,PR808,None
E6721,PR428,None
E6721,PR812,None
E6721,PO353,None
E7304,PR884,None
E7385,PR893,None
E7962,PR961,None
E657,PR77,None
E676,PR79,None
E801,PR93,None
E1540,PR182,None
E1720,PR205,None
E1720,PO562,None
E1857,PR222,None
E2080,PR253,None
E2164,PR263,None
E2357,PR286,None
E2661,PR323,None
E2716,PR329,None
E3562,PR430,None
E4110,PR494,None
E4350,PR523,None
E4529,PR543,None
E4940,PR594,None
E5379,PR646,None
E5585,PR672,None
E5641,PR679,None
E6434,PR778,None
E6867,PR830,None
E7053,PR852,None
E7053,PO2178,None
E7485,PR904,None
E7701,PR932,None
E7989,PR964,None
E8061,PR972,None
E8173,PR986,None
E8184,PR933,None
E8184,PR437,None
E8184,PR987,None
E8184,PO2712,None
E8293,PR1000,None
E64,PR8,None
E439,PR52,None
E702,PR82,None
E758,PR88,None
E758,PO1679,None
E783,PR91,None
E878,PR103,None
E1092,PR130,None
E1103,PR131,None
E1103,PO3112,None
E1411,PR167,None
E1477,PR175,None
E1531,PR181,None
E2448,PR297,None
E2848,PR346,None
E3376,PR407,None
E3879,PR466,None
E4046,PR487,None
E4450,PR534,None
E4450,PO4821,None
E4556,PR546,None
E4565,PR547,None
E4825,PR579,None
E4897,PO5406,None
E5098,PR604,None
E5098,PR613,None
E5098,PO6272,None
E5160,PR620,None
E5170,PR622,None
E5251,PR631,None
E5614,PR676,None
E6389,PR773,None
E6497,PR785,None
E6507,PR786,None
E6587,PR795,None
E6664,PR805,None
E7220,PR873,None
E7476,PR903,None
E7627,PR923,None
E7818,PR945,None
E7845,PR948,None
E8117,PR979,None
E8191,PR988,None
E2,PR1,None
E139,PR17,None
E229,PR27,None
E318,PR37,None
E457,PR54,None
E487,PR58,None
E1021,PO2362,None
E1059,PO9493,None
E1466,PR173,None
E1677,PR198,None
E1931,PR231,None
E2227,PR270,None
E2607,PR317,None
E2849,PR675,None
E2849,PR746,None
E2849,PR346,None
E2849,PO8958,None
E3094,PR375,None
E3229,PR390,None
E3635,PR438,None
E3635,PO938,None
E3643,PR439,None
E3979,PR478,None
E4323,PR520,None
E4610,PR552,None
E4640,PR556,None
E5005,PR602,None
E5062,PR587,None
E5062,PR329,None
E5062,PR535,None
E5062,PR898,None
E5062,PR609,None
E5062,PO9408,None
E5296,PR636,None
E5344,PR642,None
E5645,PR680,None
E5645,PO8720,None
E5910,PR712,None
E6298,PR762,None
E6542,PR790,None
E6561,PR792,None
E7105,PR858,None
E7164,PR866,None
E7183,PR869,None
E7229,PR874,None
E7302,PR883,None
E7605,PR919,None
E7637,PR924,None
E8062,PR972,None
E8162,PR984,None
E8247,PR995,None
E230,PR795,None
E230,PR283,None
E230,PR279,None
E230,PR44,None
E230,PR27,None
E230,PO9326,None
E319,PR37,None
E467,PR55,None
E504,PR60,None
E648,PR76,None
E792,PR92,None
E868,PR102,None
E1640,PR194,None
E1685,PR199,None
E2022,PR245,None
E2635,PR320,None
E2735,PR331,None
E2735,PO4777,None
E2976,PR361,None
E2984,PR362,None
E3368,PR107,None
E3368,PR54,None
E3368,PR897,None
E3368,PR406,None
E3368,PO4813,None
E3387,PR409,None
E3476,PR419,None
E4119,PR495,None
E5334,PR641,None
E5389,PR647,None
E6096,PR735,None
E6138,PR742,None
E6178,PR748,None
E6205,PR751,None
E6279,PR760,None
E6508,PR486,None
E6508,PR915,None
E6508,PR329,None
E6508,PR186,None
E6508,PR786,None
E6508,PO8575,None
E6755,PR816,None
E7062,PR853,None
E7062,PO1663,None
E7457,PR901,None
E7532,PR910,None
E7571,PR915,None
E7571,PO8426,None
E7597,PR918,None
E7729,PR935,None
E7738,PR936,None
E7882,PR952,None
E431,PR51,None
E576,PR68,None
E748,PR87,None
E784,PR91,None
E1000,PR119,None
E1541,PR193,None
E1541,PR105,None
E1541,PR795,None
E1541,PR178,None
E1541,PR696,None
E1541,PR182,None
E1541,PO9811,None
E1558,PR184,None
E1813,PO9276,None
E1875,PR224,None
E1981,PR238,None
E2264,PR836,None
E2264,PR153,None
E2264,PR670,None
E2264,PR573,None
E2264,PR345,None
E2264,PR274,None
E2264,PO4755,None
E2302,PR280,None
E3211,PR388,None
E3508,PR424,None
E3517,PR425,None
E3779,PR455,None
E3896,PR468,None
E3941,PR473,None
E4021,PR768,None
E4021,PR952,None
E4021,PR484,None
E4021,PO2161,None
E4467,PR536,None
E4547,PR545,None
E4660,PR559,None
E4932,PR593,None
E4932,PO799,None
E5070,PR610,None
E5380,PR646,None
E5771,PR695,None
E6005,PR724,None
E6049,PR729,None
E6059,PR730,None
E6426,PR777,None
E6694,PR809,None
E6694,PO3912,None
E6822,PR825,None
E6832,PR826,None
E6849,PR828,None
E7165,PR267,None
E7165,PR751,None
E7165,PR866,None
E7165,PO742,None
E7268,PR748,None
E7268,PR292,None
E7268,PR714,None
E7268,PR142,None
E7268,PR834,None
E7268,PR879,None
E7268,PO8632,None
E7275,PR880,None
E7702,PR932,None
E7711,PR933,None
E7981,PR963,None
E8154,PR983,None
E8212,PR991,None
E47,PR6,None
E312,PO6416,None
E345,PR40,None
E522,PR62,None
E613,PR72,None
E1271,PO4448,None
E1271,Supplier1,None
E1294,PR154,None
E1348,PR160,None
E1542,PO9811,None
E1611,PR190,None
E2313,PR143,None
E2313,PR939,None
E2313,PR229,None
E2313,PR589,None
E2313,PR902,None
E2313,PR281,None
E2313,PO506,None
E2458,PR298,None
E2494,PR302,None
E2515,PR306,None
E2797,PR338,None
E2995,PR364,None
E3060,PR160,None
E3060,PR876,None
E3060,PR517,None
E3060,PR366,None
E3060,PR657,None
E3060,PR371,None
E3060,PO6203,None
E3498,PR423,None
E3788,PR456,None
E3842,PR462,None
E3961,PR476,None
E4056,PR488,None
E4268,PR514,None
E4287,PR516,None
E4513,PR849,None
E4513,PR541,None
E4513,PO8921,None
E4538,PR544,None
E4619,PR553,None
E4722,PR566,None
E4876,PR587,None
E4898,PO5406,None
E4898,Supplier23,None
E5233,PR629,None
E5370,PR645,None
E5727,PR690,None
E5928,PR714,None
E6153,PR354,None
E6153,PR586,None
E6153,PR745,None
E6153,PO4300,None
E6371,PR771,None
E6480,PR783,None
E6525,PR788,None
E6703,PR643,None
E6703,PR846,None
E6703,PR785,None
E6703,PR610,None
E6703,PR366,None
E6703,PR810,None
E6703,PO5927,None
E6950,PR840,None
E7466,PR902,None
E8026,PR968,None
E8070,PR973,None
E8126,PR980,None
E56,PR7,None
E831,PR97,None
E948,PR113,None
E948,PO4616,None
E1503,PR178,None
E1920,PR229,None
E2410,PR292,None
E2419,PR293,None
E2525,PR307,None
E2580,PR316,None
E2580,PR17,None
E2580,PR408,None
E2580,PR249,None
E2580,PR86,None
E2580,PR313,None
E2580,PO5336,None
E2587,PR314,None
E3004,PR365,None
E3339,PR403,None
E4009,PR482,None
E4305,PR518,None
E4678,PR561,None
E5820,PR702,None
E5856,PR706,None
E5894,PR710,None
E5894,PO7729,None
E6023,PR726,None
E6233,PR754,None
E6398,PR774,None
E6453,PR780,None
E6746,PR815,None
E7078,PR855,None
E7341,PR888,None
E7359,PR890,None
E7448,PR900,None
E8000,PR40,None
E8000,PR487,None
E8000,PR236,None
E8000,PR475,None
E8000,PR965,None
E8000,PO420,None
E8164,PR985,None
E8174,PR986,None
E28,PR4,None
E320,PR37,None
E320,PO7514,None
E412,PR49,None
E479,PR57,None
E479,PO6495,None
E558,PR66,None
E765,PR89,None
E819,PR95,None
E1214,PR145,None
E1258,PR150,None
E1709,PR204,None
E1728,PR206,None
E1839,PR220,None
E2090,PR254,None
E2107,PR256,None
E2235,PR271,None
E2644,PR321,None
E2779,PR336,None
E3277,PR396,None
E3377,PR408,None
E3458,PR417,None
E3477,PR419,None
E3496,PR422,None
E4128,PR496,None
E4593,PR550,None
E4707,PO941,None
E4912,PR591,None
E4979,PR599,None
E4979,PO9796,None
E5017,PR194,None
E5017,PR52,None
E5017,PR90,None
E5017,PR604,None
E5017,PO6140,None
E5171,PR622,None
E5305,PR637,None
E5780,PR696,None
E5951,PO2778,None
E6089,PR675,None
E6089,PR734,None
E6089,PO8834,None
E6149,PR744,None
E6223,PR753,None
E6363,PR770,None
E7087,PR856,None
E7096,PR857,None
E7237,PR875,None
E7322,PR886,None
E7332,PR887,None
E7598,PR338,None
E7598,PR918,None
E7598,PO539,None
E7693,PR931,None
E8091,PR976,None
E248,PR4,None
E248,PR879,None
E248,PR29,None
E248,PO1521,None
E965,PR115,None
E1148,PR137,None
E1403,PR166,None
E2070,PR251,None
E2440,PR296,None
E2469,PO4715,None
E2561,PR311,None
E2625,PR319,None
E2762,PR39,None
E2762,PR189,None
E2762,PR334,None
E2762,PO9154,None
E2920,PR354,None
E3013,PR366,None
E3086,PR374,None
E3580,PR432,None
E3799,PR457,None
E3799,PO1757,None
E3834,PR461,None
E3942,PR473,None
E4006,PR481,None
E4101,PR493,None
E4192,PR504,None
E4221,PR508,None
E4413,PR530,None
E4668,PR560,None
E5114,PR615,None
E5124,PR616,None
E5270,PR633,None
E6108,PR737,None
E6117,PR738,None
E6136,PR741,None
E6271,PR759,None
E6656,PR804,None
E6656,PO3601,None
E6896,PR834,None
E6924,PR837,None
E7210,PR872,None
E7394,PR894,None
E7421,PR897,None
E7522,PR909,None
E7782,PR941,None
E7945,PR959,None
E10,PR2,None
E21,PR3,None
E21,PO7304,None
E421,PR50,None
E495,PR59,None
E633,PO2122,None
E1276,PR152,None
E1457,PR172,None
E1543,PO9811,None
E1543,Supplier14,None
E1696,PR201,None
E2617,PR318,None
E2780,PR336,None
E2780,PO2897,None
E3041,PR369,None
E3149,PR381,None
E3258,PR394,None
E3726,PR449,None
E4120,PR495,None
E4120,PO7752,None
E4222,PR508,None
E4281,PO3635,None
E4281,Supplier49,None
E4594,PR550,None
E4594,PO6169,None
E4733,PR567,None
E4733,PO7424,None
E5087,PR612,None
E5198,PR625,None
E5217,PR627,None
E5217,PO6204,None
E5306,PR637,None
E5454,PO8236,None
E5789,PR697,None
E5939,PR772,None
E5939,PR37,None
E5939,PR856,None
E5939,PR615,None
E5939,PR715,None
E5939,PO3223,None
E6307,PR763,None
E6337,PR767,None
E6337,PO1430,None
E6977,PR843,None
E7276,PR880,None
E7606,PR919,None
E7764,PR939,None
E8241,PO393,None
E8265,PR997,None
E291,PR34,None
E358,PR43,None
E540,PR64,None
E829,PR96,None
E973,PR116,None
E1029,PR123,None
E1131,PR135,None
E1438,PR170,None
E1791,PR213,None
E2004,PR243,None
E2128,PR259,None
E2246,PR272,None
E2246,PO8210,None
E2330,PR283,None
E2571,PR312,None
E2571,PO313,None
E3105,PR555,None
E3105,PR376,None
E3105,PO5108,None
E3499,PR423,None
E3588,PR433,None
E3653,PR441,None
E3870,PR465,None
E3953,PR475,None
E4038,PR486,None
E4184,PR503,None
E4314,PR519,None
E4341,PR522,None
E4368,PR525,None
E4750,PR569,None
E5143,PR618,None
E5143,PO2684,None
E5316,PR639,None
E5512,PR663,None
E5520,PR664,None
E5792,PR698,None
E5901,PR711,None
E5919,PR713,None
E6764,PR817,None
E6773,PR818,None
E7712,PR933,None
E7712,PO1218,None
E7855,PR949,None
E7892,PR631,None
E7892,PR953,None
E7892,PO3502,None
E385,PR46,None
E841,PR99,None
E1449,PR112,None
E1449,PR977,None
E1449,PR249,None
E1449,PR716,None
E1449,PR171,None
E1449,PO7050,None
E1485,PR176,None
E2033,PR247,None
E2688,PR326,None
E2928,PR355,None
E3140,PR380,None
E3330,PR402,None
E3378,PR408,None
E3950,PR474,None
E4213,PR507,None
E4476,PR537,None
E4781,PR574,None
E4816,PR578,None
E4957,PR596,None
E5288,PR635,None
E5653,PR681,None
E5700,PR687,None
E5717,PR689,None
E6031,PR727,None
E6197,PR750,None
E6515,PR787,None
E6738,PR814,None
E6820,PR824,None
E6905,PR835,None
E7155,PR865,None
E7247,PR876,None
E7303,PR883,None
E7863,PR950,None
E7920,PO5167,None
E73,PR9,None
E100,PR12,None
E202,PR24,None
E212,PR25,None
E212,PO83,None
E774,PR90,None
E886,PR104,None
E974,PR116,None
E1110,PR132,None
E1638,PR193,None
E1763,PR210,None
E1911,PR228,None
E1971,PR225,None
E1971,PR48,None
E1971,PR401,None
E1971,PR138,None
E1971,PR520,None
E1971,PR236,None
E1971,PO4440,None
E2449,PR297,None
E2476,PR300,None
E2801,PR340,None
E2809,PR341,None
E2811,PR342,None
E2921,PR354,None
E2921,PO2002,None
E2994,PR363,None
E3202,PR387,None
E3357,PR405,None
E3552,PR429,None
E3806,PR458,None
E3924,PR471,None
E3932,PR472,None
E4075,PR797,None
E4075,PR837,None
E4075,PR490,None
E4075,PO7892,None
E4695,PR563,None
E4771,PR572,None
E4771,PO2957,None
E4845,PR582,None
E4941,PR288,None
E4941,PR569,None
E4941,PR89,None
E4941,PR226,None
E4941,PR594,None
E4941,PO6052,None
E4968,PR598,None
E5052,PR608,None
E5088,PR612,None
E5308,PR638,None
E5443,PR653,None
E5670,PR683,None
E5790,PR697,None
E5883,PR709,None
E5977,PR721,None
E5987,PR722,None
E6129,PR740,None
E6129,PO279,None
E6179,PR748,None
E6198,PR750,None
E6198,PO2638,None
E6288,PR761,None
E6344,PR768,None
E6471,PR782,None
E6672,PR806,None
E7034,PR850,None
E7599,PO539,None
E7675,PO521,None
E7730,PR478,None
E7730,PR435,None
E7730,PR390,None
E7730,PR651,None
E7730,PR935,None
E7730,PO6193,None
E7827,PR946,None
E7846,PR948,None
E7973,PR962,None
E7973,PO6361,None
E166,PR20,None
E658,PR77,None
E766,PR89,None
E1169,PR140,None
E1287,PR153,None
E1287,PO4776,None
E1450,PO7050,None
E1549,PR183,None
E2025,PR246,None
E3230,PR390,None
E3268,PR395,None
E3754,PR957,None
E3754,PR452,None
E3754,PO2603,None
E3763,PR453,None
E3763,PO1855,None
E3915,PR470,None
E4458,PR535,None
E4548,PR545,None
E4951,PO7062,None
E5736,PR691,None
E6180,PR452,None
E6180,PR65,None
E6180,PR64,None
E6180,PR134,None
E6180,PR748,None
E6180,PO7521,None
E7142,PR862,None
E7561,PO5224,None
E7893,PO3502,None
E7982,PR118,None
E7982,PR567,None
E7982,PR848,None
E7982,PR60,None
E7982,PR963,None
E7982,PO5166,None
E8071,PR973,None
E8082,PR975,None
E177,PO2691,None
E1197,PR909,None
E1197,PR637,None
E1197,PR24,None
E1197,PR143,None
E1197,PO4347,None
E1313,PR156,None
E1404,PR926,None
E1404,PR707,None
E1404,PR4,None
E1404,PR166,None
E1404,PO1996,None
E1783,PR686,None
E1783,PR212,None
E1783,PO8344,None
E1997,PR242,None
E1997,PO9639,None
E2005,PR243,None
E2043,PR248,None
E2054,PO2524,None
E2303,PR280,None
E2866,PR348,None
E3497,PR422,None
E3825,PR460,None
E4065,PR489,None
E4530,PR543,None
E4632,PR555,None
E4632,PO9553,None
E5025,PR605,None
E5839,PR704,None
E6079,PR733,None
E6150,PR744,None
E6189,PR749,None
E6189,PO9594,None
E6316,PR764,None
E6516,PR787,None
E6590,PR796,None
E6897,PR834,None
E6933,PR838,None
E7043,PR851,None
E7285,PR881,None
E7664,PR927,None
E7954,PR960,None
E203,PR24,None
E203,PO310,None
E266,PR31,None
E266,PO8512,None
E283,PR33,None
E292,PR34,None
E449,PR53,None
E595,PR70,None
E686,PR80,None
E686,PO3101,None
E713,PR83,None
E713,PO2766,None
E785,PR309,None
E785,PR727,None
E785,PR778,None
E785,PR895,None
E785,PR91,None
E785,PO5283,None
E1421,PR168,None
E2073,PR779,None
E2073,PR493,None
E2073,PR335,None
E2073,PR574,None
E2073,PR909,None
E2073,PR252,None
E2073,PO8157,None
E2350,PO9056,None
E2572,PO313,None
E2689,PR326,None
E2902,PR352,None
E3433,PR576,None
E3433,PR705,None
E3433,PR185,None
E3433,PR414,None
E3433,PO6032,None
E4817,PR578,None
E5418,PO6,None
E6142,PR452,None
E6142,PR312,None
E6142,PR808,None
E6142,PR302,None
E6142,PR743,None
E6142,PO1138,None
E6417,PR776,None
E6619,PR800,None
E7166,PO742,None
E7395,PR894,None
E328,PR38,None
E337,PR39,None
E480,PO6495,None
E992,PR118,None
E1250,PR149,None
E1746,PR208,None
E2209,PR268,None
E2218,PR269,None
E2450,PR297,None
E2450,PO5942,None
E2503,PR303,None
E4603,PR551,None
E4603,PO8982,None
E5363,PR644,None
E5363,PO3709,None
E5461,PR655,None
E5496,PO8733,None
E5634,PR678,None
E5634,PO2800,None
E7684,PR930,None
E7694,PR931,None
E7694,PO2531,None
E7811,PR282,None
E7811,PR862,None
E7811,PR944,None
E7811,PO702,None
E29,PR4,None
E1149,PR137,None
E1151,PR138,None
E1323,PR157,None
E1323,PO7078,None
E1998,PO9639,None
E2147,PR261,None
E2147,PO6595,None
E2290,PR277,None
E2375,PR288,None
E2485,PR301,None
E2947,PR357,None
E2967,PR360,None
E3077,PR373,None
E3141,PR380,None
E3141,PO1926,None
E3203,PR387,None
E3313,PR400,None
E3405,PR411,None
E3488,PR421,None
E3527,PR426,None
E3527,PO6360,None
E3702,PO289,None
E3702,Supplier5,None
E3916,PR470,None
E3916,PO3030,None
E4057,PR578,None
E4057,PR61,None
E4057,PR399,None
E4057,PR488,None
E4057,PO1573,None
E4315,PR414,None
E4315,PR573,None
E4315,PR519,None
E4315,PO9740,None
E4351,PR523,None
E4351,PO5757,None
E4620,PR553,None
E5151,PR619,None
E5444,PR110,None
E5444,PR653,None
E5444,PO9243,None
E5969,PR720,None
E6675,PR807,None
E7054,PO2178,None
E7323,PR886,None
E7386,PR893,None
E7541,PR911,None
E8035,PR969,None
E129,PR77,None
E129,PR15,None
E129,PO7594,None
E301,PR35,None
E1113,PR133,None
E1179,PR141,None
E1179,PO5145,None
E1187,PR142,None
E1341,PR292,None
E1341,PR225,None
E1341,PR553,None
E1341,PR159,None
E1341,PO89,None
E1376,PR163,None
E1650,PR195,None
E1814,PO9276,None
E1814,Supplier36,None
E1886,PR225,None
E1886,PO4702,None
E1999,PO9639,None
E1999,Supplier37,None
E2459,PR298,None
E2459,PO425,None
E2875,PR349,None
E3158,PR382,None
E3176,PR384,None
E3625,PR437,None
E4441,PR549,None
E4441,PR533,None
E4441,PO829,None
E4751,PR569,None
E4751,PO4798,None
E4866,PR585,None
E5099,PO6272,None
E5252,PR631,None
E5328,PO19,None
E5398,PR648,None
E5772,PR695,None
E6024,PR726,None
E6024,PO3639,None
E6070,PR732,None
E6118,PR759,None
E6118,PR888,None
E6118,PR244,None
E6118,PR541,None
E6118,PR728,None
E6118,PR738,None
E6118,PO6090,None
E6381,PR772,None
E6408,PR775,None
E6454,PR817,None
E6454,PR261,None
E6454,PR540,None
E6454,PR837,None
E6454,PR780,None
E6454,PO6485,None
E6795,PR821,None
E6795,PO2790,None
E6906,PR835,None
E7025,PR849,None
E7079,PR855,None
E7523,PR909,None
E7676,PO521,None
E7676,Supplier26,None
E7713,PO1218,None
E7747,PR937,None
E7856,PR81,None
E7856,PR849,None
E7856,PR949,None
E7856,PO4558,None
E7974,PO6361,None
E8063,PR605,None
E8063,PR215,None
E8063,PR323,None
E8063,PR972,None
E8063,PO9784,None
E8092,PR976,None
E8092,PO4379,None
E8101,PR977,None
E8101,PO2090,None
E8230,PR993,None
E284,PR33,None
E284,PO8937,None
E1067,PR200,None
E1067,PR997,None
E1067,PR127,None
E1067,PO6158,None
E1576,PR186,None
E1695,PR200,None
E1950,PR233,None
E2062,PR250,None
E2062,PO3226,None
E2282,PR276,None
E2282,PO3122,None
E2293,PR278,None
E2293,PO6508,None
E2588,PR314,None
E2939,PR356,None
E2939,PO7791,None
E3194,PR386,None
E3269,PR723,None
E3269,PR797,None
E3269,PR565,None
E3269,PR395,None
E3269,PO7907,None
E3423,PR413,None
E3434,PO6032,None
E3800,PO1757,None
E3843,PR462,None
E3888,PR467,None
E3897,PR468,None
E4083,PR491,None
E4092,PR492,None
E4521,PR542,None
E4679,PR153,None
E4679,PR698,None
E4679,PR561,None
E4679,PO7499,None
E5089,PR1000,None
E5089,PR515,None
E5089,PR735,None
E5089,PR25,None
E5089,PR717,None
E5089,PR612,None
E5089,PO1404,None
E5218,PO6204,None
E5297,PR636,None
E5364,PO3709,None
E5875,PR708,None
E6162,PR746,None
E6162,PO4088,None
E7440,PR899,None
E8001,PO420,None
E267,PO8512,None
E496,PR59,None
E975,PR116,None
E975,PO9814,None
E1431,PR238,None
E1431,PR707,None
E1431,PR914,None
E1431,PR516,None
E1431,PR169,None
E1431,PO9592,None
E1850,PR510,None
E1850,PR579,None
E1850,PR271,None
E1850,PR844,None
E1850,PR221,None
E1850,PO2076,None
E1894,PR226,None
E2034,PR247,None
E2654,PR322,None
E2654,PO9734,None
E2857,PR347,None
E3005,PR365,None
E3167,PR383,None
E3286,PR397,None
E3350,PR698,None
E3350,PR895,None
E3350,PR404,None
E3350,PO7333,None
E3647,PO6962,None
E3717,PR448,None
E3735,PR450,None
E3807,PR458,None
E5425,PR651,None
E5557,PR668,None
E5745,PR692,None
E6242,PR755,None
E6907,PR807,None
E6907,PR72,None
E6907,PR729,None
E6907,PR571,None
E6907,PR835,None
E6907,PO1890,None
E7063,PO1663,None
E7071,PR854,None
E7071,PO4264,None
E7377,PR892,None
E7414,PR558,None
E7414,PR903,None
E7414,PR552,None
E7414,PR806,None
E7414,PR896,None
E7414,PO411,None
E7458,PR901,None
E7477,PR903,None
E7477,PO4177,None
E7703,PR593,None
E7703,PR883,None
E7703,PR451,None
E7703,PR563,None
E7703,PR932,None
E7703,PO1110,None
E7864,PR950,None
E8284,PR999,None
E3,PR217,None
E3,PR3,None
E3,PR1,None
E3,PO3411,None
E450,PR53,None
E450,PO5040,None
E481,PO6495,None
E481,Supplier12,None
E966,PR115,None
E966,PO1591,None
E1039,PR124,None
E1215,PR53,None
E1215,PR566,None
E1215,PR145,None
E1215,PO7903,None
E1697,PR201,None
E1831,PR219,None
E2395,PO4725,None
E2403,PR656,None
E2403,PR469,None
E2403,PR845,None
E2403,PR518,None
E2403,PR291,None
E2403,PO3001,None
E3259,PR394,None
E3518,PR691,None
E3518,PR734,None
E3518,PR617,None
E3518,PR425,None
E3518,PO2399,None
E3598,PR434,None
E3780,PR455,None
E3998,PR480,None
E5035,PR606,None
E5035,PO5078,None
E5867,PR299,None
E5867,PR707,None
E5867,PO253,None
E6260,PR757,None
E6739,PR450,None
E6739,PR176,None
E6739,PR506,None
E6739,PR73,None
E6739,PR222,None
E6739,PR814,None
E6739,PO9232,None
E6821,PR824,None
E6841,PR827,None
E6942,PR839,None
E7135,PO8255,None
E7167,PO742,None
E7167,Supplier47,None
E8221,PR992,None
E137,PR16,None
E256,PR30,None
E268,PO8512,None
E268,Supplier49,None
E1075,PR128,None
E1132,PR693,None
E1132,PR30,None
E1132,PR669,None
E1132,PR135,None
E1132,PO9389,None
E1223,PR146,None
E1764,PR210,None
E1912,PR228,None
E1932,PR231,None
E2192,PR709,None
E2192,PR825,None
E2192,PR266,None
E2192,PO7680,None
E2655,PO9734,None
E2744,PR628,None
E2744,PR858,None
E2744,PR332,None
E2744,PO9372,None
E3032,PR368,None
E3185,PR385,None
E4121,PO7752,None
E4734,PO7424,None
E5169,PR621,None
E5279,PR634,None
E5309,PR638,None
E5309,PO2057,None
E5606,PR675,None
E5642,PR679,None
E5680,PR684,None
E6170,PR747,None
E6399,PR774,None
E6579,PR794,None
E6969,PR842,None
E7202,PR871,None
E7551,PR912,None
E7551,PO800,None
E7757,PR789,None
E7757,PR407,None
E7757,PR938,None
E7757,PO5896,None
E7793,PR942,None
E7793,PO2155,None
E404,PR48,None
E451,PO5040,None
E993,PR714,None
E993,PR709,None
E993,PR27,None
E993,PR859,None
E993,PR118,None
E993,PO6894,None
E1111,PR132,None
E1755,PR209,None
E2108,PR256,None
E2626,PR319,None
E2788,PR337,None
E2802,PR340,None
E2802,PO1444,None
E3295,PR398,None
E3971,PR477,None
E4066,PR489,None
E4066,PO6111,None
E4102,PR774,None
E4102,PR493,None
E4102,PO8075,None
E4723,PR566,None
E4942,PO6052,None
E5578,PR32,None
E5578,PR671,None
E5578,PO7622,None
E5801,PR699,None
E7136,PO8255,None
E7136,Supplier15,None
E7238,PR875,None
E7404,PR895,None
E7449,PR900,None
E7503,PR906,None
E7617,PR921,None
E7646,PR925,None
E7946,PR959,None
E7946,PO2251,None
E860,PR101,None
E1060,PO9493,None
E1060,Supplier27,None
E2026,PR223,None
E2026,PR81,None
E2026,PR191,None
E2026,PR389,None
E2026,PR699,None
E2026,PR246,None
E2026,PO4504,None
E2139,PO1847,None
E3589,PR433,None
E4093,PR649,None
E4093,PR613,None
E4093,PR85,None
E4093,PR449,None
E4093,PR492,None
E4093,PO2675,None
E4324,PR520,None
E4324,PO8059,None
E4404,PR529,None
E6025,PO3639,None
E6042,PR728,None
E6042,PO6571,None
E6599,PR797,None
E6729,PR813,None
E6785,PR820,None
E6951,PR840,None
E7175,PR868,None
E7196,PO586,None
E7196,Supplier13,None
E7505,PR907,None
E7524,PR302,None
E7524,PR107,None
E7524,PR201,None
E7524,PR642,None
E7524,PR859,None
E7524,PR909,None
E7524,PO6361,None
E7975,PO6361,None
E7975,Supplier44,None
E111,PR328,None
E111,PR13,None
E111,PO8662,None
E668,PR78,None
E668,PO4465,None
E694,PR81,None
E714,PO2766,None
E793,PR92,None
E1216,PO7903,None
E1603,PR189,None
E2636,PR678,None
E2636,PR638,None
E2636,PR382,None
E2636,PR831,None
E2636,PR320,None
E2636,PO5655,None
E2708,PR871,None
E2708,PR405,None
E2708,PR30,None
E2708,PR235,None
E2708,PR312,None
E2708,PR328,None
E2708,PO9468,None
E2752,PR333,None
E2810,PR341,None
E2822,PR550,None
E2822,PR343,None
E2822,PO5810,None
E3663,PR442,None
E3672,PR443,None
E3736,PR450,None
E3736,PO8028,None
E3844,PR462,None
E3844,PO1342,None
E4139,PR498,None
E4242,PR511,None
E4687,PR562,None
E5781,PR696,None
E6354,PR769,None
E6570,PR793,None
E6628,PR801,None
E6665,PR518,None
E6665,PR805,None
E6665,PO5396,None
E6812,PR823,None
E6823,PR825,None
E7147,PR864,None
E7147,PO5448,None
E7828,PR946,None
E112,PO8662,None
E949,PO4616,None
E1084,PR129,None
E1161,PR850,None
E1161,PR139,None
E1161,PO2193,None
E2129,PR259,None
E2129,PO2816,None
E2155,PR262,None
E2581,PO5336,None
E2597,PR315,None
E2893,PR351,None
E3131,PR379,None
E3212,PR388,None
E3287,PR878,None
E3287,PR653,None
E3287,PR397,None
E3287,PO9585,None
E3917,PO3030,None
E4166,PR501,None
E4395,PR528,None
E4459,PR198,None
E4459,PR629,None
E4459,PR298,None
E4459,PR535,None
E4459,PO4173,None
E4790,PR575,None
E5615,PR676,None
E6730,PR813,None
E6730,PO5318,None
E6925,PR838,None
E6925,PR390,None
E6925,PR592,None
E6925,PR822,None
E6925,PR837,None
E6925,PO6264,None
E7106,PR858,None
E7695,PO2531,None
E8018,PR548,None
E8018,PR183,None
E8018,PR967,None
E8018,PO7665,None
E158,PR129,None
E158,PR286,None
E158,PR229,None
E158,PR19,None
E158,PO1800,None
E238,PR28,None
E329,PR38,None
E329,PO8446,None
E405,PR111,None
E405,PR48,None
E405,PO9607,None
E945,PR112,None
E1304,PR155,None
E1349,PR160,None
E1959,PR234,None
E3095,PR375,None
E3221,PR389,None
E3396,PR410,None
E4094,PO2675,None
E4549,PR132,None
E4549,PR777,None
E4549,PR430,None
E4549,PR933,None
E4549,PR545,None
E4549,PO7072,None
E4800,PR970,None
E4800,PR905,None
E4800,PR104,None
E4800,PR892,None
E4800,PR244,None
E4800,PR576,None
E4800,PO5553,None
E4837,PR581,None
E5152,PR619,None
E5152,PO1017,None
E5189,PR624,None
E5262,PR77,None
E5262,PR572,None
E5262,PR632,None
E5262,PO1597,None
E5470,PR656,None
E5782,PR841,None
E5782,PR323,None
E5782,PR593,None
E5782,PR535,None
E5782,PR847,None
E5782,PR696,None
E5782,PO8912,None
E6472,PR34,None
E6472,PR585,None
E6472,PR192,None
E6472,PR782,None
E6472,PO9250,None
E6498,PR785,None
E6638,PR802,None
E6638,PO859,None
E6676,PR40,None
E6676,PR122,None
E6676,PR229,None
E6676,PR807,None
E6676,PO6831,None
E6943,PR522,None
E6943,PR839,None
E6943,PO8885,None
E7044,PR851,None
E7044,PO4528,None
E7148,PO5448,None
E7184,PR869,None
E7239,PR718,None
E7239,PR231,None
E7239,PR534,None
E7239,PR563,None
E7239,PR875,None
E7239,PO6157,None
E7269,PO8632,None
E7277,PR989,None
E7277,PR880,None
E7277,PO9032,None
E7494,PR905,None
E7812,PO702,None
E8064,PO9784,None
E48,PR6,None
E48,PO9506,None
E83,PR10,None
E184,PR22,None
E440,PR52,None
E842,PR99,None
E1093,PR130,None
E1851,PO2076,None
E1984,PR46,None
E1984,PR128,None
E1984,PR550,None
E1984,PR239,None
E1984,PO6500,None
E2023,PR245,None
E2099,PR255,None
E2725,PR330,None
E3087,PR493,None
E3087,PR849,None
E3087,PR374,None
E3087,PO1838,None
E3305,PR19,None
E3305,PR399,None
E3305,PO3650,None
E3441,PR415,None
E3852,PR463,None
E4193,PR504,None
E4211,PR506,None
E4377,PR526,None
E4696,PR563,None
E4714,PR565,None
E4801,PO5553,None
E4988,PR746,None
E4988,PR63,None
E4988,PR24,None
E4988,PR600,None
E4988,PO6174,None
E5172,PR622,None
E5172,PO1512,None
E5486,PR409,None
E5486,PR660,None
E5486,PO1714,None
E5521,PR664,None
E5567,PR669,None
E5567,PO2507,None
E5692,PR686,None
E5692,PO3465,None
E5988,PR722,None
E5988,PO8408,None
E7006,PR487,None
E7006,PR846,None
E7006,PO4581,None
E7258,PR878,None
E8248,PR995,None
E193,PR23,None
E355,PR41,None
E640,PR75,None
E832,PR729,None
E832,PR61,None
E832,PR670,None
E832,PR948,None
E832,PR97,None
E832,PO6355,None
E896,PR105,None
E1217,PO7903,None
E1217,Supplier10,None
E1585,PR187,None
E1630,PR192,None
E1669,PR317,None
E1669,PR618,None
E1669,PR105,None
E1669,PR333,None
E1669,PR221,None
E1669,PR197,None
E1669,PO1357,None
E1852,PO2076,None
E1852,Supplier28,None
E2544,PR309,None
E2544,PO8191,None
E2885,PR966,None
E2885,PR904,None
E2885,PR656,None
E2885,PR501,None
E2885,PR350,None
E2885,PO3747,None
E3159,PR382,None
E3159,PO1917,None
E3177,PR488,None
E3177,PR48,None
E3177,PR277,None
E3177,PR135,None
E3177,PR392,None
E3177,PR384,None
E3177,PO2712,None
E3682,PR444,None
E3682,PO3757,None
E3999,PR306,None
E3999,PR11,None
E3999,PR609,None
E3999,PR745,None
E3999,PR103,None
E3999,PR480,None
E3999,PO7893,None
E4176,PR239,None
E4176,PR301,None
E4176,PR716,None
E4176,PR502,None
E4176,PO8673,None
E4269,PR514,None
E4576,PR792,None
E4576,PR48,None
E4576,PR262,None
E4576,PR13,None
E4576,PR653,None
E4576,PR548,None
E4576,PO7667,None
E4808,PR577,None
E4905,PR772,None
E4905,PR88,None
E4905,PR590,None
E4905,PO5679,None
E5399,PR648,None
E5399,PO1752,None
E5504,PR375,None
E5504,PR662,None
E5504,PO9488,None
E5902,PR711,None
E6234,PR754,None
E6234,PO6882,None
E6747,PR815,None
E6777,PR813,None
E6777,PR820,None
E6777,PR989,None
E6777,PR819,None
E6777,PO6857,None
E6860,PR689,None
E6860,PR239,None
E6860,PR491,None
E6860,PR691,None
E6860,PR829,None
E6860,PO6563,None
E6870,PR831,None
E7240,PO6157,None
E7294,PR882,None
E7351,PR889,None
E7351,PO730,None
E7432,PR898,None
E7432,PO2814,None
E7514,PR908,None
E7638,PR924,None
E7638,PO6503,None
E7857,PO4558,None
E8155,PR44,None
E8155,PR891,None
E8155,PR554,None
E8155,PR484,None
E8155,PR694,None
E8155,PR983,None
E8155,PO8165,None
E92,PR11,None
E604,PR71,None
E649,PR76,None
E1259,PR150,None
E1305,PR776,None
E1305,PR691,None
E1305,PR408,None
E1305,PR218,None
E1305,PR619,None
E1305,PR155,None
E1305,PO5313,None
E1405,PO1996,None
E1729,PR677,None
E1729,PR977,None
E1729,PR191,None
E1729,PR206,None
E1729,PO6570,None
E2830,PR344,None
E3006,PR812,None
E3006,PR598,None
E3006,PR365,None
E3006,PO9504,None
E3213,PR388,None
E3213,PO698,None
E3369,PO4813,None
E3607,PR435,None
E3853,PR463,None
E3853,PO4220,None
E3871,PR465,None
E3871,PO4562,None
E3907,PR761,None
E3907,PR358,None
E3907,PR343,None
E3907,PR469,None
E3907,PO590,None
E4111,PR494,None
E4111,PO9703,None
E4251,PR512,None
E5043,PR607,None
E5090,PO1404,None
E5125,PR305,None
E5125,PR365,None
E5125,PR616,None
E5125,PO7893,None
E5783,PO8912,None
E6006,PR721,None
E6006,PR724,None
E6006,PO6286,None
E6097,PR735,None
E6382,PR101,None
E6382,PR979,None
E6382,PR900,None
E6382,PR773,None
E6382,PR42,None
E6382,PR772,None
E6382,PO3373,None
E6444,PR779,None
E6473,PO9250,None
E6509,PO8575,None
E6517,PR375,None
E6517,PR787,None
E6517,PO9305,None
E6833,PR815,None
E6833,PR861,None
E6833,PR405,None
E6833,PR377,None
E6833,PR560,None
E6833,PR826,None
E6833,PO9226,None
E7525,PO6361,None
E7947,PO2251,None
E523,PR62,None
E677,PR79,None
E677,PO2196,None
E721,PR84,None
E1641,PR194,None
E2709,PO9468,None
E3379,PR161,None
E3379,PR408,None
E3379,PO6340,None
E3536,PR427,None
E3536,PO7340,None
E3708,PR447,None
E3772,PR454,None
E3772,PO2297,None
E4514,PO8921,None
E4996,PR601,None
E5199,PR923,None
E5199,PR483,None
E5199,PR57,None
E5199,PR81,None
E5199,PR625,None
E5199,PO4646,None
E5407,PR649,None
E5487,PO1714,None
E5530,PR665,None
E5884,PR709,None
E5895,PO7729,None
E6139,PR742,None
E6252,PR756,None
E6252,PO6550,None
E6571,PR793,None
E6571,PO7105,None
E7608,PR920,None
E7936,PR958,None
E8110,PR421,None
E8110,PR56,None
E8110,PR595,None
E8110,PR916,None
E8110,PR978,None
E8110,PO5736,None
E983,PR117,None
E1049,PR926,None
E1049,PR439,None
E1049,PR125,None
E1049,PO4803,None
E1324,PO7078,None
E1522,PR180,None
E1639,PR193,None
E1923,PR230,None
E2173,PR264,None
E2662,PR323,None
E3414,PR412,None
E3673,PR443,None
E3673,PO9025,None
E3690,PR445,None
E4342,PR67,None
E4342,PR522,None
E4342,PO5254,None
E4611,PR552,None
E4772,PO2957,None
E4958,PR596,None
E5115,PR615,None
E5173,PO1512,None
E5558,PR126,None
E5558,PR376,None
E5558,PR769,None
E5558,PR668,None
E5558,PO430,None
E6100,PR736,None
E6100,PO1045,None
E6562,PR792,None
E6562,PO5104,None
E7124,PR860,None
E7579,PR916,None
E7894,PO3502,None
E7894,Supplier21,None
E7927,PR957,None
E8163,PR984,None
E8175,PR986,None
E8175,PO8365,None
E8276,PR998,None
E8276,PO3311,None
E802,PR93,None
E936,PR111,None
E1234,PO1909,None
E1331,PR158,None
E1532,PR181,None
E1532,PO3848,None
E1670,PO1357,None
E1702,PR717,None
E1702,PR479,None
E1702,PR341,None
E1702,PR390,None
E1702,PR203,None
E1702,PO3963,None
E1809,PR215,None
E3571,PR431,None
E4022,PO2161,None
E4122,PO7752,None
E4122,Supplier9,None
E4158,PR500,None
E4158,PO4355,None
E4233,PR510,None
E4494,PR539,None
E4585,PR549,None
E4585,PO7856,None
E4888,PO3040,None
E5014,PR603,None
E5764,PR31,None
E5764,PR924,None
E5764,PR235,None
E5764,PR711,None
E5764,PR925,None
E5764,PR694,None
E5764,PO1128,None
E5857,PR706,None
E6126,PR739,None
E6383,PO3373,None
E6639,PO859,None
E7278,PO9032,None
E7562,PO5224,None
E7562,Supplier40,None
E7819,PR945,None
E8036,PR969,None
E8036,PO7965,None
E119,PR14,None
E715,PO2766,None
E715,Supplier43,None
E1594,PR188,None
E1895,PR265,None
E1895,PR977,None
E1895,PR226,None
E1895,PO4634,None
E2608,PR317,None
E2753,PR333,None
E2753,PO523,None
E3052,PO2247,None
E4296,PR517,None
E4316,PO9740,None
E4485,PR538,None
E4505,PO124,None
E4680,PO7499,None
E4922,PR592,None
E4943,PO6052,None
E4943,Supplier23,None
E5354,PR643,None
E5354,PO6714,None
E5568,PO2507,None
E5830,PR703,None
E5996,PR723,None
E6119,PO6090,None
E6224,PR753,None
E6543,PR790,None
E6711,PR811,None
E6850,PR828,None
E7016,PO839,None
E7600,PO539,None
E7600,Supplier28,None
E7647,PR925,None
E7647,PO9996,None
E338,PR721,None
E338,PR39,None
E338,PO8759,None
E359,PR43,None
E386,PR46,None
E398,PO5785,None
E398,Supplier37,None
E432,PR51,None
E432,PO4707,None
E514,PR61,None
E905,PR106,None
E1010,PR120,None
E1205,PR144,None
E2121,PO612,None
E2183,PR265,None
E2183,PO2453,None
E2430,PR702,None
E2430,PR144,None
E2430,PR294,None
E2430,PO7733,None
E2535,PR38,None
E2535,PR821,None
E2535,PR725,None
E2535,PR198,None
E2535,PR308,None
E2535,PO7279,None
E2600,PR316,None
E2600,PO6380,None
E2656,PO9734,None
E2656,Supplier10,None
E2682,PO1144,None
E2736,PO4777,None
E2960,PO5649,None
E3122,PR378,None
E3178,PO2712,None
E3278,PR121,None
E3278,PR701,None
E3278,PR182,None
E3278,PR940,None
E3278,PR396,None
E3278,PO6518,None
E3331,PR402,None
E3340,PR403,None
E3789,PR456,None
E4030,PR901,None
E4030,PR138,None
E4030,PR254,None
E4030,PR485,None
E4030,PO4869,None
E4325,PO8059,None
E4332,PR521,None
E4651,PR558,None
E4913,PR591,None
E5006,PR602,None
E5006,PO5455,None
E5476,PR659,None
E5671,PR683,None
E6463,PR273,None
E6463,PR743,None
E6463,PR299,None
E6463,PR781,None
E6463,PO7649,None
E6491,PO6133,None
E6518,PO9305,None
E7080,PR692,None
E7080,PR778,None
E7080,PR812,None
E7080,PR973,None
E7080,PR591,None
E7080,PR855,None
E7080,PO3450,None
E7279,PO9032,None
E7279,Supplier32,None
E7368,PR891,None
E7415,PO411,None
E8202,PR989,None
E8202,PO1853,None
E194,PR283,None
E194,PR354,None
E194,PR23,None
E194,PO143,None
E204,PO310,None
E730,PR85,None
E811,PR94,None
E840,PR98,None
E1030,PR123,None
E1621,PR191,None
E1840,PR220,None
E1921,PR229,None
E2174,PR58,None
E2174,PR454,None
E2174,PR605,None
E2174,PR264,None
E2174,PO6847,None
E2376,PR288,None
E2376,PO1817,None
E2699,PR327,None
E2699,PO1192,None
E2717,PR329,None
E2717,PO1457,None
E3014,PR366,None
E3106,PO5108,None
E3214,PO698,None
E3270,PO7907,None
E3314,PR628,None
E3314,PR565,None
E3314,PR396,None
E3314,PR103,None
E3314,PR400,None
E3314,PO4590,None
E4076,PO7892,None
E4262,PO8600,None
E4359,PR524,None
E5080,PR611,None
E5080,PO4237,None
E5436,PO1799,None
E6611,PR266,None
E6611,PR983,None
E6611,PR999,None
E6611,PR799,None
E6611,PO3385,None
E6647,PR369,None
E6647,PR415,None
E6647,PR725,None
E6647,PR175,None
E6647,PR803,None
E6647,PO9675,None
E6684,PR808,None
E6740,PO9232,None
E7873,PR951,None
E7900,PR954,None
E8044,PR970,None
E39,PR858,None
E39,PR914,None
E39,PR517,None
E39,PR396,None
E39,PR5,None
E39,PO9981,None
E321,PO7514,None
E568,PR67,None
E703,PR82,None
E1022,PO2362,None
E1022,Supplier24,None
E1396,PO9552,None
E2035,PR261,None
E2035,PR247,None
E2035,PO5723,None
E2236,PR271,None
E2255,PR273,None
E2255,PO7137,None
E2294,PO6508,None
E2552,PR310,None
E2589,PR836,None
E2589,PR798,None
E2589,PR256,None
E2589,PR341,None
E2589,PR314,None
E2589,PO9904,None
E2637,PO5655,None
E2789,PR349,None
E2789,PR579,None
E2789,PR125,None
E2789,PR644,None
E2789,PR710,None
E2789,PR337,None
E2789,PO6459,None
E3024,PR367,None
E3024,PO8930,None
E3486,PR420,None
E3764,PO1855,None
E4742,PR568,None
E4742,PO9072,None
E4791,PR575,None
E4791,PO8489,None
E5345,PR642,None
E5345,PO7990,None
E5462,PR169,None
E5462,PR920,None
E5462,PR655,None
E5462,PO5278,None
E5569,PO2507,None
E5569,Supplier34,None
E6171,PR466,None
E6171,PR779,None
E6171,PR741,None
E6171,PR747,None
E6171,PO292,None
E6563,PO5104,None
E6600,PR426,None
E6600,PR199,None
E6600,PR797,None
E6600,PO7371,None
E6648,PO9675,None
E7804,PO9690,None
E7804,Supplier27,None
E7990,PR964,None
E8053,PR971,None
E8185,PO2712,None
E596,PR505,None
E596,PR987,None
E596,PR161,None
E596,PR139,None
E596,PR70,None
E596,PO4807,None
E1496,PR102,None
E1496,PR186,None
E1496,PR465,None
E1496,PR177,None
E1496,PO6910,None
E1730,PO6570,None
E2274,PO2566,None
E2601,PO6380,None
E2922,PO2002,None
E3469,PR418,None
E3469,PO1990,None
E3617,PR436,None
E3617,PO9808,None
E4129,PR664,None
E4129,PR325,None
E4129,PR496,None
E4129,PO9446,None
E4140,PR498,None
E4140,PO8024,None
E4369,PR525,None
E4369,PO3873,None
E4414,PR530,None
E4414,PO2741,None
E4595,PO6169,None
E4980,PO9796,None
E5488,PO1714,None
E5488,Supplier39,None
E5624,PR677,None
E5682,PR685,None
E5960,PR719,None
E6181,PO7521,None
E6526,PR113,None
E6526,PR788,None
E6526,PO5523,None
E6534,PR789,None
E6612,PO3385,None
E6695,PO3912,None
E7088,PR856,None
E7316,PO4659,None
E7333,PR918,None
E7333,PR192,None
E7333,PR887,None
E7333,PO9584,None
E7572,PO8426,None
E7589,PR618,None
E7589,PR917,None
E7589,PO2524,None
E7839,PO244,None
E8266,PR997,None
E57,PR309,None
E57,PR225,None
E57,PR636,None
E57,PR207,None
E57,PR7,None
E57,PO7204,None
E167,PR20,None
E167,PO5791,None
E346,PR40,None
E378,PR780,None
E378,PR45,None
E378,PO3043,None
E820,PR95,None
E852,PR564,None
E852,PR100,None
E852,PO2317,None
E1342,PO89,None
E1368,PR162,None
E1368,PO4525,None
E1660,PR196,None
E1660,PO4866,None
E1774,PR25,None
E1774,PR158,None
E1774,PR697,None
E1774,PR211,None
E1774,PO3466,None
E1904,PR227,None
E1904,PO8007,None
E2014,PR244,None
E2948,PR589,None
E2948,PR904,None
E2948,PR373,None
E2948,PR718,None
E2948,PR357,None
E2948,PO7853,None
E2956,PR358,None
E4386,PR527,None
E4477,PR537,None
E4477,PO1116,None
E4961,PR374,None
E4961,PR582,None
E4961,PR721,None
E4961,PR597,None
E4961,PO4955,None
E5036,PO5078,None
E5108,PO542,None
E6217,PO1124,None
E6328,PR766,None
E6328,PO2795,None
E6435,PR778,None
E6481,PR808,None
E6481,PR5,None
E6481,PR899,None
E6481,PR647,None
E6481,PR783,None
E6481,PO5381,None
E6722,PO353,None
E6868,PR830,None
E7176,PR868,None
E7176,PO1978,None
E7682,PR929,None
E7865,PR226,None
E7865,PR583,None
E7865,PR866,None
E7865,PR241,None
E7865,PR950,None
E7865,PO9966,None
E8093,PO4379,None
E8137,PR355,None
E8137,PR580,None
E8137,PR981,None
E8137,PO9047,None
E8277,PO3311,None
E149,PR18,None
E149,PO5353,None
E185,PR446,None
E185,PR22,None
E185,PO9055,None
E387,PR46,None
E387,PO7916,None
E577,PR68,None
E1198,PO4347,None
E1801,PR966,None
E1801,PR217,None
E1801,PR570,None
E1801,PR215,None
E1801,PR214,None
E1801,PO7961,None
E1829,PR218,None
E2536,PO7279,None
E2672,PR369,None
E2672,PR324,None
E2672,PO3735,None
E2968,PR360,None
E2968,PO5219,None
E3388,PR562,None
E3388,PR173,None
E3388,PR409,None
E3388,PO2973,None
E4333,PR656,None
E4333,PR712,None
E4333,PR287,None
E4333,PR521,None
E4333,PO4751,None
E4835,PR580,None
E5390,PR664,None
E5390,PR145,None
E5390,PR870,None
E5390,PR301,None
E5390,PR647,None
E5390,PO1713,None
E5472,PR657,None
E5635,PO2800,None
E5646,PO8720,None
E5804,PR700,None
E5804,PO8288,None
E5813,PR941,None
E5813,PR199,None
E5813,PR640,None
E5813,PR701,None
E5813,PO7430,None
E6261,PR468,None
E6261,PR274,None
E6261,PR438,None
E6261,PR738,None
E6261,PR757,None
E6261,PO1981,None
E6765,PR817,None
E7107,PR64,None
E7107,PR858,None
E7107,PO2703,None
E8186,PO2712,None
E8186,Supplier31,None
E695,PR470,None
E695,PR480,None
E695,PR922,None
E695,PR50,None
E695,PR81,None
E695,PO3297,None
E1076,PR787,None
E1076,PR128,None
E1076,PO8024,None
E1513,PR179,None
E1550,PR183,None
E1550,PO3109,None
E1678,PR198,None
E1678,PO180,None
E1739,PO9983,None
E2148,PO6595,None
E2842,PO9668,None
E2842,Supplier28,None
E3061,PO6203,None
E3250,PR393,None
E3509,PR424,None
E3509,PO8408,None
E3683,PO3757,None
E3989,PR479,None
E4270,PR934,None
E4270,PR185,None
E4270,PR8,None
E4270,PR514,None
E4270,PO7711,None
E4506,PO124,None
E4506,Supplier33,None
E4621,PR553,None
E4621,PO4782,None
E4641,PR782,None
E4641,PR920,None
E4641,PR71,None
E4641,PR998,None
E4641,PR34,None
E4641,PR556,None
E4641,PO9902,None
E4652,PR13,None
E4652,PR50,None
E4652,PR558,None
E4652,PO140,None
E5134,PR97,None
E5134,PR67,None
E5134,PR331,None
E5134,PR617,None
E5134,PO6057,None
E5174,PO1512,None
E5174,Supplier29,None
E5335,PR641,None
E6427,PR777,None
E6427,PO334,None
E6580,PR794,None
E6580,PO3519,None
E6879,PR832,None
E6978,PR843,None
E6989,PO3975,None
E7467,PR902,None
E8002,PO420,None
E8002,Supplier21,None
E8267,PR836,None
E8267,PR997,None
E8267,PO447,None
E634,PO2122,None
E634,Supplier6,None
E914,PR107,None
E967,PO1591,None
E1468,PR174,None
E1586,PR187,None
E1586,PO5932,None
E2201,PR267,None
E2201,PO7814,None
E2582,PO5336,None
E2582,Supplier6,None
E3370,PO4813,None
E3370,Supplier26,None
E3459,PR417,None
E3581,PR432,None
E3581,PO6473,None
E3954,PR475,None
E3954,PO5739,None
E4360,PR977,None
E4360,PR524,None
E4360,PO7904,None
E4415,PO2741,None
E4760,PR570,None
E4760,PO2892,None
E5226,PR628,None
E5226,PO7027,None
E6786,PR424,None
E6786,PR956,None
E6786,PR820,None
E6786,PO5385,None
E6824,PR332,None
E6824,PR825,None
E6824,PO3564,None
E6979,PR888,None
E6979,PR843,None
E6979,PO9352,None
E7495,PR905,None
E7495,PO6597,None
E7774,PR940,None
E8102,PO2090,None
E65,PR8,None
E178,PO2691,None
E178,Supplier9,None
E488,PR58,None
E488,PO2224,None
E1288,PO4776,None
E1913,PR228,None
E1913,PO3762,None
E1961,PR235,None
E2265,PO4755,None
E2295,PO6508,None
E2295,Supplier45,None
E2358,PR789,None
E2358,PR420,None
E2358,PR248,None
E2358,PR286,None
E2358,PO2124,None
E2438,PR295,None
E2609,PR130,None
E2609,PR477,None
E2609,PR575,None
E2609,PR317,None
E2609,PO7538,None
E2618,PR387,None
E2618,PR801,None
E2618,PR318,None
E2618,PO2879,None
E2858,PR194,None
E2858,PR501,None
E2858,PR905,None
E2858,PR411,None
E2858,PR410,None
E2858,PR347,None
E2858,PO3983,None
E3115,PO8250,None
E3251,PR393,None
E3251,PO4235,None
E3510,PO8408,None
E4653,PO140,None
E4681,PO7499,None
E4681,Supplier35,None
E5317,PR639,None
E5477,PR495,None
E5477,PR192,None
E5477,PR850,None
E5477,PR659,None
E5477,PO833,None
E5595,PR673,None
E5746,PR349,None
E5746,PR217,None
E5746,PR692,None
E5746,PO6032,None
E5814,PO7430,None
E6032,PR727,None
E6071,PR732,None
E6071,PO9606,None
E6553,PR791,None
E6553,PO886,None
E6787,PO5385,None
E6851,PR369,None
E6851,PR828,None
E6851,PO6351,None
E7115,PR859,None
E7858,PO4558,None
E7858,Supplier20,None
E8037,PO7965,None
E8083,PR975,None
E8083,PO668,None
E8156,PO8165,None
E195,PO143,None
E274,PR32,None
E659,PR730,None
E659,PR77,None
E659,PO298,None
E869,PR102,None
E1001,PR119,None
E1123,PR754,None
E1123,PR134,None
E1123,PO2676,None
E1162,PO2193,None
E1568,PR682,None
E1568,PR367,None
E1568,PR191,None
E1568,PR323,None
E1568,PR185,None
E1568,PO3242,None
E1721,PO562,None
E1792,PR850,None
E1792,PR441,None
E1792,PR344,None
E1792,PR182,None
E1792,PR959,None
E1792,PR213,None
E1792,PO2567,None
E1802,PO7961,None
E2140,PO1847,None
E2140,Supplier15,None
E2339,PR284,None
E2507,PR305,None
E2537,PO7279,None
E2537,Supplier2,None
E3096,PR375,None
E3096,PO8064,None
E3132,PR510,None
E3132,PR998,None
E3132,PR397,None
E3132,PR379,None
E3132,PO6888,None
E3168,PR651,None
E3168,PR863,None
E3168,PR436,None
E3168,PR383,None
E3168,PO7291,None
E3358,PR405,None
E3406,PR549,None
E3406,PR411,None
E3406,PO5743,None
E3519,PO2399,None
E3654,PR441,None
E3727,PR206,None
E3727,PR832,None
E3727,PR72,None
E3727,PR449,None
E3727,PO8542,None
E4234,PR510,None
E4234,PO8531,None
E4306,PR518,None
E4306,PO9588,None
E4460,PO4173,None
E5180,PR623,None
E5355,PO6714,None
E5662,PR682,None
E6206,PR751,None
E6299,PR71,None
E6299,PR630,None
E6299,PR762,None
E6299,PO7566,None
E6464,PO7649,None
E6996,PR845,None
E7618,PR921,None
E7618,PO3624,None
E8145,PR982,None
E8192,PR988,None
E458,PR54,None
E739,PR86,None
E930,PO314,None
E930,Supplier32,None
E957,PR114,None
E957,PO1923,None
E1002,PR494,None
E1002,PR753,None
E1002,PR778,None
E1002,PR207,None
E1002,PR934,None
E1002,PR119,None
E1002,PO7654,None
E1914,PO3762,None
E2912,PR306,None
E2912,PR631,None
E2912,PR760,None
E2912,PR353,None
E2912,PO1388,None
E3489,PR421,None
E3489,PO3590,None
E3546,PO2754,None
E3691,PR445,None
E3691,PO414,None
E4149,PR499,None
E4149,PO273,None
E4855,PR583,None
E5207,PR626,None
E5540,PR420,None
E5540,PR508,None
E5540,PR666,None
E5540,PO3920,None
E5548,PR667,None
E5754,PR693,None
E5848,PR705,None
E5868,PO253,None
E6109,PR498,None
E6109,PR735,None
E6109,PR737,None
E6109,PO9179,None
E6649,PO9675,None
E6649,Supplier10,None
E6917,PO9291,None
E6960,PR841,None
E7017,PO839,None
E7017,Supplier22,None
E7185,PR124,None
E7185,PR569,None
E7185,PR882,None
E7185,PR12,None
E7185,PR869,None
E7185,PO9874,None
E7433,PO2814,None
E7829,PR384,None
E7829,PR104,None
E7829,PR593,None
E7829,PR946,None
E7829,PO9420,None
E7840,PO244,None
E7840,Supplier36,None
E7963,PR961,None
E441,PR52,None
E441,PO162,None
E775,PR90,None
E1241,PR148,None
E1277,PR152,None
E1306,PO5313,None
E1941,PR232,None
E2100,PR255,None
E2100,PO9381,None
E2149,PO6595,None
E2149,Supplier2,None
E2359,PO2124,None
E2384,PR289,None
E2460,PO425,None
E2781,PO2897,None
E3068,PR372,None
E4185,PR503,None
E4185,PO1408,None
E4223,PR508,None
E4223,PO4594,None
E5126,PO7893,None
E5391,PO1713,None
E5497,PO8733,None
E5497,Supplier18,None
E5654,PR764,None
E5654,PR825,None
E5654,PR248,None
E5654,PR681,None
E5654,PO2317,None
E5718,PR689,None
E6235,PO6882,None
E6409,PR129,None
E6409,PR831,None
E6409,PR686,None
E6409,PR56,None
E6409,PR488,None
E6409,PR775,None
E6409,PO1899,None
E6554,PO886,None
E7506,PR735,None
E7506,PR907,None
E7506,PO7230,None
E7830,PO9420,None
E8027,PR968,None
E8027,PO2599,None
E8213,PR991,None
E8213,PO8296,None
E4,PO3411,None
E550,PR65,None
E1140,PR136,None
E1439,PR170,None
E1514,PR179,None
E1514,PO397,None
E1740,PO9983,None
E1740,Supplier25,None
E1775,PO3466,None
E2283,PO3122,None
E2314,PO506,None
E2486,PR301,None
E2486,PO6223,None
E2573,PO313,None
E2573,Supplier28,None
E2754,PO523,None
E3007,PO9504,None
E3053,PO2247,None
E3053,Supplier28,None
E3563,PR761,None
E3563,PR588,None
E3563,PR430,None
E3563,PO8006,None
E3648,PO6962,None
E3648,Supplier45,None
E3674,PO9025,None
E3744,PR451,None
E3816,PR459,None
E5234,PR629,None
E5289,PR586,None
E5289,PR635,None
E5289,PO2851,None
E5445,PO9243,None
E5970,PR720,None
E5970,PO5308,None
E6060,PR730,None
E6060,PO1538,None
E6280,PR760,None
E6418,PR517,None
E6418,PR372,None
E6418,PR90,None
E6418,PR364,None
E6418,PR776,None
E6418,PO2399,None
E6620,PR419,None
E6620,PR800,None
E6620,PO4324,None
E6871,PR349,None
E6871,PR176,None
E6871,PR569,None
E6871,PR831,None
E6871,PO2808,None
E6997,PR118,None
E6997,PR627,None
E6997,PR845,None
E6997,PO6577,None
E7248,PR709,None
E7248,PR234,None
E7248,PR876,None
E7248,PO6208,None
E7259,PR853,None
E7259,PR944,None
E7259,PR858,None
E7259,PR973,None
E7259,PR878,None
E7259,PO8783,None
E66,PR154,None
E66,PR741,None
E66,PR8,None
E66,PO6714,None
E140,PR17,None
E140,PO2357,None
E505,PR60,None
E541,PR64,None
E1295,PR154,None
E1486,PR176,None
E2081,PR253,None
E2256,PO7137,None
E2495,PR714,None
E2495,PR302,None
E2495,PO4697,None
E2683,PO1144,None
E2683,Supplier10,None
E2985,PR362,None
E3204,PR387,None
E3204,PO4307,None
E3222,PR91,None
E3222,PR5,None
E3222,PR632,None
E3222,PR531,None
E3222,PR389,None
E3222,PO9535,None
E3478,PR99,None
E3478,PR419,None
E3478,PO6654,None
E3664,PR721,None
E3664,PR442,None
E3664,PO7262,None
E3854,PO4220,None
E3862,PR496,None
E3862,PR16,None
E3862,PR786,None
E3862,PR464,None
E3862,PO1391,None
E4039,PR939,None
E4039,PR797,None
E4039,PR821,None
E4039,PR528,None
E4039,PR722,None
E4039,PR486,None
E4039,PO502,None
E4058,PO1573,None
E4422,PR531,None
E4629,PR554,None
E4661,PR597,None
E4661,PR640,None
E4661,PR807,None
E4661,PR506,None
E4661,PR559,None
E4661,PO5308,None
E5091,PO1404,None
E5091,Supplier28,None
E5318,PR80,None
E5318,PR364,None
E5318,PR225,None
E5318,PR159,None
E5318,PR561,None
E5318,PR639,None
E5318,PO8847,None
E5478,PO833,None
E5616,PR352,None
E5616,PR676,None
E5616,PO9569,None
E5737,PR717,None
E5737,PR852,None
E5737,PR306,None
E5737,PR766,None
E5737,PR691,None
E5737,PO1433,None
E5805,PO8288,None
E5952,PO2778,None
E5952,Supplier35,None
E6199,PO2638,None
E6842,PR732,None
E6842,PR174,None
E6842,PR88,None
E6842,PR827,None
E6842,PO996,None
E6888,PR833,None
E8127,PR980,None
E8210,PR990,None
E8242,PO393,None
E8242,Supplier2,None
E8294,PR1000,None
E8294,PO7524,None
E322,PO7514,None
E322,Supplier2,None
E879,PR103,None
E879,PO2085,None
E1077,PO8024,None
E1152,PR743,None
E1152,PR196,None
E1152,PR895,None
E1152,PR89,None
E1152,PR138,None
E1152,PO5147,None
E1359,PR161,None
E1359,PO7161,None
E1559,PR184,None
E1559,PO4655,None
E1868,PR418,None
E1868,PR223,None
E1868,PO8254,None
E1876,PR224,None
E2322,PR282,None
E2322,PO2937,None
E2886,PO3747,None
E2894,PR730,None
E2894,PR224,None
E2894,PR590,None
E2894,PR351,None
E2894,PO5075,None
E2940,PO7791,None
E3097,PO8064,None
E3636,PO938,None
E3709,PR892,None
E3709,PR580,None
E3709,PR447,None
E3709,PO3285,None
E3962,PR476,None
E4387,PR527,None
E4387,PO3808,None
E4735,PO7424,None
E4735,Supplier15,None
E4782,PR574,None
E4782,PO1246,None
E5018,PO6140,None
E5109,PO542,None
E5109,Supplier36,None
E5381,PR646,None
E5381,PO3168,None
E5455,PO8236,None
E5455,Supplier49,None
E5711,PO289,None
E5728,PR690,None
E5728,PO2740,None
E6014,PR725,None
E6608,PR798,None
E6756,PR816,None
E6805,PO2483,None
E7324,PR851,None
E7324,PR947,None
E7324,PR210,None
E7324,PR593,None
E7324,PR886,None
E7324,PO6459,None
E7342,PR888,None
E7342,PO1095,None
E7533,PR880,None
E7533,PR453,None
E7533,PR464,None
E7533,PR846,None
E7533,PR910,None
E7533,PO8726,None
E7704,PO1110,None
E7765,PR939,None
E8038,PO7965,None
E8038,Supplier49,None
E8065,PO9784,None
E8065,Supplier31,None
E168,PO5791,None
E339,PO8759,None
E368,PR44,None
E588,PO4259,None
E759,PO1679,None
E897,PR715,None
E897,PR327,None
E897,PR851,None
E897,PR266,None
E897,PR105,None
E897,PO3844,None
E1114,PR972,None
E1114,PR577,None
E1114,PR908,None
E1114,PR793,None
E1114,PR313,None
E1114,PR133,None
E1114,PO9811,None
E1170,PR950,None
E1170,PR650,None
E1170,PR140,None
E1170,PO1547,None
E1278,PR94,None
E1278,PR854,None
E1278,PR623,None
E1278,PR152,None
E1278,PO723,None
E1385,PR164,None
E1595,PR188,None
E1595,PO7264,None
E1784,PO8344,None
E2451,PO5942,None
E2673,PO3735,None
E2710,PO9468,None
E2710,Supplier29,None
E2969,PO5219,None
E3547,PO2754,None
E3547,Supplier50,None
E3951,PR474,None
E4288,PR516,None
E4288,PO5050,None
E4743,PO9072,None
E5989,PO8408,None
E6281,PR187,None
E6281,PR760,None
E6281,PO3478,None
E6455,PO6485,None
E6926,PO6264,None
E6961,PR841,None
E6961,PO472,None
E7305,PR884,None
E7378,PR892,None
E7378,PO6636,None
E7405,PR895,None
E7405,PO8448,None
E7416,PO411,None
E7416,Supplier6,None
E7648,PO9996,None
E7783,PR941,None
E8231,PR993,None
E8231,PO942,None
E8278,PO3311,None
E8278,Supplier6,None
E130,PO7594,None
E950,PO4616,None
E950,Supplier34,None
E1604,PR864,None
E1604,PR486,None
E1604,PR189,None
E1604,PO3786,None
E2130,PO2816,None
E2247,PO8210,None
E2351,PO9056,None
E2351,Supplier15,None
E2823,PO5810,None
E3322,PR401,None
E3351,PO7333,None
E3415,PR412,None
E3415,PO3924,None
E3835,PR508,None
E3835,PR461,None
E3835,PO6365,None
E4405,PR564,None
E4405,PR371,None
E4405,PR529,None
E4405,PO4479,None
E4431,PR532,None
E4522,PR542,None
E4522,PO6246,None
E4773,PO2957,None
E4773,Supplier30,None
E4818,PR578,None
E4818,PO1132,None
E5161,PR817,None
E5161,PR656,None
E5161,PR479,None
E5161,PR538,None
E5161,PR620,None
E5161,PO2749,None
E5625,PR677,None
E5625,PO2463,None
E5719,PR689,None
E5719,PO7428,None
E6050,PR729,None
E6338,PO1430,None
E6345,PR768,None
E6712,PR845,None
E6712,PR574,None
E6712,PR811,None
E6712,PO1318,None
E7035,PR850,None
E7035,PO1173,None
E7241,PO6157,None
E7241,Supplier24,None
E7334,PO9584,None
E7657,PO9139,None
E7909,PR955,None
E7937,PR958,None
E7937,PO7179,None
E213,PO83,None
E220,PR26,None
E468,PR82,None
E468,PR794,None
E468,PR142,None
E468,PR55,None
E468,PO2896,None
E506,PR847,None
E506,PR717,None
E506,PR266,None
E506,PR657,None
E506,PR699,None
E506,PR60,None
E506,PO704,None
E597,PO4807,None
E623,PR73,None
E623,PO1562,None
E749,PR87,None
E749,PO9525,None
E984,PR271,None
E984,PR481,None
E984,PR899,None
E984,PR117,None
E984,PO5287,None
E1180,PO5145,None
E1296,PR366,None
E1296,PR283,None
E1296,PR835,None
E1296,PR726,None
E1296,PR154,None
E1296,PO7414,None
E1858,PR222,None
E1951,PR579,None
E1951,PR935,None
E1951,PR629,None
E1951,PR233,None
E1951,PO5671,None
E2122,PO612,None
E2122,Supplier30,None
E2526,PR817,None
E2526,PR105,None
E2526,PR18,None
E2526,PR307,None
E2526,PO6038,None
E2876,PR207,None
E2876,PR349,None
E2876,PO4352,None
E3452,PO8925,None
E3963,PR476,None
E3963,PO8753,None
E4130,PO9446,None
E4137,PR497,None
E4202,PR505,None
E4214,PR412,None
E4214,PR81,None
E4214,PR507,None
E4214,PO2467,None
E4612,PR552,None
E4612,PO1145,None
E4633,PO9553,None
E4654,PO140,None
E4654,Supplier49,None
E4809,PR33,None
E4809,PR388,None
E4809,PR398,None
E4809,PR577,None
E4809,PO9839,None
E6319,PR462,None
E6319,PR291,None
E6319,PR570,None
E6319,PR455,None
E6319,PR241,None
E6319,PR765,None
E6319,PO8,None
E6419,PO2399,None
E6564,PO5104,None
E6564,Supplier22,None
E6588,PR795,None
E6927,PO6264,None
E6927,Supplier8,None
E6934,PR838,None
E6934,PO1284,None
E7203,PR871,None
E7203,PO4772,None
E7628,PR923,None
E7831,PO9420,None
E7831,Supplier26,None
E8214,PO8296,None
E8222,PR992,None
E8222,PO4211,None
E74,PR9,None
E84,PR10,None
E84,PO7329,None
E660,PO298,None
E994,PO6894,None
E2156,PR186,None
E2156,PR262,None
E2156,PO690,None
E2404,PO3001,None
E2508,PR305,None
E2508,PO795,None
E3150,PR381,None
E3150,PO3196,None
E3241,PO8850,None
E3352,PO7333,None
E3352,Supplier48,None
E3528,PO6360,None
E4007,PR481,None
E4011,PR483,None
E4478,PO1116,None
E4486,PR538,None
E4486,PO6269,None
E4697,PR563,None
E4697,PO6667,None
E4810,PO9839,None
E4889,PO3040,None
E4889,Supplier20,None
E5026,PR788,None
E5026,PR605,None
E5026,PO6611,None
E5200,PO4646,None
E5244,PR630,None
E5244,PO2861,None
E5356,PO6714,None
E5356,Supplier39,None
E5821,PR702,None
E5911,PR712,None
E6544,PR790,None
E6544,PO3790,None
E6741,PO9232,None
E6741,Supplier50,None
E7295,PR882,None
E7295,PO9803,None
E7406,PO8448,None
E7441,PR248,None
E7441,PR406,None
E7441,PR425,None
E7441,PR138,None
E7441,PR18,None
E7441,PR899,None
E7441,PO5396,None
E8257,PR996,None
E141,PO2357,None
E275,PR113,None
E275,PR528,None
E275,PR32,None
E275,PO7675,None
E413,PR49,None
E497,PR59,None
E497,PO215,None
E731,PR545,None
E731,PR924,None
E731,PR969,None
E731,PR370,None
E731,PR85,None
E731,PO259,None
E794,PR92,None
E794,PO1952,None
E1078,PO8024,None
E1078,Supplier37,None
E1104,PO3112,None
E1181,PO5145,None
E1181,Supplier37,None
E1710,PR204,None
E3078,PR229,None
E3078,PR373,None
E3078,PO2657,None
E3755,PO2603,None
E3972,PR477,None
E3972,PO3803,None
E4451,PO4821,None
E4744,PO9072,None
E4744,Supplier26,None
E4752,PO4798,None
E4826,PR579,None
E4997,PR270,None
E4997,PR640,None
E4997,PR655,None
E4997,PR601,None
E4997,PO7716,None
E5371,PR645,None
E5408,PR538,None
E5408,PR649,None
E5408,PO6692,None
E5701,PR687,None
E5701,PO2073,None
E6080,PR731,None
E6080,PR733,None
E6080,PO841,None
E6163,PO4088,None
E6677,PO6831,None
E7221,PR883,None
E7221,PR873,None
E7221,PO9477,None
E7459,PR119,None
E7459,PR541,None
E7459,PR288,None
E7459,PR628,None
E7459,PR63,None
E7459,PR901,None
E7459,PO4835,None
E7552,PO800,None
E7685,PR327,None
E7685,PR267,None
E7685,PR853,None
E7685,PR148,None
E7685,PR930,None
E7685,PO5049,None
E7847,PR948,None
E7847,PO3229,None
E8010,PO8340,None
E8249,PR942,None
E8249,PR995,None
E8249,PO6411,None
E11,PR2,None
E569,PR67,None
E569,PO1077,None
E624,PO1562,None
E767,PR700,None
E767,PR89,None
E767,PO874,None
E1406,PO1996,None
E1406,Supplier32,None
E1631,PR192,None
E1631,PO5660,None
E1679,PO180,None
E1832,PR535,None
E1832,PR269,None
E1832,PR219,None
E1832,PO587,None
E1896,PO4634,None
E2257,PO7137,None
E2257,Supplier6,None
E2366,PR287,None
E2396,PO4725,None
E2396,Supplier1,None
E2420,PR293,None
E2431,PO7733,None
E2638,PO5655,None
E2638,Supplier35,None
E2755,PO523,None
E2755,Supplier12,None
E2771,PR500,None
E2771,PR670,None
E2771,PR310,None
E2771,PR454,None
E2771,PR335,None
E2771,PO9274,None
E2867,PR261,None
E2867,PR348,None
E2867,PO2510,None
E2996,PR364,None
E3088,PO1838,None
E3260,PR368,None
E3260,PR802,None
E3260,PR424,None
E3260,PR252,None
E3260,PR394,None
E3260,PO8841,None
E3790,PR456,None
E3790,PO3431,None
E3845,PO1342,None
E3980,PR478,None
E4557,PR546,None
E4753,PO4798,None
E4753,Supplier2,None
E5071,PR817,None
E5071,PR610,None
E5071,PO8814,None
E5607,PR813,None
E5607,PR528,None
E5607,PR675,None
E5607,PO3091,None
E5729,PO2740,None
E5793,PR698,None
E5793,PO3059,None
E5903,PR711,None
E5903,PO9226,None
E6355,PR537,None
E6355,PR133,None
E6355,PR107,None
E6355,PR769,None
E6355,PO1149,None
E6935,PO1284,None
E7720,PR934,None
E489,PO2224,None
E1642,PR194,None
E1642,PO9079,None
E1933,PR924,None
E1933,PR634,None
E1933,PR46,None
E1933,PR483,None
E1933,PR231,None
E1933,PO6229,None
E2044,PR248,None
E2044,PO6825,None
E2055,PO2524,None
E2055,Supplier33,None
E2441,PR296,None
E2441,PO3818,None
E2516,PR306,None
E2619,PO2879,None
E2763,PO9154,None
E2877,PO4352,None
E2970,PO5219,None
E2970,Supplier2,None
E3042,PR369,None
E3042,PO574,None
E4141,PO8024,None
E4326,PO8059,None
E4326,Supplier46,None
E5446,PO9243,None
E5446,Supplier14,None
E5947,PR716,None
E6182,PO7521,None
E6182,Supplier33,None
E6253,PO6550,None
E6581,PO3519,None
E6613,PO3385,None
E6613,Supplier30,None
E7542,PR911,None
E7542,PO238,None
E7820,PR945,None
E7820,PO5042,None
E8074,PR974,None
E8074,PO2693,None
E8285,PR281,None
E8285,PR999,None
E8285,PO3968,None
E22,PO7304,None
E30,PR4,None
E30,PO9809,None
E93,PR233,None
E93,PR11,None
E93,PO8720,None
E422,PR50,None
E542,PR64,None
E542,PO3080,None
E551,PR65,None
E551,PO4643,None
E614,PR442,None
E614,PR515,None
E614,PR667,None
E614,PR876,None
E614,PR453,None
E614,PR72,None
E614,PO5795,None
E669,PO4465,None
E1242,PR148,None
E1242,PO3861,None
E1686,PR199,None
E3737,PO8028,None
E3925,PR471,None
E3925,PO9313,None
E4539,PR544,None
E4846,PR582,None
E5190,PR624,None
E5190,PO3357,None
E5522,PR704,None
E5522,PR548,None
E5522,PR652,None
E5522,PR664,None
E5522,PO1481,None
E5773,PR412,None
E5773,PR706,None
E5773,PR398,None
E5773,PR695,None
E5773,PO3106,None
E6143,PO1138,None
E6218,PO1124,None
E6218,Supplier16,None
E6346,PR768,None
E6346,PO2591,None
E6390,PR773,None
E7064,PO1663,None
E7064,Supplier5,None
E7296,PO9803,None
E7369,PR533,None
E7369,PR890,None
E7369,PR724,None
E7369,PR891,None
E7369,PO8428,None
E7714,PO1218,None
E7714,Supplier20,None
E94,PO8720,None
E221,PR26,None
E221,PO565,None
E406,PO9607,None
E559,PR66,None
E1068,PO6158,None
E1206,PR144,None
E1206,PO7674,None
E1412,PR167,None
E1972,PO4440,None
E2082,PR253,None
E2082,PO4740,None
E2165,PR347,None
E2165,PR605,None
E2165,PR846,None
E2165,PR263,None
E2165,PO4719,None
E2315,PO506,None
E2315,Supplier46,None
E3389,PO2973,None
E3442,PR415,None
E3442,PO3332,None
E4084,PR744,None
E4084,PR600,None
E4084,PR491,None
E4084,PO7639,None
E4271,PO7711,None
E4540,PR265,None
E4540,PR544,None
E4540,PO1610,None
E5127,PO7893,None
E5127,Supplier35,None
E5365,PO3709,None
E5365,Supplier47,None
E5663,PR682,None
E5663,PO2423,None
E5840,PR742,None
E5840,PR535,None
E5840,PR45,None
E5840,PR704,None
E5840,PO109,None
E6190,PO9594,None
E6320,PO8,None
E6391,PR532,None
E6391,PR717,None
E6391,PR553,None
E6391,PR773,None
E6391,PO5792,None
E6499,PR785,None
E6499,PO6527,None
E6657,PO3601,None
E6880,PR832,None
E6880,PO5307,None
E6952,PR840,None
E6952,PO662,None
E7156,PR865,None
E7156,PO586,None
E7230,PR562,None
E7230,PR408,None
E7230,PR789,None
E7230,PR874,None
E7230,PO9138,None
E7478,PO4177,None
E7486,PR925,None
E7486,PR171,None
E7486,PR900,None
E7486,PR487,None
E7486,PR904,None
E7486,PO9948,None
E7739,PR46,None
E7739,PR796,None
E7739,PR262,None
E7739,PR936,None
E7739,PO6683,None
E7983,PO5166,None
E58,PO7204,None
E976,PO9814,None
E1235,PO1909,None
E1235,Supplier36,None
E1251,PR223,None
E1251,PR154,None
E1251,PR149,None
E1251,PO5267,None
E1478,PR175,None
E1478,PO1070,None
E1515,PO397,None
E1821,PR126,None
E1821,PR947,None
E1821,PR217,None
E1821,PO8544,None
E2432,PO7733,None
E2432,Supplier41,None
E2929,PR355,None
E3142,PO1926,None
E3380,PO6340,None
E3572,PR431,None
E3572,PO9311,None
E3781,PR946,None
E3781,PR701,None
E3781,PR883,None
E3781,PR551,None
E3781,PR455,None
E3781,PO8441,None
E3880,PR466,None
E3880,PO3430,None
E4708,PO941,None
E4708,Supplier33,None
E5419,PO6,None
E5419,Supplier3,None
E5586,PR672,None
E5626,PO2463,None
E6110,PO9179,None
E6300,PO7566,None
E6364,PR829,None
E6364,PR28,None
E6364,PR20,None
E6364,PR422,None
E6364,PR770,None
E6364,PO3316,None
E6445,PR779,None
E6445,PO1261,None
E6723,PO353,None
E6723,Supplier34,None
E6944,PO8885,None
E7026,PR722,None
E7026,PR49,None
E7026,PR934,None
E7026,PR115,None
E7026,PR859,None
E7026,PR849,None
E7026,PO4410,None
E7055,PO2178,None
E7055,Supplier11,None
E7883,PR446,None
E7883,PR270,None
E7883,PR952,None
E7883,PO5934,None
E8165,PR985,None
E231,PO9326,None
E1497,PO6910,None
E1651,PR71,None
E1651,PR195,None
E1651,PO2170,None
E2091,PR523,None
E2091,PR904,None
E2091,PR841,None
E2091,PR513,None
E2091,PR65,None
E2091,PR254,None
E2091,PO4869,None
E3315,PO4590,None
E3443,PO3332,None
E4040,PO502,None
E4263,PO8600,None
E4263,Supplier37,None
E4914,PR591,None
E4914,PO2465,None
E5063,PO9408,None
E5437,PO1799,None
E5437,Supplier44,None
E5876,PR524,None
E5876,PR644,None
E5876,PR157,None
E5876,PR708,None
E5876,PO764,None
E5920,PR713,None
E6072,PO9606,None
E6111,PO9179,None
E6111,Supplier47,None
E6308,PR26,None
E6308,PR31,None
E6308,PR777,None
E6308,PR763,None
E6308,PO5994,None
E6519,PO9305,None
E6519,Supplier41,None
E6898,PR834,None
E6898,PO1805,None
E7639,PO6503,None
E7658,PO9139,None
E7658,Supplier15,None
E7928,PR857,None
E7928,PR350,None
E7928,PR538,None
E7928,PR281,None
E7928,PR957,None
E7928,PO5529,None
E7955,PR960,None
E7955,PO541,None
E8118,PR979,None
E8268,PO447,None
E40,PO9981,None
E347,PR40,None
E347,PO7249,None
E1622,PR191,None
E1622,PO9559,None
E2228,PR270,None
E2228,PO7879,None
E2470,PO4715,None
E2470,Supplier1,None
E2645,PR227,None
E2645,PR41,None
E2645,PR24,None
E2645,PR847,None
E2645,PR374,None
E2645,PR321,None
E2645,PO131,None
E2986,PR573,None
E2986,PR140,None
E2986,PR458,None
E2986,PR995,None
E2986,PR719,None
E2986,PR362,None
E2986,PO7443,None
E3025,PO8930,None
E3179,PO2712,None
E3179,Supplier40,None
E3435,PO6032,None
E3435,Supplier38,None
E4047,PR487,None
E4067,PO6111,None
E4085,PO7639,None
E4452,PO4821,None
E4452,Supplier24,None
E4566,PR547,None
E4877,PR587,None
E4962,PO4955,None
E4989,PO6174,None
E5869,PO253,None
E5869,Supplier25,None
E6144,PO1138,None
E6144,Supplier34,None
E6456,PO6485,None
E6456,Supplier47,None
E6465,PO7649,None
E6465,Supplier41,None
E6582,PO3519,None
E6582,Supplier34,None
E7036,PO1173,None
E7231,PO9138,None
E8103,PO2090,None
E8103,Supplier16,None
E887,PR104,None
E1887,PO4702,None
E1952,PO5671,None
E2275,PO2566,None
E2275,Supplier20,None
E2377,PO1817,None
E2477,PR300,None
E2477,PO3833,None
E2517,PR306,None
E2517,PO1193,None
E2850,PO8958,None
E3195,PR386,None
E3195,PO7055,None
E4023,PO2161,None
E4023,Supplier42,None
E4095,PO2675,None
E4095,Supplier44,None
E4604,PO8982,None
E4662,PO5308,None
E4698,PO6667,None
E4933,PO799,None
E5100,PO6272,None
E5100,Supplier14,None
E5253,PR631,None
E5253,PO3340,None
E5310,PO2057,None
E5978,PR721,None
E6356,PO1149,None
E6813,PR823,None
E6813,PO8447,None
E7211,PR872,None
E7249,PO6208,None
E8028,PO2599,None
E120,PR645,None
E120,PR104,None
E120,PR296,None
E120,PR14,None
E120,PO1660,None
E150,PO5353,None
E340,PO8759,None
E340,Supplier17,None
E1440,PR357,None
E1440,PR832,None
E1440,PR871,None
E1440,PR170,None
E1440,PO9902,None
E1504,PR178,None
E1822,PO8544,None
E2109,PR256,None
E2109,PO8498,None
E2411,PR292,None
E2726,PR167,None
E2726,PR901,None
E2726,PR330,None
E2726,PO4858,None
E2903,PR352,None
E2903,PO6434,None
E2977,PR361,None
E2977,PO6670,None
E3205,PO4307,None
E3684,PO3757,None
E3684,Supplier29,None
E3745,PR451,None
E3745,PO5173,None
E3981,PR478,None
E3981,PO6620,None
E4150,PO273,None
E4167,PR501,None
E4167,PO9591,None
E4388,PO3808,None
E4663,PO5308,None
E4663,Supplier2,None
E4923,PR917,None
E4923,PR920,None
E4923,PR592,None
E4923,PO132,None
E4952,PO7062,None
E4952,Supplier26,None
E5271,PR633,None
E5271,PO3581,None
E5531,PR309,None
E5531,PR32,None
E5531,PR665,None
E5531,PO2322,None
E5627,PO2463,None
E5627,Supplier36,None
E5806,PO8288,None
E5806,Supplier19,None
E5929,PR714,None
E6272,PR759,None
E6272,PO8606,None
E6535,PR684,None
E6535,PR657,None
E6535,PR778,None
E6535,PR928,None
E6535,PR789,None
E6535,PO1435,None
E6591,PR796,None
E6591,PO9296,None
E6796,PO2790,None
E6843,PO996,None
E8019,PO7665,None
E196,PO143,None
E196,Supplier43,None
E257,PR30,None
E257,PO3704,None
E285,PO8937,None
E388,PO7916,None
E452,PO5040,None
E452,Supplier1,None
E524,PR62,None
E524,PO9880,None
E625,PO1562,None
E625,Supplier13,None
E650,PR281,None
E650,PR76,None
E650,PO566,None
E696,PO3297,None
E1953,PO5671,None
E1953,Supplier10,None
E1985,PO6500,None
E3123,PR378,None
E3123,PO6393,None
E4361,PO7904,None
E4468,PR584,None
E4468,PR904,None
E4468,PR334,None
E4468,PR536,None
E4468,PO1028,None
E4531,PR543,None
E4531,PO9390,None
E4642,PO9902,None
E4669,PR560,None
E4724,PR41,None
E4724,PR570,None
E4724,PR829,None
E4724,PR695,None
E4724,PR566,None
E4724,PO9499,None
E5144,PO2684,None
E5280,PR634,None
E5280,PO4624,None
E5513,PR414,None
E5513,PR365,None
E5513,PR663,None
E5513,PO4493,None
E5549,PR981,None
E5549,PR468,None
E5549,PR766,None
E5549,PR667,None
E5549,PO4633,None
E5720,PO7428,None
E5904,PO9226,None
E6137,PR741,None
E6154,PO4300,None
E6372,PR771,None
E6774,PR818,None
E6970,PR938,None
E6970,PR143,None
E6970,PR333,None
E6970,PR155,None
E6970,PR842,None
E6970,PO937,None
E7948,PO2251,None
E7948,Supplier34,None
E7956,PO541,None
E7964,PR961,None
E7964,PO4189,None
E8203,PO1853,None
E249,PO1521,None
E313,PO6416,None
E313,Supplier17,None
E442,PO162,None
E1188,PR11,None
E1188,PR680,None
E1188,PR392,None
E1188,PR860,None
E1188,PR781,None
E1188,PR142,None
E1188,PO7610,None
E1260,PR150,None
E1260,PO8010,None
E1350,PR979,None
E1350,PR160,None
E1350,PO3627,None
E1612,PR190,None
E1722,PO562,None
E1722,Supplier38,None
E2063,PO3226,None
E3098,PO8064,None
E3098,Supplier23,None
E4792,PO8489,None
E5579,PO7622,None
E6704,PO5927,None
E7232,PO9138,None
E7232,Supplier49,None
E7286,PR547,None
E7286,PR508,None
E7286,PR881,None
E7286,PO4501,None
E7360,PR890,None
E7360,PO6998,None
E7422,PR897,None
E7731,PO6193,None
E570,PO1077,None
E687,PO3101,None
E786,PO5283,None
E1451,PO7050,None
E1451,Supplier33,None
E2700,PO1192,None
E3718,PR448,None
E3718,PO3010,None
E3863,PO1391,None
E4194,PR504,None
E4194,PO2086,None
E4370,PO3873,None
E4577,PO7667,None
E5372,PR645,None
E5372,PO4204,None
E5514,PO4493,None
E5971,PO5308,None
E6090,PO8834,None
E6474,PO9250,None
E6474,Supplier10,None
E6678,PO6831,None
E6678,Supplier27,None
E7007,PO4581,None
E7097,PR857,None
E7177,PO1978,None
E8215,PO8296,None
E8215,Supplier42,None
E95,PO8720,None
E95,Supplier5,None
E302,PR35,None
E302,PO3211,None
E543,PO3080,None
E1360,PO7161,None
E1377,PR163,None
E1377,PO2969,None
E1458,PR777,None
E1458,PR172,None
E1458,PO3661,None
E1469,PR174,None
E1469,PO8887,None
E1479,PO1070,None
E2562,PR311,None
E2562,PO633,None
E2690,PR548,None
E2690,PR326,None
E2690,PO3680,None
E3397,PR79,None
E3397,PR388,None
E3397,PR410,None
E3397,PO213,None
E3710,PO3285,None
E3773,PO2297,None
E3908,PO590,None
E4151,PO273,None
E4151,Supplier3,None
E4343,PO5254,None
E4479,PO1116,None
E4479,Supplier10,None
E5336,PR641,None
E5336,PO4573,None
E5505,PO9488,None
E6033,PR81,None
E6033,PR432,None
E6033,PR198,None
E6033,PR405,None
E6033,PR727,None
E6033,PO2511,None
E6289,PR761,None
E6527,PO5523,None
E7089,PR856,None
E7089,PO4436,None
E7573,PO8426,None
E7573,Supplier38,None
E7758,PO5896,None
E49,PO9506,None
E67,PO6714,None
E101,PR12,None
E159,PO1800,None
E498,PO215,None
E1040,PR124,None
E1040,PO8873,None
E1199,PO4347,None
E1199,Supplier37,None
E1422,PR168,None
E1422,PO6020,None
E1516,PO397,None
E1516,Supplier41,None
E1523,PR779,None
E1523,PR621,None
E1523,PR494,None
E1523,PR196,None
E1523,PR603,None
E1523,PR180,None
E1523,PO422,None
E1776,PO3466,None
E1776,Supplier13,None
E2331,PR912,None
E2331,PR283,None
E2331,PO183,None
E2590,PO9904,None
E2812,PR342,None
E2887,PO3747,None
E2887,Supplier37,None
E3390,PO2973,None
E3390,Supplier13,None
E3470,PO1990,None
E3553,PR429,None
E3943,PR489,None
E3943,PR983,None
E3943,PR599,None
E3943,PR997,None
E3943,PR407,None
E3943,PR473,None
E3943,PO4450,None
E4031,PO4869,None
E4289,PO5050,None
E5053,PR608,None
E5053,PO14,None
E5263,PO1597,None
E5272,PO3581,None
E5765,PO1128,None
E5940,PO3223,None
E6015,PR725,None
E6015,PO2764,None
E6321,PO8,None
E6321,Supplier40,None
E6446,PO1261,None
E6705,PO5927,None
E6705,Supplier25,None
E6825,PO3564,None
E6918,PO9291,None
E6918,Supplier49,None
E6998,PO6577,None
E7270,PO8632,None
E7270,Supplier38,None
E7450,PR65,None
E7450,PR776,None
E7450,PR757,None
E7450,PR900,None
E7450,PO7148,None
E7468,PR693,None
E7468,PR604,None
E7468,PR644,None
E7468,PR790,None
E7468,PR526,None
E7468,PR902,None
E7468,PO7511,None
E7766,PR854,None
E7766,PR63,None
E7766,PR370,None
E7766,PR939,None
E7766,PO3789,None
E113,PO8662,None
E113,Supplier49,None
E605,PR749,None
E605,PR51,None
E605,PR71,None
E605,PO5936,None
E688,PO3101,None
E688,Supplier22,None
E833,PO6355,None
E1243,PO3861,None
E1314,PR910,None
E1314,PR533,None
E1314,PR310,None
E1314,PR156,None
E1314,PO6815,None
E1652,PO2170,None
E1803,PO7961,None
E1803,Supplier12,None
E2036,PO5723,None
E3323,PR629,None
E3323,PR672,None
E3323,PR225,None
E3323,PR272,None
E3323,PR926,None
E3323,PR401,None
E3323,PO8963,None
E3500,PR423,None
E3500,PO5732,None
E4378,PR488,None
E4378,PR795,None
E4378,PR526,None
E4378,PO6329,None
E4523,PO6246,None
E4838,PR131,None
E4838,PR227,None
E4838,PR155,None
E4838,PR7,None
E4838,PR581,None
E4838,PO5670,None
E4969,PR598,None
E5245,PO2861,None
E5281,PO4624,None
E5774,PO3106,None
E6243,PR755,None
E6243,PO1877,None
E7149,PO5448,None
E7149,Supplier23,None
E7157,PO586,None
E7204,PO4772,None
E7665,PR115,None
E7665,PR927,None
E7665,PO6203,None
E7748,PR937,None
E7748,PO6960,None
E7921,PO5167,None
E7921,Supplier33,None
E8128,PR980,None
E8128,PO9729,None
E1094,PR130,None
E1094,PO8618,None
E2131,PO2816,None
E2131,Supplier38,None
E2284,PO3122,None
E2284,Supplier33,None
E2627,PR911,None
E2627,PR183,None
E2627,PR861,None
E2627,PR121,None
E2627,PR319,None
E2627,PO2523,None
E2737,PO4777,None
E2737,Supplier31,None
E3279,PO6518,None
E3296,PR398,None
E3296,PO3249,None
E3416,PO3924,None
E3599,PR434,None
E3599,PO4980,None
E3675,PO9025,None
E3675,Supplier10,None
E3808,PR880,None
E3808,PR88,None
E3808,PR66,None
E3808,PR33,None
E3808,PR458,None
E3808,PO4561,None
E4867,PR393,None
E4867,PR585,None
E4867,PO6168,None
E5219,PO6204,None
E5219,Supplier22,None
E5550,PO4633,None
E5747,PO6032,None
E5831,PR861,None
E5831,PR190,None
E5831,PR703,None
E5831,PO5541,None
E6428,PO334,None
E6666,PO5396,None
E6673,PR806,None
E6778,PO6857,None
E7335,PO9584,None
E7335,Supplier23,None
E7387,PR893,None
E7387,PO6378,None
E7543,PO238,None
E293,PR34,None
E293,PO6312,None
E812,PR933,None
E812,PR782,None
E812,PR94,None
E812,PO5360,None
E853,PO2317,None
E1224,PR146,None
E1224,PO3708,None
E1343,PO89,None
E1343,Supplier45,None
E1524,PO422,None
E1765,PR357,None
E1765,PR382,None
E1765,PR99,None
E1765,PR287,None
E1765,PR966,None
E1765,PR210,None
E1765,PO1432,None
E2553,PR310,None
E2553,PO5209,None
E2663,PR967,None
E2663,PR843,None
E2663,PR68,None
E2663,PR525,None
E2663,PR982,None
E2663,PR323,None
E2663,PO1368,None
E3160,PO1917,None
E3231,PR152,None
E3231,PR619,None
E3231,PR13,None
E3231,PR638,None
E3231,PR649,None
E3231,PR390,None
E3231,PO407,None
E3590,PR952,None
E3590,PR370,None
E3590,PR458,None
E3590,PR64,None
E3590,PR395,None
E3590,PR433,None
E3590,PO6975,None
E3618,PO9808,None
E3791,PO3431,None
E3801,PO1757,None
E3801,Supplier20,None
E4670,PR560,None
E4670,PO3059,None
E5463,PO5278,None
E5683,PR685,None
E5683,PO1580,None
E6130,PO279,None
E6826,PO3564,None
E6826,Supplier22,None
E7306,PR884,None
E7306,PO1748,None
E7396,PR894,None
E7396,PO482,None
E7609,PR372,None
E7609,PR928,None
E7609,PR920,None
E7609,PO6412,None
E7794,PO2155,None
E7984,PO5166,None
E7984,Supplier12,None
E205,PO310,None
E205,Supplier3,None
E1361,PO7161,None
E1361,Supplier5,None
E1432,PO9592,None
E2824,PO5810,None
E2824,Supplier26,None
E2997,PR444,None
E2997,PR841,None
E2997,PR657,None
E2997,PR364,None
E2997,PO1261,None
E3161,PO1917,None
E3161,Supplier16,None
E3261,PO8841,None
E3933,PR472,None
E6309,PO5994,None
E6436,PR941,None
E6436,PR778,None
E6436,PO8271,None
E6629,PR512,None
E6629,PR363,None
E6629,PR228,None
E6629,PR1,None
E6629,PR801,None
E6629,PO4730,None
E7352,PO730,None
E7580,PR916,None
E7580,PO1115,None
E258,PO3704,None
E379,PO3043,None
E389,PO7916,None
E389,Supplier46,None
E898,PO3844,None
E937,PR111,None
E937,PO1666,None
E1085,PR558,None
E1085,PR629,None
E1085,PR129,None
E1085,PO6307,None
E1587,PO5932,None
E2006,PR465,None
E2006,PR22,None
E2006,PR368,None
E2006,PR243,None
E2006,PO3034,None
E2074,PO8157,None
E2229,PO7879,None
E3242,PO8850,None
E3242,Supplier28,None
E3608,PR435,None
E3608,PO427,None
E3626,PR437,None
E3626,PO6933,None
E3746,PO5173,None
E4352,PO5757,None
E4981,PO9796,None
E4981,Supplier29,None
E5684,PO1580,None
E6120,PO6090,None
E6120,Supplier34,None
E6357,PO1149,None
E6357,Supplier11,None
E6400,PR908,None
E6400,PR766,None
E6400,PR260,None
E6400,PR696,None
E6400,PR153,None
E6400,PR774,None
E6400,PO4044,None
E6881,PO5307,None
E7125,PR740,None
E7125,PR701,None
E7125,PR924,None
E7125,PR476,None
E7125,PR860,None
E7125,PO7165,None
E7479,PO4177,None
E7479,Supplier22,None
E41,PO9981,None
E41,Supplier6,None
E490,PO2224,None
E490,Supplier1,None
E768,PO874,None
E1671,PO1357,None
E1671,Supplier10,None
E2304,PR562,None
E2304,PR85,None
E2304,PR280,None
E2304,PO1137,None
E2478,PO3833,None
E2646,PO131,None
E2859,PO3983,None
E2923,PO2002,None
E2923,Supplier36,None
E2941,PO7791,None
E2941,Supplier2,None
E2949,PO7853,None
E3133,PO6888,None
E3479,PO6654,None
E3490,PO3590,None
E3826,PR460,None
E3826,PO9030,None
E3889,PR467,None
E3889,PO8134,None
E4177,PO8673,None
E4371,PO3873,None
E4371,Supplier26,None
E4442,PO829,None
E4550,PO7072,None
E4811,PO9839,None
E4811,Supplier39,None
E5329,PO19,None
E5329,Supplier3,None
E5766,PO1128,None
E5766,Supplier10,None
E6043,PO6571,None
E6225,PR85,None
E6225,PR28,None
E6225,PR824,None
E6225,PR295,None
E6225,PR268,None
E6225,PR753,None
E6225,PO820,None
E6273,PO8606,None
E6731,PO5318,None
E7705,PO1110,None
E7705,Supplier41,None
E7965,PO4189,None
E861,PR101,None
E861,PO7539,None
E1133,PO9389,None
E1141,PR229,None
E1141,PR136,None
E1141,PO7965,None
E1332,PR443,None
E1332,PR708,None
E1332,PR619,None
E1332,PR413,None
E1332,PR158,None
E1332,PO9488,None
E1525,PO422,None
E1525,Supplier26,None
E1747,PR208,None
E1747,PO7660,None
E2037,PO5723,None
E2037,Supplier33,None
E2452,PO5942,None
E2452,Supplier23,None
E2764,PO9154,None
E2764,Supplier49,None
E3855,PO4220,None
E3855,Supplier49,None
E4059,PO1573,None
E4059,Supplier16,None
E4103,PO8075,None
E4159,PO4355,None
E4224,PO4594,None
E4396,PR528,None
E4396,PO3302,None
E4578,PO7667,None
E4578,Supplier29,None
E4586,PO7856,None
E4688,PR562,None
E4688,PO6439,None
E5580,PO7622,None
E5580,Supplier17,None
E5685,PO1580,None
E5685,Supplier19,None
E5721,PO7428,None
E5721,Supplier20,None
E6384,PO3373,None
E6384,Supplier27,None
E286,PO8937,None
E286,Supplier34,None
E414,PR859,None
E414,PR911,None
E414,PR637,None
E414,PR108,None
E414,PR49,None
E414,PO1139,None
E443,PO162,None
E443,Supplier38,None
E1279,PO723,None
E1480,PO1070,None
E1480,Supplier49,None
E1498,PO6910,None
E1498,Supplier13,None
E1785,PO8344,None
E1785,Supplier42,None
E1869,PO8254,None
E2027,PO4504,None
E2210,PR268,None
E2210,PO3689,None
E2219,PR269,None
E2219,PO5800,None
E3143,PO1926,None
E3143,Supplier1,None
E3728,PO8542,None
E4634,PO9553,None
E4634,Supplier44,None
E5044,PR883,None
E5044,PR607,None
E5044,PO5830,None
E5392,PO1713,None
E5392,Supplier50,None
E6908,PO1890,None
E7072,PO4264,None
E7108,PO2703,None
E7434,PO2814,None
E7434,Supplier41,None
E7619,PO3624,None
E7696,PO2531,None
E7696,Supplier25,None
E142,PO2357,None
E142,Supplier31,None
E239,PR28,None
E239,PO7766,None
E369,PR381,None
E369,PR809,None
E369,PR44,None
E369,PO8639,None
E1031,PR944,None
E1031,PR552,None
E1031,PR407,None
E1031,PR123,None
E1031,PO9984,None
E1069,PO6158,None
E1069,Supplier4,None
E1766,PO1432,None
E2007,PO3034,None
E2461,PO425,None
E2461,Supplier7,None
E2496,PO4697,None
E2674,PO3735,None
E2674,Supplier20,None
E2860,PO3983,None
E2860,Supplier43,None
E3332,PR596,None
E3332,PR379,None
E3332,PR358,None
E3332,PR366,None
E3332,PR402,None
E3332,PO2660,None
E3520,PO2399,None
E3520,Supplier28,None
E3637,PO938,None
E3637,Supplier14,None
E3655,PR82,None
E3655,PR620,None
E3655,PR480,None
E3655,PR441,None
E3655,PO3124,None
E3898,PR468,None
E3898,PO2019,None
E4252,PR512,None
E4252,PO8222,None
E4605,PO8982,None
E4605,Supplier41,None
E4990,PO6174,None
E4990,Supplier49,None
E4998,PO7716,None
E5054,PO14,None
E5672,PR719,None
E5672,PR244,None
E5672,PR683,None
E5672,PO3020,None
E5885,PR709,None
E5885,PO6663,None
E6007,PO6286,None
E6026,PO3639,None
E6026,Supplier7,None
E7081,PO3450,None
E7388,PO6378,None
E7515,PR489,None
E7515,PR557,None
E7515,PR920,None
E7515,PR908,None
E7515,PO3543,None
E7590,PO2524,None
E250,PO1521,None
E250,Supplier37,None
E469,PO2896,None
E641,PR75,None
E641,PO1689,None
E968,PO1591,None
E968,Supplier15,None
E1280,PO723,None
E1280,Supplier27,None
E1577,PR240,None
E1577,PR499,None
E1577,PR904,None
E1577,PR592,None
E1577,PR104,None
E1577,PR186,None
E1577,PO5032,None
E2193,PO7680,None
E2831,PR344,None
E2831,PO4520,None
E3008,PO9504,None
E3008,Supplier46,None
E3288,PO9585,None
E3407,PO5743,None
E3918,PO3030,None
E3918,Supplier23,None
E3964,PO8753,None
E4203,PR505,None
E4203,PO2961,None
E5116,PR184,None
E5116,PR28,None
E5116,PR374,None
E5116,PR615,None
E5116,PO3322,None
E5693,PO3465,None
E6101,PO1045,None
E6236,PO6882,None
E6236,Supplier22,None
E6254,PO6550,None
E6254,Supplier1,None
E6713,PO1318,None
E7938,PO7179,None
E75,PR9,None
E75,PO1984,None
E151,PO5353,None
E151,Supplier24,None
E169,PO5791,None
E169,Supplier46,None
E1115,PO9811,None
E1325,PO7078,None
E1325,Supplier1,None
E2487,PO6223,None
E3033,PR368,None
E3033,PO8200,None
E3069,PR372,None
E3069,PO1395,None
E3271,PO7907,None
E3271,Supplier4,None
E3424,PR729,None
E3424,PR219,None
E3424,PR665,None
E3424,PR874,None
E3424,PR510,None
E3424,PR413,None
E3424,PO3024,None
E3627,PO6933,None
E3729,PO8542,None
E3729,Supplier44,None
E3881,PO3430,None
E4532,PO9390,None
E4715,PR565,None
E4715,PO8543,None
E5201,PO4646,None
E5201,Supplier25,None
E5227,PO7027,None
E5298,PR636,None
E5298,PO7120,None
E5673,PO3020,None
E5961,PR719,None
E5961,PO2812,None
E6200,PO2638,None
E6200,Supplier8,None
E6365,PO3316,None
E6788,PO5385,None
E6788,Supplier25,None
E6806,PO2483,None
E6806,Supplier35,None
E7874,PR951,None
E7874,PO359,None
E8045,PR970,None
E8045,PO2544,None
E760,PO1679,None
E760,Supplier32,None
E1661,PO4866,None
E2101,PO9381,None
E2202,PO7814,None
E3186,PR440,None
E3186,PR452,None
E3186,PR385,None
E3186,PO9837,None
E3719,PO3010,None
E3765,PO1855,None
E3765,Supplier42,None
E4112,PO9703,None
E4131,PO9446,None
E4131,Supplier46,None
E4432,PR509,None
E4432,PR908,None
E4432,PR41,None
E4432,PR977,None
E4432,PR971,None
E4432,PR532,None
E4432,PO6602,None
E4716,PO8543,None
E4802,PO5553,None
E4802,Supplier20,None
E5037,PO5078,None
E5037,Supplier22,None
E5135,PO6057,None
E5153,PO1017,None
E5290,PO2851,None
E5426,PR69,None
E5426,PR609,None
E5426,PR136,None
E5426,PR258,None
E5426,PR651,None
E5426,PO2801,None
E5559,PO430,None
E6492,PO6133,None
E6492,Supplier41,None
E6844,PO996,None
E6844,Supplier30,None
E6852,PO6351,None
E7526,PO6361,None
E7526,Supplier16,None
E1003,PO7654,None
E1841,PR881,None
E1841,PR220,None
E1841,PO6479,None
E2602,PO6380,None
E2602,Supplier6,None
E2610,PO7538,None
E2745,PO9372,None
E2803,PO1444,None
E3070,PO1395,None
E3554,PR504,None
E3554,PR429,None
E3554,PO4049,None
E3582,PO6473,None
E3711,PO3285,None
E3711,Supplier37,None
E3827,PO9030,None
E4068,PO6111,None
E4068,Supplier3,None
E4297,PR517,None
E4297,PO6328,None
E4622,PO4782,None
E4856,PR857,None
E4856,PR757,None
E4856,PR69,None
E4856,PR482,None
E4856,PR583,None
E4856,PO4460,None
E5541,PO3920,None
E5730,PO2740,None
E5730,Supplier44,None
E6061,PO1538,None
E6207,PR751,None
E6207,PO8255,None
E6555,PO886,None
E6555,Supplier47,None
E560,PR318,None
E560,PR854,None
E560,PR66,None
E560,PO1025,None
E1823,PO8544,None
E1823,Supplier9,None
E1888,PO4702,None
E1888,Supplier29,None
E1924,PR530,None
E1924,PR926,None
E1924,PR41,None
E1924,PR230,None
E1924,PO1727,None
E1942,PR126,None
E1942,PR91,None
E1942,PR405,None
E1942,PR554,None
E1942,PR232,None
E1942,PO8602,None
E3262,PO8841,None
E3262,Supplier12,None
E3460,PR260,None
E3460,PR249,None
E3460,PR572,None
E3460,PR860,None
E3460,PR687,None
E3460,PR417,None
E3460,PO1276,None
E3846,PO1342,None
E3846,Supplier13,None
E4243,PR442,None
E4243,PR418,None
E4243,PR612,None
E4243,PR321,None
E4243,PR511,None
E4243,PO733,None
E4596,PO6169,None
E4596,Supplier39,None
E4878,PR587,None
E4878,PO6746,None
E5007,PO5455,None
E5858,PR294,None
E5858,PR706,None
E5858,PO4760,None
E6429,PO334,None
E6429,Supplier21,None
E6601,PO7371,None
E6971,PO937,None
E7991,PR490,None
E7991,PR964,None
E7991,PO1352,None
E8157,PO8165,None
E8157,Supplier16,None
E360,PR369,None
E360,PR737,None
E360,PR809,None
E360,PR765,None
E360,PR43,None
E360,PO1139,None
E704,PR302,None
E704,PR868,None
E704,PR708,None
E704,PR578,None
E704,PR43,None
E704,PR82,None
E704,PO700,None
E843,PR99,None
E843,PO8019,None
E1297,PO7414,None
E1560,PO4655,None
E1605,PO3786,None
E1756,PR315,None
E1756,PR43,None
E1756,PR982,None
E1756,PR910,None
E1756,PR255,None
E1756,PR209,None
E1756,PO4898,None
E1833,PO587,None
E1962,PR235,None
E1962,PO3950,None
E2184,PO2453,None
E2230,PO7879,None
E2230,Supplier22,None
E2237,PR271,None
E2237,PO4018,None
E2545,PO8191,None
E2691,PO3680,None
E2790,PO6459,None
E3089,PO1838,None
E3089,Supplier34,None
E3134,PO6888,None
E3134,Supplier40,None
E3215,PO698,None
E3215,Supplier43,None
E3425,PO3024,None
E3511,PO8408,None
E3511,Supplier19,None
E3738,PO8028,None
E3738,Supplier37,None
E3836,PO6365,None
E4699,PO6667,None
E4699,Supplier37,None
E5655,PO2317,None
E5930,PR714,None
E5930,PO2189,None
E6667,PO5396,None
E6667,Supplier17,None
E6861,PO6563,None
E7353,PO730,None
E7353,Supplier37,None
E8286,PO3968,None
E433,PO4707,None
E678,PO2196,None
E1153,PO5147,None
E1569,PO3242,None
E1943,PO8602,None
E2332,PO183,None
E2804,PO1444,None
E2804,Supplier23,None
E3306,PO3650,None
E4307,PO9588,None
E4671,PO3059,None
E5264,PO1597,None
E5264,Supplier9,None
E5373,PO4204,None
E5784,PO8912,None
E5784,Supplier14,None
E6392,PO5792,None
E7045,PO4528,None
E7098,PR865,None
E7098,PR435,None
E7098,PR211,None
E7098,PR798,None
E7098,PR857,None
E7098,PO3981,None
E7287,PO4501,None
E7361,PO6998,None
E7379,PO6636,None
E8020,PO7665,None
E8020,Supplier28,None
E330,PO8446,None
E470,PO2896,None
E470,Supplier19,None
E661,PO298,None
E661,Supplier27,None
E769,PO874,None
E769,Supplier46,None
E1050,PO4803,None
E2620,PO2879,None
E2620,Supplier11,None
E2851,PO8958,None
E2851,Supplier41,None
E3124,PO6393,None
E3341,PR403,None
E3341,PO8540,None
E3381,PO6340,None
E3381,Supplier43,None
E3491,PO3590,None
E3491,Supplier22,None
E3573,PO9311,None
E3600,PO4980,None
E4000,PO7893,None
E4416,PO2741,None
E4416,Supplier41,None
E4761,PO2892,None
E5072,PO8814,None
E5081,PO4237,None
E5896,PO7729,None
E5896,Supplier5,None
E6366,PO3316,None
E6366,Supplier24,None
E459,PR54,None
E459,PO1858,None
E3151,PO3196,None
E3359,PR923,None
E3359,PR405,None
E3359,PO7125,None
E3537,PO7340,None
E3926,PO9313,None
E4290,PO5050,None
E4290,Supplier33,None
E4317,PO9740,None
E4317,Supplier8,None
E4362,PO7904,None
E4362,Supplier33,None
E4515,PO8921,None
E4515,Supplier10,None
E5738,PO1433,None
E6510,PO8575,None
E6510,Supplier13,None
E6640,PO859,None
E6640,Supplier7,None
E7307,PO1748,None
E7813,PO702,None
E7813,Supplier10,None
E8166,PR985,None
E8166,PO3841,None
E8176,PO8365,None
E740,PR86,None
E740,PO2874,None
E888,PR104,None
E888,PO3070,None
E1307,PO5313,None
E1307,Supplier26,None
E1606,PO3786,None
E1606,Supplier15,None
E1731,PO6570,None
E1731,Supplier30,None
E2746,PO9372,None
E2746,Supplier26,None
E3461,PO1276,None
E4077,PO7892,None
E4077,Supplier17,None
E4906,PO5679,None
E5849,PR699,None
E5849,PR798,None
E5849,PR826,None
E5849,PR705,None
E5849,PO9574,None
E6290,PR761,None
E6290,PO771,None
E6310,PO5994,None
E6310,Supplier50,None
E7297,PO9803,None
E7297,Supplier42,None
E7469,PO7511,None
E7866,PO9966,None
E8146,PR726,None
E8146,PR134,None
E8146,PR557,None
E8146,PR688,None
E8146,PR982,None
E8146,PO4971,None
E499,PO215,None
E499,Supplier47,None
E589,PO4259,None
E589,Supplier46,None
E958,PO1923,None
E1703,PO3963,None
E1944,PO8602,None
E1944,Supplier18,None
E2175,PO6847,None
E2340,PR284,None
E2340,PO6131,None
E2718,PO1457,None
E3015,PR755,None
E3015,PR481,None
E3015,PR113,None
E3015,PR59,None
E3015,PR443,None
E3015,PR366,None
E3015,PO2941,None
E3501,PO5732,None
E3665,PO7262,None
E3973,PO3803,None
E4235,PO8531,None
E4533,PO9390,None
E4533,Supplier24,None
E4541,PO1610,None
E5291,PO2851,None
E5291,Supplier39,None
E5832,PO5541,None
E6262,PO1981,None
E6658,PO3601,None
E6658,Supplier7,None
E6834,PO9226,None
E7534,PO8726,None
E7721,PR934,None
E7721,PO5198,None
E7901,PR954,None
E7901,PO8646,None
E7966,PO4189,None
E7966,Supplier13,None
E8111,PO5736,None
E8138,PO9047,None
E276,PO7675,None
E722,PR931,None
E722,PR715,None
E722,PR941,None
E722,PR84,None
E722,PO308,None
E776,PR90,None
E776,PO9296,None
E1011,PR132,None
E1011,PR490,None
E1011,PR120,None
E1011,PO4523,None
E2211,PO3689,None
E2647,PO131,None
E2647,Supplier18,None
E3453,PO8925,None
E3453,Supplier44,None
E3462,PO1276,None
E3462,Supplier3,None
E4406,PO4479,None
E4762,PO2892,None
E4762,Supplier25,None
E4819,PO1132,None
E4924,PO132,None
E5346,PO7990,None
E5400,PO1752,None
E5997,PR811,None
E5997,PR255,None
E5997,PR202,None
E5997,PR723,None
E5997,PO8924,None
E6244,PO1877,None
E6420,PO2399,None
E6420,Supplier27,None
E6572,PO7105,None
E6685,PR808,None
E6685,PO6690,None
E6748,PR815,None
E6748,PO2386,None
E6936,PO1284,None
E6936,Supplier50,None
E7090,PO4436,None
E7186,PO9874,None
E7929,PO5529,None
E977,PO9814,None
E977,Supplier7,None
E1171,PO1547,None
E1289,PO4776,None
E1289,Supplier16,None
E1877,PR514,None
E1877,PR224,None
E1877,PO9648,None
E1905,PO8007,None
E1915,PO3762,None
E1915,Supplier22,None
E2305,PO1137,None
E3529,PO6360,None
E3529,Supplier7,None
E3756,PO2603,None
E3756,Supplier22,None
E3872,PO4562,None
E4186,PO1408,None
E4443,PO829,None
E4443,Supplier9,None
E5656,PO2317,None
E5656,Supplier34,None
E5815,PO7430,None
E5815,Supplier31,None
E6073,PO9606,None
E6073,Supplier43,None
E6081,PO841,None
E6696,PO3912,None
E6696,Supplier32,None
E7470,PO7511,None
E7470,Supplier34,None
E515,PR316,None
E515,PR61,None
E515,PO9048,None
E813,PO5360,None
E1533,PO3848,None
E2015,PR244,None
E2015,PO9145,None
E2664,PO1368,None
E3252,PO4235,None
E3882,PO3430,None
E3882,Supplier43,None
E3944,PO4450,None
E4334,PO4751,None
E4613,PO1145,None
E5208,PR105,None
E5208,PR626,None
E5208,PO3416,None
E5282,PO4624,None
E5282,Supplier13,None
E6962,PO472,None
E7442,PO5396,None
E8054,PR971,None
E8054,PO5441,None
E12,PR2,None
E12,PO751,None
E578,PR68,None
E578,PO8186,None
E870,PR424,None
E870,PR675,None
E870,PR296,None
E870,PR351,None
E870,PR102,None
E870,PO2243,None
E1124,PO2676,None
E1570,PO3242,None
E1570,Supplier30,None
E1623,PO9559,None
E1793,PO2567,None
E2110,PO8498,None
E2913,PO1388,None
E3107,PO5108,None
E3107,Supplier1,None
E3316,PO4590,None
E3316,Supplier27,None
E3360,PO7125,None
E3426,PO3024,None
E3426,Supplier27,None
E3564,PO8006,None
E4113,PO9703,None
E4113,Supplier34,None
E4495,PR148,None
E4495,PR797,None
E4495,PR769,None
E4495,PR529,None
E4495,PR539,None
E4495,PO9995,None
E5145,PO2684,None
E5145,Supplier17,None
E5596,PR673,None
E5596,PO2237,None
E5636,PO2800,None
E5636,Supplier19,None
E5972,PO5308,None
E5972,Supplier48,None
E6172,PO292,None
E7487,PO9948,None
E803,PR367,None
E803,PR398,None
E803,PR93,None
E803,PO4343,None
E906,PR509,None
E906,PR697,None
E906,PR844,None
E906,PR221,None
E906,PR786,None
E906,PR106,None
E906,PO6695,None
E1897,PO4634,None
E1897,Supplier4,None
E1963,PO3950,None
E2238,PO4018,None
E2611,PO7538,None
E2611,Supplier35,None
E2628,PO2523,None
E2727,PO4858,None
E3206,PO4307,None
E3206,Supplier3,None
E3342,PO8540,None
E4868,PO6168,None
E5617,PO9569,None
E6016,PO2764,None
E6034,PO2511,None
E6500,PO6527,None
E6749,PO2386,None
E7116,PR859,None
E7116,PO6645,None
E7460,PO4835,None
E7767,PO3789,None
E8204,PO1853,None
E8204,Supplier44,None
E31,PO9809,None
E186,PO9055,None
E277,PO7675,None
E277,Supplier31,None
E561,PO1025,None
E1298,PO7414,None
E1298,Supplier39,None
E1397,PO9552,None
E1397,Supplier46,None
E2266,PO4755,None
E2266,Supplier19,None
E2563,PO633,None
E2961,PO5649,None
E2961,Supplier21,None
E4032,PO4869,None
E4032,Supplier43,None
E4215,PO2467,None
E5587,PR672,None
E5587,PO980,None
E5755,PR811,None
E5755,PR693,None
E5755,PO8314,None
E6102,PO1045,None
E6102,Supplier35,None
E6347,PO2591,None
E7389,PO6378,None
E7389,Supplier41,None
E7640,PO6503,None
E7640,Supplier41,None
E7910,PR955,None
E7910,PO1423,None
E8084,PO668,None
E871,PO2243,None
E1369,PO4525,None
E2998,PO1261,None
E3034,PO8200,None
E3079,PO2657,None
E3116,PO8250,None
E3116,Supplier6,None
E3223,PO9535,None
E4353,PO5757,None
E4353,Supplier20,None
E5674,PO3020,None
E5674,Supplier36,None
E5833,PO5541,None
E5833,Supplier47,None
E5921,PR713,None
E5921,PO8512,None
E6035,PO2511,None
E6035,Supplier42,None
E6757,PR694,None
E6757,PR574,None
E6757,PR803,None
E6757,PR299,None
E6757,PR356,None
E6757,PR816,None
E6757,PO9390,None
E7158,PO586,None
E7158,Supplier25,None
E7325,PO6459,None
E7507,PO7230,None
E7535,PO8726,None
E7535,Supplier19,None
E187,PO9055,None
E187,Supplier48,None
E571,PO1077,None
E571,Supplier5,None
E985,PO5287,None
E1163,PO2193,None
E1163,Supplier4,None
E1487,PR176,None
E1487,PO4508,None
E1551,PO3109,None
E1578,PO5032,None
E1596,PO7264,None
E1653,PO2170,None
E1653,Supplier11,None
E2045,PO6825,None
E2367,PR287,None
E2367,PO3051,None
E3062,PO6203,None
E3062,Supplier34,None
E3609,PO427,None
E4244,PO733,None
E5401,PO1752,None
E5401,Supplier44,None
E5542,PO3920,None
E5542,Supplier4,None
E5998,PO8924,None
E6282,PO3478,None
E6766,PR817,None
E6766,PO7332,None
E6980,PO9352,None
E7775,PR746,None
E7775,PR812,None
E7775,PR593,None
E7775,PR639,None
E7775,PR252,None
E7775,PR940,None
E7775,PO3215,None
E8094,PO4379,None
E8094,Supplier41,None
E8193,PR98,None
E8193,PR657,None
E8193,PR988,None
E8193,PO2046,None
E5,PO3411,None
E5,Supplier14,None
E13,PO751,None
E380,PO3043,None
E380,Supplier41,None
E670,PO4465,None
E670,Supplier17,None
E821,PR95,None
E821,PO4630,None
E1051,PO4803,None
E1051,Supplier35,None
E2782,PO2897,None
E2782,Supplier43,None
E3071,PO1395,None
E3071,Supplier39,None
E3196,PO7055,None
E3417,PO3924,None
E3417,Supplier30,None
E3873,PO4562,None
E3873,Supplier24,None
E3945,PO4450,None
E3945,Supplier15,None
E4298,PO6328,None
E4907,PO5679,None
E4907,Supplier13,None
E4970,PR598,None
E4970,PO2457,None
E5162,PO2749,None
E5181,PR623,None
E5181,PO7391,None
E5850,PO9574,None
E6291,PO771,None
E6329,PO2795,None
E7317,PO4659,None
E7317,Supplier20,None
E7380,PO6636,None
E7380,Supplier27,None
E7610,PO6412,None
E8269,PO447,None
E8269,Supplier19,None
E8295,PO7524,None
E14,PO751,None
E14,Supplier46,None
E294,PO6312,None
E995,PO6894,None
E995,Supplier34,None
E1041,PO8873,None
E1378,PO2969,None
E3043,PO574,None
E3333,PO2660,None
E4048,PR645,None
E4048,PR487,None
E4048,PO8277,None
E4142,PO8024,None
E4142,Supplier47,None
E4272,PO7711,None
E4272,Supplier49,None
E4397,PO3302,None
E4839,PO5670,None
E5479,PO833,None
E5479,Supplier41,None
E5712,PO289,None
E5712,Supplier9,None
E5886,PO6663,None
E6044,PO6571,None
E6044,Supplier33,None
E6482,PO5381,None
E7260,PO8783,None
E7443,PO5396,None
E7443,Supplier40,None
E7496,PO6597,None
E7759,PO5896,None
E7759,Supplier21,None
E8029,PO2599,None
E8029,Supplier2,None
E68,PO6714,None
E68,Supplier13,None
E814,PO5360,None
E814,Supplier2,None
E915,PR107,None
E915,PO1356,None
E1172,PO1547,None
E1172,Supplier29,None
E1613,PR190,None
E1613,PO5520,None
E1680,PO180,None
E1680,Supplier45,None
E2028,PO4504,None
E2028,Supplier38,None
E2360,PO2124,None
E2360,Supplier10,None
E2518,PO1193,None
E3864,PO1391,None
E3864,Supplier1,None
E3955,PO5739,None
E4236,PO8531,None
E4236,Supplier46,None
E4558,PR462,None
E4558,PR546,None
E4558,PO8181,None
E4925,PO132,None
E4925,Supplier1,None
E5191,PO3357,None
E5702,PO2073,None
E6882,PO5307,None
E6882,Supplier37,None
E7451,PO7148,None
E131,PO7594,None
E131,Supplier20,None
E986,PO5287,None
E986,Supplier16,None
E1614,PO5520,None
E1859,PR222,None
E1859,PO1815,None
E1870,PO8254,None
E1870,Supplier31,None
E2405,PO3001,None
E2405,Supplier32,None
E2564,PO633,None
E2564,Supplier19,None
E2591,PO9904,None
E2591,Supplier11,None
E3289,PO9585,None
E3289,Supplier38,None
E3343,PO8540,None
E3343,Supplier48,None
E3990,PR9,None
E3990,PR479,None
E3990,PO9043,None
E5409,PO6692,None
E5464,PO5278,None
E5464,Supplier42,None
E5647,PO8720,None
E5647,Supplier49,None
E5841,PO109,None
E6051,PR729,None
E6051,PO5076,None
E6872,PO2808,None
E6981,PO9352,None
E6981,Supplier1,None
E7205,PO4772,None
E7205,Supplier28,None
E7452,PO7148,None
E7452,Supplier19,None
E7776,PO3215,None
E7821,PO5042,None
E8075,PO2693,None
E8223,PO4211,None
E507,PO704,None
E1579,PO5032,None
E1579,Supplier2,None
E1748,PO7660,None
E2333,PO183,None
E2333,Supplier3,None
E2914,PO1388,None
E2914,Supplier9,None
E3574,PO9311,None
E3574,Supplier46,None
E4104,PO8075,None
E4104,Supplier9,None
E4168,PO9591,None
E4793,PO8489,None
E4793,Supplier48,None
E5273,PO3581,None
E5273,Supplier3,None
E5931,PO2189,None
E6091,PO8834,None
E6091,Supplier25,None
E6545,PO3790,None
E6779,PO6857,None
E6779,Supplier37,None
E6814,PO8447,None
E6953,PO662,None
E6990,PO3975,None
E6990,Supplier43,None
E7488,PO9948,None
E7488,Supplier35,None
E7732,PO6193,None
E7732,Supplier12,None
E7848,PO3229,None
E7930,PO5529,None
E7930,Supplier13,None
E8194,PO2046,None
E214,PO83,None
E214,Supplier3,None
E697,PO3297,None
E697,Supplier28,None
E880,PO2085,None
E1095,PO8618,None
E1252,PO5267,None
E1386,PR116,None
E1386,PR708,None
E1386,PR722,None
E1386,PR570,None
E1386,PR228,None
E1386,PR164,None
E1386,PO3891,None
E2904,PO6434,None
E3169,PO7291,None
E3692,PO414,None
E3965,PO8753,None
E3965,Supplier35,None
E4461,PO4173,None
E4461,Supplier17,None
E4725,PO9499,None
E4857,PO4460,None
E5027,PO6611,None
E5319,PO8847,None
E5427,PO2801,None
E5748,PO6032,None
E5748,Supplier18,None
E5912,PR712,None
E5912,PO8520,None
E6536,PO1435,None
E6621,PO4324,None
E7027,PO4410,None
E7343,PO1095,None
E7620,PO3624,None
E7620,Supplier16,None
E7649,PO9996,None
E7649,Supplier12,None
E85,PO7329,None
E1534,PO3848,None
E1534,Supplier16,None
E2323,PO2937,None
E3280,PO6518,None
E3280,Supplier20,None
E3828,PO9030,None
E3828,Supplier27,None
E5254,PO3340,None
E5337,PO4573,None
E5410,PO6692,None
E5410,Supplier14,None
E5877,PO764,None
E5990,PO8408,None
E5990,Supplier29,None
E6339,PO1430,None
E6339,Supplier30,None
E6393,PO5792,None
E6393,Supplier48,None
E6410,PO1899,None
E6889,PR598,None
E6889,PR862,None
E6889,PR385,None
E6889,PR270,None
E6889,PR326,None
E6889,PR833,None
E6889,PO9299,None
E7178,PO1978,None
E7178,Supplier33,None
E8085,PO668,None
E8085,Supplier38,None
E606,PO5936,None
E741,PO2874,None
E822,PO4630,None
E1488,PO4508,None
E2064,PO3226,None
E2064,Supplier42,None
E2092,PO4869,None
E2385,PR248,None
E2385,PR815,None
E2385,PR643,None
E2385,PR165,None
E2385,PR838,None
E2385,PR289,None
E2385,PO4509,None
E2519,PO1193,None
E2519,Supplier26,None
E3197,PO7055,None
E3197,Supplier12,None
E3444,PO3332,None
E3444,Supplier46,None
E3782,PO8441,None
E3817,PR459,None
E3817,PO7936,None
E4178,PO8673,None
E4178,Supplier7,None
E5136,PO6057,None
E5136,Supplier16,None
E6437,PO8271,None
E6622,PO4324,None
E6622,Supplier13,None
E6815,PO8447,None
E6815,Supplier9,None
E6862,PO6563,None
E6862,Supplier15,None
E76,PO1984,None
E1643,PO9079,None
E1842,PO6479,None
E2220,PO5800,None
E2868,PO2510,None
E4542,PO1610,None
E4542,Supplier40,None
E4717,PO8543,None
E4717,Supplier8,None
E4827,PR872,None
E4827,PR306,None
E4827,PR110,None
E4827,PR898,None
E4827,PR579,None
E4827,PO7959,None
E4879,PO6746,None
E5664,PO2423,None
E6017,PO2764,None
E6017,Supplier44,None
E6447,PO1261,None
E6447,Supplier7,None
E7250,PO6208,None
E7250,Supplier11,None
E7740,PO6683,None
E8129,PO9729,None
E8258,PR996,None
E8258,PO4838,None
E348,PO7249,None
E651,PO566,None
E679,PO2196,None
E679,Supplier11,None
E1189,PO7610,None
E1632,PO5660,None
E1711,PR204,None
E1711,PO6241,None
E1964,PO3950,None
E1964,Supplier35,None
E2046,PO6825,None
E2046,Supplier32,None
E2075,PO8157,None
E2075,Supplier50,None
E2488,PO6223,None
E2488,Supplier48,None
E2527,PO6038,None
E3591,PO6975,None
E4160,PO4355,None
E4160,Supplier22,None
E4487,PO6269,None
E5019,PO6140,None
E5019,Supplier30,None
E5382,PO3168,None
E5608,PO3091,None
E5694,PO3465,None
E5694,Supplier44,None
E5822,PR119,None
E5822,PR32,None
E5822,PR501,None
E5822,PR52,None
E5822,PR205,None
E5822,PR702,None
E5822,PO4731,None
E6226,PO820,None
E6630,PO4730,None
E6686,PO6690,None
E6909,PO1890,None
E6909,Supplier42,None
E6999,PO6577,None
E6999,Supplier6,None
E7591,PO2524,None
E7591,Supplier8,None
E7629,PR923,None
E7629,PO5550,None
E552,PO4643,None
E777,PO9296,None
E1207,PO7674,None
E1441,PO9902,None
E1459,PO3661,None
E1834,PO587,None
E1834,Supplier30,None
E2665,PO1368,None
E2665,Supplier21,None
E3016,PO2941,None
E3297,PO3249,None
E3361,PO7125,None
E3361,Supplier5,None
E4086,PO7639,None
E4086,Supplier16,None
E4524,PO6246,None
E4524,Supplier23,None
E5235,PR973,None
E5235,PR508,None
E5235,PR924,None
E5235,PR148,None
E5235,PR873,None
E5235,PR629,None
E5235,PO1002,None
E7407,PO8448,None
E7407,Supplier37,None
E7875,PO359,None
E7957,PO541,None
E7957,Supplier6,None
E50,PO9506,None
E50,Supplier39,None
E787,PO5283,None
E787,Supplier5,None
E823,PO4630,None
E823,Supplier41,None
E1244,PO3861,None
E1244,Supplier17,None
E1261,PO8010,None
E1333,PO9488,None
E1860,PO1815,None
E1973,PO4440,None
E1973,Supplier6,None
E2166,PO4719,None
E2248,PO8210,None
E2248,Supplier16,None
E2546,PO8191,None
E2546,Supplier32,None
E3125,PO6393,None
E3125,Supplier7,None
E3398,PO213,None
E4423,PR531,None
E4423,PO5820,None
E5236,PO1002,None
E5532,PO2322,None
E5842,PO109,None
E5842,Supplier14,None
E6155,PO4300,None
E6155,Supplier2,None
E7911,PO1423,None
E750,PO9525,None
E872,PO2243,None
E872,Supplier31,None
E1687,PR614,None
E1687,PR199,None
E1687,PO783,None
E2509,PO795,None
E2791,PO6459,None
E2791,Supplier4,None
E2895,PO5075,None
E3909,PO590,None
E3909,Supplier14,None
E4389,PO3808,None
E4389,Supplier24,None
E4567,PR547,None
E4567,PO720,None
E4783,PO1246,None
E5794,PO3059,None
E5859,PO4760,None
E5905,PO9226,None
E5905,Supplier8,None
E6191,PO9594,None
E6191,Supplier42,None
E6301,PO7566,None
E6301,Supplier40,None
E6401,PO4044,None
E7109,PO2703,None
E7109,Supplier33,None
E7326,PO6459,None
E7326,Supplier29,None
E7768,PO3789,None
E7768,Supplier49,None
E7784,PR941,None
E7784,PO8053,None
E8232,PO942,None
E544,PO3080,None
E544,Supplier25,None
E732,PO259,None
E834,PO6355,None
E834,Supplier32,None
E854,PO2317,None
E854,Supplier7,None
E2083,PO4740,None
E2421,PR293,None
E2421,PO4266,None
E2832,PO4520,None
E2869,PO2510,None
E2869,Supplier13,None
E3152,PO3196,None
E3152,Supplier20,None
E3899,PO2019,None
E4012,PR313,None
E4012,PR671,None
E4012,PR8,None
E4012,PR250,None
E4012,PR483,None
E4012,PO7816,None
E4245,PO733,None
E4245,Supplier12,None
E5523,PO1481,None
E6546,PO3790,None
E6546,Supplier3,None
E6797,PO2790,None
E6797,Supplier28,None
E7461,PO4835,None
E7461,Supplier46,None
E7553,PO800,None
E7553,Supplier36,None
E7785,PO8053,None
E59,PO7204,None
E59,Supplier23,None
E222,PO565,None
E615,PO5795,None
E795,PO1952,None
E862,PO7539,None
E1105,PO3112,None
E1105,Supplier4,None
E1767,PO1432,None
E1767,Supplier20,None
E2412,PR159,None
E2412,PR917,None
E2412,PR392,None
E2412,PR292,None
E2412,PO1931,None
E3232,PO407,None
E3307,PO3650,None
E3307,Supplier10,None
E3774,PO2297,None
E3774,Supplier36,None
E4623,PO4782,None
E4623,Supplier10,None
E5756,PO8314,None
E6602,PO7371,None
E6602,Supplier38,None
E7686,PO5049,None
E8011,PO8340,None
E8011,Supplier25,None
E8119,PR541,None
E8119,PR939,None
E8119,PR979,None
E8119,PO2468,None
E8177,PO8365,None
E8177,Supplier19,None
E598,PO4807,None
E598,Supplier20,None
E916,PO1356,None
E1413,PR167,None
E1413,PO7152,None
E1597,PO7264,None
E1597,Supplier3,None
E2554,PO5209,None
E2772,PO9274,None
E2878,PO4352,None
E2878,Supplier14,None
E3324,PO8963,None
E5560,PO430,None
E5560,Supplier26,None
E5775,PO3106,None
E5775,Supplier46,None
E7666,PO6203,None
E8130,PO9729,None
E8130,Supplier47,None
E23,PO7304,None
E23,Supplier49,None
E232,PO9326,None
E232,Supplier10,None
E1086,PO6307,None
E1253,PO5267,None
E1253,Supplier14,None
E1505,PR178,None
E1505,PO760,None
E2102,PO9381,None
E2102,Supplier38,None
E2157,PO690,None
E2692,PO3680,None
E2692,Supplier14,None
E5064,PO9408,None
E5064,Supplier10,None
E5618,PO9569,None
E5618,Supplier10,None
E6348,PO2591,None
E6348,Supplier12,None
E6411,PO1899,None
E6411,Supplier7,None
E7222,PO9477,None
E7370,PO8428,None
E7581,PO1115,None
E160,PO1800,None
E160,Supplier2,None
E295,PO6312,None
E295,Supplier42,None
E303,PO3211,None
E889,PO3070,None
E1470,PO8887,None
E2442,PO3818,None
E2479,PO3833,None
E2479,Supplier4,None
E3610,PO427,None
E3610,Supplier2,None
E4433,PO6602,None
E5979,PR357,None
E5979,PR536,None
E5979,PR721,None
E5979,PO1581,None
E6164,PO4088,None
E6164,Supplier42,None
E6373,PR771,None
E6373,PO6574,None
E6732,PO5318,None
E6732,Supplier4,None
E7073,PO4264,None
E7073,Supplier44,None
E7884,PO5934,None
E8046,PO2544,None
E8250,PO6411,None
E121,PO1660,None
E844,PO8019,None
E1125,PO2676,None
E1125,Supplier35,None
E1878,PO9648,None
E2497,PO4697,None
E2497,Supplier6,None
E3026,PO8930,None
E3026,Supplier10,None
E3927,PO9313,None
E3927,Supplier35,None
E4587,PO7856,None
E4587,Supplier28,None
E4643,PO9902,None
E4643,Supplier16,None
E4847,PR582,None
E4847,PO5615,None
E4915,PO2465,None
E5524,PO1481,None
E5524,Supplier35,None
E5609,PO3091,None
E5609,Supplier26,None
E5739,PO1433,None
E5739,Supplier4,None
E5962,PO2812,None
E6008,PO6286,None
E6008,Supplier42,None
E7362,PO6998,None
E7362,Supplier29,None
E122,PO1660,None
E122,Supplier1,None
E423,PR50,None
E423,PO1360,None
E1351,PO3627,None
E1433,PO9592,None
E1433,Supplier3,None
E1925,PO1727,None
E1934,PO6229,None
E2194,PO7680,None
E2194,Supplier11,None
E3471,PO1990,None
E3471,Supplier50,None
E4469,PO1028,None
E7037,PO1173,None
E7037,Supplier1,None
E7212,PR872,None
E7212,PO4208,None
E7261,PO8783,None
E7261,Supplier44,None
E8047,PO2544,None
E8047,Supplier43,None
E102,PR154,None
E102,PR467,None
E102,PR361,None
E102,PR12,None
E102,PO1803,None
E407,PO9607,None
E407,Supplier44,None
E1423,PO6020,None
E2728,PO4858,None
E2728,Supplier2,None
E2987,PO7443,None
E3583,PO6473,None
E3583,Supplier37,None
E3792,PO3431,None
E3792,Supplier25,None
E4195,PO2086,None
E5228,PO7027,None
E5228,Supplier14,None
E5551,PO4633,None
E5551,Supplier25,None
E5999,PO8924,None
E5999,Supplier24,None
E6062,PO1538,None
E6062,Supplier48,None
E6208,PO8255,None
E6528,PO5523,None
E6528,Supplier7,None
E6963,PO472,None
E6963,Supplier22,None
E7008,PO4581,None
E7008,Supplier45,None
E7749,PO6960,None
E415,PO1139,None
E733,PO259,None
E733,Supplier43,None
E899,PO3844,None
E899,Supplier11,None
E1032,PO9984,None
E1414,PO7152,None
E1561,PO4655,None
E1561,Supplier16,None
E1662,PO4866,None
E1662,Supplier44,None
E2239,PO4018,None
E2239,Supplier31,None
E2701,PO1192,None
E2701,Supplier14,None
E2930,PR647,None
E2930,PR355,None
E2930,PO8315,None
E4934,PO799,None
E4934,Supplier6,None
E5045,PO5830,None
E5246,PO2861,None
E5246,Supplier49,None
E5383,PO3168,None
E5383,Supplier47,None
E5515,PO4493,None
E5515,Supplier44,None
E6758,PO9390,None
E6853,PO6351,None
E6853,Supplier10,None
E6945,PO8885,None
E6945,Supplier15,None
E7885,PO5934,None
E7885,Supplier4,None
E525,PO9880,None
E1004,PO7654,None
E1004,Supplier50,None
E1262,PO8010,None
E1262,Supplier48,None
E1986,PO6500,None
E1986,Supplier28,None
E4041,PO502,None
E4041,Supplier30,None
E4559,PO8181,None
E4614,PO1145,None
E4614,Supplier5,None
E4689,PO6439,None
E4963,PO4955,None
E4963,Supplier48,None
E6131,PO279,None
E6131,Supplier14,None
E6173,PO292,None
E6173,Supplier1,None
E7126,PO7165,None
E7187,PO9874,None
E7187,Supplier33,None
E7795,PO2155,None
E7795,Supplier22,None
E86,PO7329,None
E86,Supplier28,None
E642,PO1689,None
E1087,PO6307,None
E1087,Supplier1,None
E1225,PO3708,None
E1624,PO9559,None
E1624,Supplier46,None
E3890,PO8134,None
E3982,PO6620,None
E4424,PO5820,None
E5082,PO4237,None
E5082,Supplier45,None
E5506,PO9488,None
E5506,Supplier21,None
E5665,PO2423,None
E5665,Supplier41,None
E6263,PO1981,None
E6263,Supplier29,None
E6592,PO9296,None
E6899,PO1805,None
E223,PO565,None
E223,Supplier19,None
E2528,PO6038,None
E2528,Supplier15,None
E3837,PO6365,None
E3837,Supplier19,None
E7544,PO238,None
E7544,Supplier23,None
E7876,PO359,None
E7876,Supplier8,None
E240,PO7766,None
E259,PO3704,None
E259,Supplier8,None
E907,PO6695,None
E1116,PO9811,None
E1116,Supplier34,None
E2093,PO4869,None
E2093,Supplier39,None
E2341,PO6131,None
E2378,PO1817,None
E2378,Supplier49,None
E5073,PO8814,None
E5073,Supplier8,None
E5255,PO3340,None
E5255,Supplier36,None
E5311,PO2057,None
E5311,Supplier26,None
E5347,PO7990,None
E5347,Supplier49,None
E5374,PO4204,None
E5374,Supplier23,None
E5588,PO980,None
E7223,PO9477,None
E7223,Supplier10,None
E7722,PO5198,None
E1315,PO6815,None
E1552,PO3109,None
E1552,Supplier50,None
E2978,PO6670,None
E3187,PO9837,None
E4344,PO5254,None
E4344,Supplier50,None
E4916,PO2465,None
E4916,Supplier35,None
E6292,PO771,None
E6292,Supplier30,None
E7516,PO3543,None
E723,PO308,None
E1142,PO7965,None
E1154,PO5147,None
E1154,Supplier41,None
E4299,PO6328,None
E4299,Supplier41,None
E5941,PO3223,None
E5941,Supplier7,None
E6759,PO9390,None
E6759,Supplier6,None
E938,PO1666,None
E1387,PO3891,None
E1460,PO3661,None
E1460,Supplier47,None
E1588,PO5932,None
E1588,Supplier46,None
E2016,PO9145,None
E3809,PO4561,None
E4169,PO9591,None
E4169,Supplier25,None
E4204,PO2961,None
E4820,PO1132,None
E4820,Supplier7,None
E5192,PO3357,None
E5192,Supplier32,None
E6245,PO1877,None
E6245,Supplier2,None
E6483,PO5381,None
E6483,Supplier43,None
E6537,PO1435,None
E6537,Supplier41,None
E7423,PR915,None
E7423,PR306,None
E7423,PR436,None
E7423,PR446,None
E7423,PR897,None
E7423,PO4251,None
E370,PO8639,None
E616,PO5795,None
E616,Supplier42,None
E705,PO700,None
E881,PO2085,None
E881,Supplier7,None
E2813,PR140,None
E2813,PR342,None
E2813,PO5801,None
E3555,PO4049,None
E3565,PO8006,None
E3565,Supplier33,None
E3601,PO4980,None
E3601,Supplier16,None
E3656,PO3124,None
E5299,PO7120,None
E6274,PO8606,None
E6274,Supplier33,None
E6954,PO662,None
E6954,Supplier18,None
E7082,PO3450,None
E7082,Supplier30,None
E460,PO1858,None
E796,PO1952,None
E796,Supplier4,None
E3408,PO5743,None
E3408,Supplier48,None
E3628,PO6933,None
E3628,Supplier38,None
E4379,PO6329,None
E4672,PO3059,None
E4672,Supplier32,None
E5320,PO8847,None
E5320,Supplier34,None
E7308,PO1748,None
E7308,Supplier2,None
E7611,PO6412,None
E7611,Supplier32,None
E562,PO1025,None
E562,Supplier18,None
E742,PO2874,None
E742,Supplier18,None
E2008,PO3034,None
E2008,Supplier48,None
E2185,PO2453,None
E2185,Supplier44,None
E3035,PO8200,None
E3035,Supplier34,None
E3224,PO9535,None
E3224,Supplier45,None
E3619,PO9808,None
E3619,Supplier35,None
E3747,PO5173,None
E3747,Supplier22,None
E3956,PO5739,None
E3956,Supplier30,None
E4858,PO4460,None
E4858,Supplier13,None
E6330,PO2795,None
E6330,Supplier46,None
E6750,PO2386,None
E6750,Supplier1,None
E7777,PO3215,None
E7777,Supplier38,None
E8120,PO2468,None
E32,PO9809,None
E32,Supplier34,None
E607,PO5936,None
E607,Supplier43,None
E2111,PO8498,None
E2111,Supplier41,None
E3080,PO2657,None
E3080,Supplier25,None
E4999,PO7716,None
E4999,Supplier11,None
E5008,PO5455,None
E5008,Supplier48,None
E5117,PO3322,None
E7786,PO8053,None
E7786,Supplier39,None
E579,PO8186,None
E804,PO4343,None
E1134,PO9389,None
E1134,Supplier22,None
E4049,PO8277,None
E7091,PO4436,None
E7091,Supplier14,None
E7397,PO482,None
E7849,PO3229,None
E7849,Supplier18,None
E7867,PO9966,None
E7867,Supplier8,None
E2212,PO3689,None
E2212,Supplier34,None
E3720,PO3010,None
E3720,Supplier23,None
E4407,PO4479,None
E4407,Supplier3,None
E4488,PO6269,None
E4488,Supplier37,None
E7992,PO1352,None
E331,PO8446,None
E331,Supplier2,None
E416,PO1139,None
E416,Supplier45,None
E508,PO704,None
E508,Supplier38,None
E2629,PO2523,None
E2629,Supplier9,None
E2950,PO7853,None
E2950,Supplier25,None
E3934,PR243,None
E3934,PR809,None
E3934,PR272,None
E3934,PR472,None
E3934,PO5997,None
E4253,PO8222,None
E5182,PO7391,None
E361,PO1139,None
E580,PO8186,None
E580,Supplier36,None
E1757,PO4898,None
E1879,PO9648,None
E1879,Supplier15,None
E2719,PO1457,None
E2719,Supplier25,None
E4225,PO4594,None
E4225,Supplier15,None
E4551,PO7072,None
E4551,Supplier12,None
E5046,PO5830,None
E5046,Supplier37,None
E5338,PO4573,None
E5338,Supplier23,None
E6714,PO1318,None
E6714,Supplier49,None
E7344,PO1095,None
E7344,Supplier2,None
E7667,PO6203,None
E7667,Supplier48,None
E7939,PO7179,None
E7939,Supplier6,None
E8167,PO3841,None
E371,PO8639,None
E371,Supplier36,None
E3253,PO4235,None
E3253,Supplier48,None
E3480,PO6654,None
E3480,Supplier22,None
E4726,PO9499,None
E4726,Supplier16,None
E4840,PO5670,None
E4840,Supplier19,None
E6900,PO1805,None
E6900,Supplier45,None
E7723,PO5198,None
E7723,Supplier24,None
E3298,PO3249,None
E3298,Supplier49,None
E4828,PO7959,None
E6052,PO5076,None
E7288,PO4501,None
E7288,Supplier6,None
E8139,PO9047,None
E8139,Supplier5,None
E8287,PO3968,None
E8287,Supplier5,None
E8296,PO7524,None
E8296,Supplier2,None
E349,PO7249,None
E349,Supplier5,None
E805,PO4343,None
E805,Supplier35,None
E959,PO1923,None
E959,Supplier8,None
E1096,PO8618,None
E1096,Supplier36,None
E3556,PO4049,None
E3556,Supplier43,None
E4335,PO4751,None
E4335,Supplier48,None
E5055,PO14,None
E5055,Supplier1,None
E5703,PO2073,None
E5703,Supplier30,None
E7750,PO6960,None
E7750,Supplier2,None
E8055,PO5441,None
E643,PO1689,None
E643,Supplier21,None
E3044,PO574,None
E3044,Supplier26,None
E3233,PO407,None
E3233,Supplier14,None
E5887,PO6663,None
E5887,Supplier2,None
E6053,PO5076,None
E6053,Supplier32,None
E6573,PO7105,None
E6573,Supplier37,None
E77,PO1984,None
E77,Supplier47,None
E1012,PO4523,None
E2203,PO7814,None
E2203,Supplier33,None
E2931,PO8315,None
E4496,PO9995,None
E5154,PO1017,None
E5154,Supplier16,None
E5183,PO7391,None
E5183,Supplier36,None
E5428,PO2801,None
E5428,Supplier36,None
E5795,PO3059,None
E5795,Supplier26,None
E5851,PO9574,None
E5851,Supplier17,None
E6972,PO937,None
E6972,Supplier10,None
E7117,PO6645,None
E8195,PO2046,None
E8195,Supplier41,None
E241,PO7766,None
E241,Supplier18,None
E516,PO9048,None
E2814,PO5801,None
E3188,PO9837,None
E3188,Supplier38,None
E4308,PO9588,None
E4308,Supplier38,None
E5209,PO3416,None
E5860,PO4760,None
E5860,Supplier13,None
E6593,PO9296,None
E6593,Supplier6,None
E7118,PO6645,None
E7118,Supplier41,None
E7822,PO5042,None
E7822,Supplier13,None
E434,PO4707,None
E434,Supplier32,None
E2306,PO1137,None
E2306,Supplier17,None
E2833,PO4520,None
E2833,Supplier27,None
E3666,PO7262,None
E3666,Supplier28,None
E1471,PO8887,None
E1471,Supplier45,None
E1794,PO2567,None
E1794,Supplier26,None
E1926,PO1727,None
E1926,Supplier39,None
E4398,PO3302,None
E4398,Supplier47,None
E5913,PO8520,None
E6227,PO820,None
E6227,Supplier31,None
E6687,PO6690,None
E6687,Supplier44,None
E7741,PO6683,None
E7741,Supplier23,None
E8147,PO4971,None
E1906,PO8007,None
E1906,Supplier41,None
E3783,PO8441,None
E3783,Supplier8,None
E7028,PO4410,None
E7028,Supplier24,None
E1843,PO6479,None
E1843,Supplier16,None
E2167,PO4719,None
E2167,Supplier4,None
E3693,PO414,None
E3693,Supplier37,None
E5163,PO2749,None
E5163,Supplier37,None
E5932,PO2189,None
E5932,Supplier34,None
E553,PO4643,None
E553,Supplier27,None
E1704,PO3963,None
E1704,Supplier18,None
E2905,PO6434,None
E2905,Supplier50,None
E2988,PO7443,None
E2988,Supplier5,None
E3538,PO7340,None
E3538,Supplier24,None
E3592,PO6975,None
E3592,Supplier14,None
E3974,PO3803,None
E3974,Supplier11,None
E4001,PO7893,None
E4001,Supplier20,None
E4196,PO2086,None
E4196,Supplier39,None
E6082,PO841,None
E6082,Supplier31,None
E7046,PO4528,None
E7046,Supplier13,None
E7099,PO3981,None
E103,PO1803,None
E1334,PO9488,None
E1334,Supplier29,None
E2017,PO9145,None
E2017,Supplier34,None
E3334,PO2660,None
E3334,Supplier18,None
E4380,PO6329,None
E4380,Supplier27,None
E5878,PO764,None
E5878,Supplier11,None
E5980,PO1581,None
E6402,PO4044,None
E6402,Supplier26,None
E7630,PO5550,None
E7902,PO8646,None
E2176,PO6847,None
E2176,Supplier7,None
E2368,PO3051,None
E5028,PO6611,None
E5028,Supplier14,None
E6835,PO9226,None
E6835,Supplier40,None
E7508,PO7230,None
E7508,Supplier17,None
E8112,PO5736,None
E8112,Supplier30,None
E8259,PO4838,None
E751,PO9525,None
E751,Supplier50,None
E1861,PO1815,None
E1861,Supplier25,None
E3502,PO5732,None
E3502,Supplier14,None
E4187,PO1408,None
E4187,Supplier30,None
E4216,PO2467,None
E4216,Supplier39,None
E6283,PO3478,None
E6283,Supplier3,None
E4869,PO6168,None
E4869,Supplier1,None
E5922,PO8512,None
E304,PO3211,None
E304,Supplier32,None
E778,PO9296,None
E778,Supplier26,None
E1370,PO4525,None
E1370,Supplier6,None
E1379,PO2969,None
E1379,Supplier27,None
E1633,PO5660,None
E1633,Supplier39,None
E2158,PO690,None
E2158,Supplier37,None
E4050,PO8277,None
E4050,Supplier30,None
E4848,PO5615,None
E1033,PO9984,None
E1033,Supplier26,None
E1190,PO7610,None
E1190,Supplier39,None
E1489,PO4508,None
E1489,Supplier43,None
E2510,PO795,None
E2510,Supplier2,None
E2999,PO1261,None
E2999,Supplier4,None
E4560,PO8181,None
E4560,Supplier34,None
E4784,PO1246,None
E4784,Supplier3,None
E4971,PO2457,None
E5597,PO2237,None
E7100,PO3981,None
E7100,Supplier43,None
E3810,PO4561,None
E3810,Supplier34,None
E6501,PO6527,None
E6501,Supplier16,None
E6767,PO7332,None
E7582,PO1115,None
E7582,Supplier46,None
E4568,PO720,None
E6873,PO2808,None
E6873,Supplier31,None
E1615,PO5520,None
E1615,Supplier15,None
E2084,PO4740,None
E2084,Supplier26,None
E3991,PO9043,None
E8076,PO2693,None
E8076,Supplier14,None
E1042,PO8873,None
E1042,Supplier46,None
E1208,PO7674,None
E1208,Supplier2,None
E1749,PO7660,None
E1749,Supplier23,None
E1758,PO4898,None
E1758,Supplier8,None
E2386,PO4509,None
E2413,PO1931,None
E2896,PO5075,None
E2896,Supplier37,None
E6890,PO9299,None
E2221,PO5800,None
E2221,Supplier25,None
E3399,PO213,None
E3399,Supplier20,None
E3900,PO2019,None
E3900,Supplier25,None
E6631,PO4730,None
E6631,Supplier39,None
E7127,PO7165,None
E7127,Supplier44,None
E1644,PO9079,None
E1644,Supplier41,None
E1688,PO783,None
E3170,PO7291,None
E3170,Supplier41,None
E4205,PO2961,None
E4205,Supplier38,None
E4880,PO6746,None
E4880,Supplier7,None
E8224,PO4211,None
E8224,Supplier37,None
E1424,PO6020,None
E1424,Supplier16,None
E2369,PO3051,None
E2369,Supplier46,None
E2555,PO5209,None
E2555,Supplier17,None
E4434,PO6602,None
E4434,Supplier42,None
E7912,PO1423,None
E7912,Supplier32,None
E917,PO1356,None
E917,Supplier33,None
E939,PO1666,None
E939,Supplier33,None
E1442,PO9902,None
E1442,Supplier40,None
E1935,PO6229,None
E1935,Supplier50,None
E2443,PO3818,None
E2443,Supplier16,None
E3891,PO8134,None
E3891,Supplier44,None
E5237,PO1002,None
E5237,Supplier29,None
E5757,PO8314,None
E5757,Supplier18,None
E7497,PO6597,None
E7497,Supplier16,None
E8251,PO6411,None
E8251,Supplier29,None
E362,PO1139,None
E362,Supplier36,None
E4013,PO7816,None
E4254,PO8222,None
E4254,Supplier44,None
E2422,PO4266,None
E652,PO566,None
E652,Supplier1,None
E845,PO8019,None
E845,Supplier16,None
E2815,PO5801,None
E2815,Supplier19,None
E3017,PO2941,None
E3017,Supplier21,None
E5118,PO3322,None
E5118,Supplier40,None
E1712,PO6241,None
E3818,PO7936,None
E5533,PO2322,None
E5533,Supplier7,None
E6374,PO6574,None
E8148,PO4971,None
E8148,Supplier41,None
E863,PO7539,None
E863,Supplier9,None
E890,PO3070,None
E890,Supplier50,None
E2324,PO2937,None
E2324,Supplier20,None
E6438,PO8271,None
E6438,Supplier26,None
E7213,PO4208,None
E104,PO1803,None
E104,Supplier45,None
E1352,PO3627,None
E1352,Supplier42,None
E3935,PO5997,None
E4425,PO5820,None
E4425,Supplier43,None
E7993,PO1352,None
E7993,Supplier7,None
E1506,PO760,None
E3325,PO8963,None
E3325,Supplier26,None
E5823,PO4731,None
E7214,PO4208,None
E7214,Supplier19,None
E1316,PO6815,None
E1316,Supplier24,None
E3983,PO6620,None
E3983,Supplier38,None
E6209,PO8255,None
E6209,Supplier45,None
E7371,PO8428,None
E7371,Supplier30,None
E7517,PO3543,None
E7517,Supplier44,None
E8233,PO942,None
E8233,Supplier41,None
E4470,PO1028,None
E4470,Supplier5,None
E7687,PO5049,None
E7687,Supplier32,None
E4690,PO6439,None
E4690,Supplier14,None
E5914,PO8520,None
E5914,Supplier36,None
E526,PO9880,None
E526,Supplier23,None
E1388,PO3891,None
E1388,Supplier28,None
E1713,PO6241,None
E1713,Supplier10,None
E6891,PO9299,None
E6891,Supplier16,None
E424,PO1360,None
E461,PO1858,None
E461,Supplier7,None
E724,PO308,None
E724,Supplier2,None
E2423,PO4266,None
E2423,Supplier34,None
E1013,PO4523,None
E1013,Supplier31,None
E2773,PO9274,None
E2773,Supplier2,None
E5963,PO2812,None
E5963,Supplier43,None
E6768,PO7332,None
E6768,Supplier34,None
E5824,PO4731,None
E5824,Supplier2,None
E5923,PO8512,None
E5923,Supplier8,None
E5981,PO1581,None
E5981,Supplier48,None
E1226,PO3708,None
E1226,Supplier10,None
E1415,PO7152,None
E1415,Supplier17,None
E5589,PO980,None
E5589,Supplier15,None
E2342,PO6131,None
E2342,Supplier24,None
E4497,PO9995,None
E4497,Supplier41,None
E7903,PO8646,None
E7903,Supplier29,None
E908,PO6695,None
E908,Supplier48,None
E4014,PO7816,None
E4014,Supplier45,None
E706,PO700,None
E706,Supplier12,None
E2414,PO1931,None
E2414,Supplier33,None
E517,PO9048,None
E517,Supplier35,None
E2979,PO6670,None
E2979,Supplier9,None
E5300,PO7120,None
E5300,Supplier16,None
E1143,PO7965,None
E1143,Supplier50,None
E8056,PO5441,None
E8056,Supplier8,None
E3657,PO3124,None
E3657,Supplier44,None
E5210,PO3416,None
E5210,Supplier40,None
E7631,PO5550,None
E7631,Supplier13,None
E8121,PO2468,None
E8121,Supplier28,None
E5598,PO2237,None
E5598,Supplier11,None
E7424,PO4251,None
E3819,PO7936,None
E3819,Supplier36,None
E4849,PO5615,None
E4849,Supplier2,None
E3992,PO9043,None
E3992,Supplier23,None
E2932,PO8315,None
E2932,Supplier50,None
E1689,PO783,None
E1689,Supplier48,None
E4972,PO2457,None
E4972,Supplier46,None
E7398,PO482,None
E7398,Supplier33,None
E8168,PO3841,None
E8168,Supplier23,None
E4569,PO720,None
E4569,Supplier28,None
E4829,PO7959,None
E4829,Supplier4,None
E8260,PO4838,None
E8260,Supplier37,None
E425,PO1360,None
E425,Supplier8,None
E1507,PO760,None
E1507,Supplier7,None
E2387,PO4509,None
E2387,Supplier14,None
E7425,PO4251,None
E7425,Supplier5,None
E6375,PO6574,None
E6375,Supplier26,None
E3936,PO5997,None
E3936,Supplier48,None
E1815,PO9276,None
E1815,GRN5752,None
E7677,PO521,None
E7677,GRN2999,None
E482,PO6495,None
E482,GRN5314,None
E7976,PO6361,None
E7976,GRN3058,None
E1853,PO2076,None
E1853,GRN1043,None
E7563,PO5224,None
E7563,GRN6643,None
E7805,PO9690,None
E7805,GRN9983,None
E5489,PO1714,None
E5489,GRN593,None
E4507,PO124,None
E4507,GRN2209,None
E2583,PO5336,None
E2583,GRN4886,None
E2538,PO7279,None
E2538,GRN7723,None
E7018,PO839,None
E7018,GRN9606,None
E3649,PO6962,None
E3649,GRN843,None
E5110,PO542,None
E5110,GRN4638,None
E951,PO4616,None
E951,GRN4701,None
E2352,PO9056,None
E2352,GRN3407,None
E7242,PO6157,None
E7242,GRN8962,None
E2123,PO612,None
E2123,GRN7579,None
E4655,PO140,None
E4655,GRN2188,None
E2756,PO523,None
E2756,GRN1659,None
E2056,PO2524,None
E2056,GRN5216,None
E4327,PO8059,None
E4327,GRN5029,None
E7715,PO1218,None
E7715,GRN5269,None
E2433,PO7733,None
E2433,GRN2655,None
E7056,PO2178,None
E7056,GRN6288,None
E4264,PO8600,None
E4264,GRN2102,None
E5438,PO1799,None
E5438,GRN5107,None
E2471,PO4715,None
E2471,GRN910,None
E3436,PO6032,None
E3436,GRN8829,None
E6457,PO6485,None
E6457,GRN8547,None
E5628,PO2463,None
E5628,GRN4123,None
E5807,PO8288,None
E5807,GRN6563,None
E197,PO143,None
E197,GRN311,None
E7949,PO2251,None
E7949,GRN6811,None
E7233,PO9138,None
E7233,GRN6258,None
E4152,PO273,None
E4152,GRN2274,None
E1200,PO4347,None
E1200,GRN3484,None
E1517,PO397,None
E1517,GRN6423,None
E114,PO8662,None
E114,GRN9762,None
E689,PO3101,None
E689,GRN2469,None
E2132,PO2816,None
E2132,GRN2302,None
E2285,PO3122,None
E2285,GRN9462,None
E7985,PO5166,None
E7985,GRN2861,None
E206,PO310,None
E206,GRN439,None
E1362,PO7161,None
E1362,GRN5201,None
E4982,PO9796,None
E4982,GRN7167,None
E1672,PO1357,None
E1672,GRN8806,None
E2924,PO2002,None
E2924,GRN8355,None
E7706,PO1110,None
E7706,GRN89,None
E2453,PO5942,None
E2453,GRN2369,None
E4579,PO7667,None
E4579,GRN1767,None
E5722,PO7428,None
E5722,GRN3412,None
E287,PO8937,None
E287,GRN7582,None
E5393,PO1713,None
E5393,GRN7949,None
E2861,PO3983,None
E2861,GRN4747,None
E152,PO5353,None
E152,GRN2701,None
E3272,PO7907,None
E3272,GRN9510,None
E6807,PO2483,None
E6807,GRN9004,None
E4803,PO5553,None
E4803,GRN5603,None
E4069,PO6111,None
E4069,GRN3892,None
E1824,PO8544,None
E1824,GRN6479,None
E6430,PO334,None
E6430,GRN5808,None
E2231,PO7879,None
E2231,GRN8466,None
E4700,PO6667,None
E4700,GRN7919,None
E770,PO874,None
E770,GRN6432,None
E6659,PO3601,None
E6659,GRN1231,None
E3454,PO8925,None
E3454,GRN4793,None
E6421,PO2399,None
E6421,GRN5156,None
E1290,PO4776,None
E1290,GRN4356,None
E3757,PO2603,None
E3757,GRN6041,None
E3883,PO3430,None
E3883,GRN1835,None
E2612,PO7538,None
E2612,GRN3259,None
E6103,PO1045,None
E6103,GRN4916,None
E7390,PO6378,None
E7390,GRN4153,None
E5675,PO3020,None
E5675,GRN9036,None
E188,PO9055,None
E188,GRN683,None
E6,PO3411,None
E6,GRN4125,None
E3418,PO3924,None
E3418,GRN8605,None
E4908,PO5679,None
E4908,GRN1348,None
E996,PO6894,None
E996,GRN4175,None
E6045,PO6571,None
E6045,GRN2296,None
E4237,PO8531,None
E4237,GRN7267,None
E3344,PO8540,None
E3344,GRN214,None
E5465,PO5278,None
E5465,GRN6147,None
E7453,PO7148,None
E7453,GRN9895,None
E2334,PO183,None
E2334,GRN5573,None
E5274,PO3581,None
E5274,GRN2248,None
E3281,PO6518,None
E3281,GRN5348,None
E5411,PO6692,None
E5411,GRN9366,None
E6340,PO1430,None
E6340,GRN4303,None
E3198,PO7055,None
E3198,GRN8209,None
E5137,PO6057,None
E5137,GRN7583,None
E6863,PO6563,None
E6863,GRN537,None
E7251,PO6208,None
E7251,GRN5516,None
E1965,PO3950,None
E1965,GRN8645,None
E2047,PO6825,None
E2047,GRN3169,None
E2489,PO6223,None
E2489,GRN2446,None
E7408,PO8448,None
E7408,GRN7920,None
E824,PO4630,None
E824,GRN391,None
E2249,PO8210,None
E2249,GRN1535,None
E3126,PO6393,None
E3126,GRN1323,None
E3153,PO3196,None
E3153,GRN81,None
E60,PO7204,None
E60,GRN4796,None
E4624,PO4782,None
E4624,GRN6634,None
E599,PO4807,None
E599,GRN1821,None
E8131,PO9729,None
E8131,GRN3690,None
E5065,PO9408,None
E5065,GRN6409,None
E1126,PO2676,None
E1126,GRN9353,None
E6063,PO1538,None
E6063,GRN9857,None
E5384,PO3168,None
E5384,GRN8699,None
E6946,PO8885,None
E6946,GRN6626,None
E1263,PO8010,None
E1263,GRN1348,None
E1987,PO6500,None
E1987,GRN2961,None
E7188,PO9874,None
E7188,GRN5622,None
E7796,PO2155,None
E7796,GRN2906,None
E87,PO7329,None
E87,GRN5125,None
E4821,PO1132,None
E4821,GRN4177,None
E882,PO2085,None
E882,GRN6793,None
E6955,PO662,None
E6955,GRN1779,None
E7612,PO6412,None
E7612,GRN6440,None
E563,PO1025,None
E563,GRN820,None
E743,PO2874,None
E743,GRN565,None
E2186,PO2453,None
E2186,GRN9052,None
E3225,PO9535,None
E3225,GRN3306,None
E3620,PO9808,None
E3620,GRN4916,None
E608,PO5936,None
E608,GRN3153,None
E3081,PO2657,None
E3081,GRN5964,None
E417,PO1139,None
E417,GRN8996,None
E2630,PO2523,None
E2630,GRN72,None
E5047,PO5830,None
E5047,GRN3407,None
E372,PO8639,None
E372,GRN7960,None
E6901,PO1805,None
E6901,GRN247,None
E7724,PO5198,None
E7724,GRN1329,None
E8140,PO9047,None
E8140,GRN9778,None
E8288,PO3968,None
E8288,GRN5957,None
E4336,PO4751,None
E4336,GRN982,None
E7751,PO6960,None
E7751,GRN7749,None
E3234,PO407,None
E3234,GRN732,None
E5184,PO7391,None
E5184,GRN6058,None
E2307,PO1137,None
E2307,GRN268,None
E6688,PO6690,None
E6688,GRN7598,None
E3975,PO3803,None
E3975,GRN7725,None
E6083,PO841,None
E6083,GRN771,None
E7047,PO4528,None
E7047,GRN106,None
E1335,PO9488,None
E1335,GRN363,None
E5029,PO6611,None
E5029,GRN100,None
E7509,PO7230,None
E7509,GRN5021,None
E8113,PO5736,None
E8113,GRN9476,None
E1862,PO1815,None
E1862,GRN7884,None
E779,PO9296,None
E779,GRN9922,None
E1191,PO7610,None
E1191,GRN8078,None
E1750,PO7660,None
E1750,GRN9799,None
E1759,PO4898,None
E1759,GRN7232,None
E3171,PO7291,None
E3171,GRN8104,None
E8225,PO4211,None
E8225,GRN9063,None
E1425,PO6020,None
E1425,GRN8475,None
E918,PO1356,None
E918,GRN4706,None
E7498,PO6597,None
E7498,GRN959,None
E363,PO1139,None
E363,GRN5645,None
E846,PO8019,None
E846,GRN4455,None
E5119,PO3322,None
E5119,GRN3558,None
E5534,PO2322,None
E5534,GRN9210,None
E891,PO3070,None
E891,GRN1409,None
E2325,PO2937,None
E2325,GRN2944,None
E8234,PO942,None
E8234,GRN6491,None
E5915,PO8520,None
E5915,GRN8461,None
E2774,PO9274,None
E2774,GRN8996,None
E5964,PO2812,None
E5964,GRN9946,None
E5924,PO8512,None
E5924,GRN9009,None
E5982,PO1581,None
E5982,GRN4422,None
E1416,PO7152,None
E1416,GRN4301,None
E4498,PO9995,None
E4498,GRN8,None
E3993,PO9043,None
E3993,GRN3070,None
E4570,PO720,None
E4570,GRN5624,None
E3703,PO289,None
E3703,GRN8366,None
E1816,PO9276,None
E1816,Invoice7734,None
E2000,PO9639,None
E2000,GRN7258,None
E483,PO6495,None
E483,Invoice892,None
E7137,PO8255,None
E7137,GRN3004,None
E1061,PO9493,None
E1061,GRN2162,None
E7197,PO586,None
E7197,GRN4051,None
E1218,PO7903,None
E1218,GRN9132,None
E1854,PO2076,None
E1854,Invoice1272,None
E1817,PO9276,None
E1817,GRN5752,None
E1817,Invoice7734,None
E4944,PO6052,None
E4944,GRN5796,None
E399,PO5785,None
E399,GRN3310,None
E7280,PO9032,None
E7280,GRN9788,None
E484,PO6495,None
E484,GRN5314,None
E484,Invoice892,None
E4508,PO124,None
E4508,Invoice3247,None
E5175,PO1512,None
E5175,GRN3290,None
E8003,PO420,None
E8003,GRN750,None
E2584,PO5336,None
E2584,Invoice9292,None
E3371,PO4813,None
E3371,GRN6909,None
E7859,PO4558,None
E7859,GRN6571,None
E2539,PO7279,None
E2539,Invoice9156,None
E5953,PO2778,None
E5953,GRN2984,None
E8039,PO7965,None
E8039,GRN2097,None
E7417,PO411,None
E7417,GRN656,None
E952,PO4616,None
E952,Invoice7098,None
E4774,PO2957,None
E4774,GRN3342,None
E7243,PO6157,None
E7243,Invoice7077,None
E4656,PO140,None
E4656,Invoice8119,None
E7832,PO9420,None
E7832,GRN1199,None
E1079,PO8024,None
E1079,GRN1682,None
E1407,PO1996,None
E1407,GRN1321,None
E2258,PO7137,None
E2258,GRN4079,None
E4754,PO4798,None
E4754,GRN6427,None
E4328,PO8059,None
E4328,Invoice6261,None
E5447,PO9243,None
E5447,GRN1156,None
E953,PO4616,None
E953,GRN4701,None
E953,Invoice7098,None
E6520,PO9305,None
E6520,GRN4739,None
E2585,PO5336,None
E2585,GRN4886,None
E2585,Invoice9292,None
E3180,PO2712,None
E3180,GRN3154,None
E4657,PO140,None
E4657,GRN2188,None
E4657,Invoice8119,None
E5870,PO253,None
E5870,GRN8451,None
E7244,PO6157,None
E7244,GRN8962,None
E7244,Invoice7077,None
E198,PO143,None
E198,Invoice2496,None
E7950,PO2251,None
E7950,Invoice6912,None
E1723,PO562,None
E1723,GRN9396,None
E4153,PO273,None
E4153,Invoice4873,None
E1777,PO3466,None
E1777,GRN6055,None
E6919,PO9291,None
E6919,GRN414,None
E115,PO8662,None
E115,Invoice6949,None
E7922,PO5167,None
E7922,GRN4177,None
E6827,PO3564,None
E6827,GRN3392,None
E7986,PO5166,None
E7986,Invoice3071,None
E1363,PO7161,None
E1363,Invoice8080,None
E2825,PO5810,None
E2825,GRN52,None
E3162,PO1917,None
E3162,GRN4064,None
E390,PO7916,None
E390,GRN1898,None
E4983,PO9796,None
E4983,Invoice1261,None
E6121,PO6090,None
E6121,GRN1265,None
E7480,PO4177,None
E7480,GRN8711,None
E42,PO9981,None
E42,GRN470,None
E5330,PO19,None
E5330,GRN8913,None
E7707,PO1110,None
E7707,Invoice3962,None
E3856,PO4220,None
E3856,GRN875,None
E288,PO8937,None
E288,Invoice2403,None
E4635,PO9553,None
E4635,GRN4886,None
E7987,PO5166,None
E7987,GRN2861,None
E7987,Invoice3071,None
E2675,PO3735,None
E2675,GRN2061,None
E969,PO1591,None
E969,GRN9398,None
E6237,PO6882,None
E6237,GRN934,None
E5202,PO4646,None
E5202,GRN2448,None
E4804,PO5553,None
E4804,Invoice2932,None
E7527,PO6361,None
E7527,GRN269,None
E7708,PO1110,None
E7708,GRN89,None
E7708,Invoice3962,None
E1855,PO2076,None
E1855,GRN1043,None
E1855,Invoice1272,None
E8158,PO8165,None
E8158,GRN5003,None
E2232,PO7879,None
E2232,Invoice1784,None
E3090,PO1838,None
E3090,GRN3319,None
E3135,PO6888,None
E3135,GRN2315,None
E6668,PO5396,None
E6668,GRN2748,None
E7354,PO730,None
E7354,GRN2219,None
E471,PO2896,None
E471,GRN4729,None
E2852,PO8958,None
E2852,GRN4905,None
E4417,PO2741,None
E4417,GRN1432,None
E6641,PO859,None
E6641,GRN8585,None
E7814,PO702,None
E7814,GRN7582,None
E1732,PO6570,None
E1732,GRN5485,None
E500,PO215,None
E500,GRN1591,None
E5292,PO2851,None
E5292,GRN9392,None
E6660,PO3601,None
E6660,Invoice4694,None
E4763,PO2892,None
E4763,GRN4686,None
E199,PO143,None
E199,GRN311,None
E199,Invoice2496,None
E3530,PO6360,None
E3530,GRN2574,None
E5146,PO2684,None
E5146,GRN7326,None
E5637,PO2800,None
E5637,GRN3385,None
E5973,PO5308,None
E5973,GRN6358,None
E278,PO7675,None
E278,GRN4622,None
E3117,PO8250,None
E3117,GRN8177,None
E7536,PO8726,None
E7536,GRN867,None
E7,PO3411,None
E7,Invoice8363,None
E381,PO3043,None
E381,GRN8382,None
E671,PO4465,None
E671,GRN6401,None
E2540,PO7279,None
E2540,GRN7723,None
E2540,Invoice9156,None
E3072,PO1395,None
E3072,GRN1801,None
E3874,PO4562,None
E3874,GRN9778,None
E997,PO6894,None
E997,Invoice3492,None
E4143,PO8024,None
E4143,GRN2173,None
E4273,PO7711,None
E4273,GRN9680,None
E8030,PO2599,None
E8030,GRN8164,None
E1173,PO1547,None
E1173,GRN7347,None
E2029,PO4504,None
E2029,GRN9733,None
E4238,PO8531,None
E4238,Invoice4436,None
E4509,PO124,None
E4509,GRN2209,None
E4509,Invoice3247,None
E4926,PO132,None
E4926,GRN6021,None
E1871,PO8254,None
E1871,GRN1634,None
E5648,PO8720,None
E5648,GRN100,None
E2335,PO183,None
E2335,Invoice4985,None
E5275,PO3581,None
E5275,Invoice8369,None
E215,PO83,None
E215,GRN7825,None
E4462,PO4173,None
E4462,GRN8254,None
E5276,PO3581,None
E5276,GRN2248,None
E5276,Invoice8369,None
E7621,PO3624,None
E7621,GRN2099,None
E7650,PO9996,None
E7650,GRN1971,None
E1364,PO7161,None
E1364,GRN5201,None
E1364,Invoice8080,None
E5991,PO8408,None
E5991,GRN4730,None
E8086,PO668,None
E8086,GRN9580,None
E5138,PO6057,None
E5138,Invoice5940,None
E4329,PO8059,None
E4329,GRN5029,None
E4329,Invoice6261,None
E6448,PO1261,None
E6448,GRN3963,None
E680,PO2196,None
E680,GRN1932,None
E1966,PO3950,None
E1966,Invoice3232,None
E2048,PO6825,None
E2048,Invoice2780,None
E5020,PO6140,None
E5020,GRN9621,None
E6910,PO1890,None
E6910,GRN6866,None
E3362,PO7125,None
E3362,GRN7210,None
E4525,PO6246,None
E4525,GRN1716,None
E7409,PO8448,None
E7409,Invoice3934,None
E2250,PO8210,None
E2250,Invoice3786,None
E3910,PO590,None
E3910,GRN7459,None
E4154,PO273,None
E4154,GRN2274,None
E4154,Invoice4873,None
E5906,PO9226,None
E5906,GRN8159,None
E6798,PO2790,None
E6798,GRN2740,None
E7951,PO2251,None
E7951,GRN6811,None
E7951,Invoice6912,None
E61,PO7204,None
E61,Invoice5613,None
E998,PO6894,None
E998,GRN4175,None
E998,Invoice3492,None
E1768,PO1432,None
E1768,GRN593,None
E3775,PO2297,None
E3775,GRN2609,None
E4625,PO4782,None
E4625,Invoice9478,None
E8012,PO8340,None
E8012,GRN7129,None
E600,PO4807,None
E600,Invoice6994,None
E8132,PO9729,None
E8132,Invoice630,None
E24,PO7304,None
E24,GRN1832,None
E2103,PO9381,None
E2103,GRN5091,None
E5619,PO9569,None
E5619,GRN1560,None
E8,PO3411,None
E8,GRN4125,None
E8,Invoice8363,None
E161,PO1800,None
E161,GRN4930,None
E3611,PO427,None
E3611,GRN5771,None
E6165,PO4088,None
E6165,GRN7083,None
E6733,PO5318,None
E6733,GRN3179,None
E7074,PO4264,None
E7074,GRN9579,None
E3027,PO8930,None
E3027,GRN5727,None
E289,PO8937,None
E289,GRN7582,None
E289,Invoice2403,None
E7262,PO8783,None
E7262,GRN2067,None
E6064,PO1538,None
E6064,Invoice2426,None
E734,PO259,None
E734,GRN9972,None
E1562,PO4655,None
E1562,GRN8568,None
E2240,PO4018,None
E2240,GRN8500,None
E1988,PO6500,None
E1988,Invoice5548,None
E4042,PO502,None
E4042,GRN8702,None
E4615,PO1145,None
E4615,GRN7307,None
E4805,PO5553,None
E4805,GRN5603,None
E4805,Invoice2932,None
E6132,PO279,None
E6132,GRN6042,None
E7189,PO9874,None
E7189,Invoice793,None
E88,PO7329,None
E88,Invoice1980,None
E1989,PO6500,None
E1989,GRN2961,None
E1989,Invoice5548,None
E4984,PO9796,None
E4984,GRN7167,None
E4984,Invoice1261,None
E5666,PO2423,None
E5666,GRN4137,None
E1117,PO9811,None
E1117,GRN6711,None
E2233,PO7879,None
E2233,GRN8466,None
E2233,Invoice1784,None
E2379,PO1817,None
E2379,GRN3197,None
E116,PO8662,None
E116,GRN9762,None
E116,Invoice6949,None
E4626,PO4782,None
E4626,GRN6634,None
E4626,Invoice9478,None
E6293,PO771,None
E6293,GRN3697,None
E62,PO7204,None
E62,GRN4796,None
E62,Invoice5613,None
E883,PO2085,None
E883,Invoice6027,None
E3566,PO8006,None
E3566,GRN2469,None
E3602,PO4980,None
E3602,GRN7739,None
E89,PO7329,None
E89,GRN5125,None
E89,Invoice1980,None
E564,PO1025,None
E564,Invoice3498,None
E2009,PO3034,None
E2009,GRN8844,None
E2187,PO2453,None
E2187,Invoice3787,None
E3226,PO9535,None
E3226,Invoice9211,None
E3957,PO5739,None
E3957,GRN760,None
E6751,PO2386,None
E6751,GRN2769,None
E3082,PO2657,None
E3082,Invoice5100,None
E5139,PO6057,None
E5139,GRN7583,None
E5139,Invoice5940,None
E7868,PO9966,None
E7868,GRN2930,None
E2049,PO6825,None
E2049,GRN3169,None
E2049,Invoice2780,None
E7190,PO9874,None
E7190,GRN5622,None
E7190,Invoice793,None
E5048,PO5830,None
E5048,Invoice2413,None
E373,PO8639,None
E373,Invoice6933,None
E3254,PO4235,None
E3254,GRN7194,None
E3481,PO6654,None
E3481,GRN1612,None
E6902,PO1805,None
E6902,Invoice8720,None
E7725,PO5198,None
E7725,Invoice2775,None
E8141,PO9047,None
E8141,Invoice3605,None
E3557,PO4049,None
E3557,GRN5416,None
E4239,PO8531,None
E4239,GRN7267,None
E4239,Invoice4436,None
E5704,PO2073,None
E5704,GRN4677,None
E2336,PO183,None
E2336,GRN5573,None
E2336,Invoice4985,None
E3235,PO407,None
E3235,Invoice5977,None
E5888,PO6663,None
E5888,GRN2236,None
E6661,PO3601,None
E6661,GRN1231,None
E6661,Invoice4694,None
E5155,PO1017,None
E5155,GRN3112,None
E5796,PO3059,None
E5796,GRN9037,None
E6973,PO937,None
E6973,GRN5359,None
E8196,PO2046,None
E8196,GRN3020,None
E3189,PO9837,None
E3189,GRN8589,None
E6065,PO1538,None
E6065,GRN9857,None
E6065,Invoice2426,None
E7119,PO6645,None
E7119,GRN8363,None
E2834,PO4520,None
E2834,GRN7952,None
E3667,PO7262,None
E3667,GRN1062,None
E1472,PO8887,None
E1472,GRN537,None
E6228,PO820,None
E6228,GRN3995,None
E3784,PO8441,None
E3784,GRN7301,None
E1844,PO6479,None
E1844,GRN6546,None
E554,PO4643,None
E554,GRN2795,None
E1705,PO3963,None
E1705,GRN5462,None
E8142,PO9047,None
E8142,GRN9778,None
E8142,Invoice3605,None
E3335,PO2660,None
E3335,GRN5818,None
E5049,PO5830,None
E5049,GRN3407,None
E5049,Invoice2413,None
E6403,PO4044,None
E6403,GRN4439,None
E3227,PO9535,None
E3227,GRN3306,None
E3227,Invoice9211,None
E3236,PO407,None
E3236,GRN732,None
E3236,Invoice5977,None
E7510,PO7230,None
E7510,Invoice2518,None
E8114,PO5736,None
E8114,Invoice9549,None
E1863,PO1815,None
E1863,Invoice7717,None
E3503,PO5732,None
E3503,GRN763,None
E4188,PO1408,None
E4188,GRN9801,None
E780,PO9296,None
E780,Invoice5499,None
E2251,PO8210,None
E2251,GRN1535,None
E2251,Invoice3786,None
E4051,PO8277,None
E4051,GRN3190,None
E601,PO4807,None
E601,GRN1821,None
E601,Invoice6994,None
E1490,PO4508,None
E1490,GRN4822,None
E3000,PO1261,None
E3000,GRN1126,None
E8077,PO2693,None
E8077,GRN598,None
E1760,PO4898,None
E1760,Invoice3847,None
E2897,PO5075,None
E2897,GRN2829,None
E565,PO1025,None
E565,GRN820,None
E565,Invoice3498,None
E1645,PO9079,None
E1645,GRN6621,None
E2188,PO2453,None
E2188,GRN9052,None
E2188,Invoice3787,None
E3172,PO7291,None
E3172,Invoice8964,None
E6903,PO1805,None
E6903,GRN247,None
E6903,Invoice8720,None
E2370,PO3051,None
E2370,GRN3004,None
E4435,PO6602,None
E4435,GRN8200,None
E8133,PO9729,None
E8133,GRN3690,None
E8133,Invoice630,None
E919,PO1356,None
E919,Invoice7616,None
E940,PO1666,None
E940,GRN4787,None
E1443,PO9902,None
E1443,GRN5388,None
E364,PO1139,None
E364,Invoice4779,None
E1967,PO3950,None
E1967,GRN8645,None
E1967,Invoice3232,None
E847,PO8019,None
E847,Invoice4484,None
E2816,PO5801,None
E2816,GRN6523,None
E3018,PO2941,None
E3018,GRN693,None
E5120,PO3322,None
E5120,Invoice2740,None
E8149,PO4971,None
E8149,GRN6813,None
E2326,PO2937,None
E2326,Invoice6741,None
E105,PO1803,None
E105,GRN6871,None
E6210,PO8255,None
E6210,GRN3095,None
E7410,PO8448,None
E7410,GRN7920,None
E7410,Invoice3934,None
E8235,PO942,None
E8235,Invoice9483,None
E7688,PO5049,None
E7688,GRN4466,None
E462,PO1858,None
E462,GRN5940,None
E2424,PO4266,None
E2424,GRN5743,None
E1864,PO1815,None
E1864,GRN7884,None
E1864,Invoice7717,None
E6769,PO7332,None
E6769,GRN4163,None
E5925,PO8512,None
E5925,Invoice4404,None
E374,PO8639,None
E374,GRN7960,None
E374,Invoice6933,None
E1417,PO7152,None
E1417,Invoice7907,None
E7904,PO8646,None
E7904,GRN8125,None
E909,PO6695,None
E909,GRN2732,None
E920,PO1356,None
E920,GRN4706,None
E920,Invoice7616,None
E1418,PO7152,None
E1418,GRN4301,None
E1418,Invoice7907,None
E7511,PO7230,None
E7511,GRN5021,None
E7511,Invoice2518,None
E7726,PO5198,None
E7726,GRN1329,None
E7726,Invoice2775,None
E8115,PO5736,None
E8115,GRN9476,None
E8115,Invoice9549,None
E3083,PO2657,None
E3083,GRN5964,None
E3083,Invoice5100,None
E7632,PO5550,None
E7632,GRN3720,None
E884,PO2085,None
E884,GRN6793,None
E884,Invoice6027,None
E8236,PO942,None
E8236,GRN6491,None
E8236,Invoice9483,None
E781,PO9296,None
E781,GRN9922,None
E781,Invoice5499,None
E4571,PO720,None
E4571,Invoice216,None
E2327,PO2937,None
E2327,GRN2944,None
E2327,Invoice6741,None
E5121,PO3322,None
E5121,GRN3558,None
E5121,Invoice2740,None
E8261,PO4838,None
E8261,GRN8987,None
E3173,PO7291,None
E3173,GRN8104,None
E3173,Invoice8964,None
E848,PO8019,None
E848,GRN4455,None
E848,Invoice4484,None
E4572,PO720,None
E4572,GRN5624,None
E4572,Invoice216,None
E365,PO1139,None
E365,GRN5645,None
E365,Invoice4779,None
E6376,PO6574,None
E6376,GRN1366,None
E1761,PO4898,None
E1761,GRN7232,None
E1761,Invoice3847,None
E5926,PO8512,None
E5926,GRN9009,None
E5926,Invoice4404,None
E4899,PO5406,None
E4899,GRN9472,None
E7678,PO521,None
E7678,Invoice7408,None
E1219,PO7903,None
E1219,Invoice4248,None
E7895,PO3502,None
E7895,GRN1000,None
E7564,PO5224,None
E7564,Invoice2561,None
E7601,PO539,None
E7601,GRN9487,None
E7679,PO521,None
E7679,GRN2999,None
E7679,Invoice7408,None
E5490,PO1714,None
E5490,Invoice5006,None
E2843,PO9668,None
E2843,GRN1922,None
E8004,PO420,None
E8004,Invoice3592,None
E635,PO2122,None
E635,GRN3862,None
E5491,PO1714,None
E5491,GRN593,None
E5491,Invoice5006,None
E4682,PO7499,None
E4682,GRN9177,None
E7860,PO4558,None
E7860,Invoice2051,None
E931,PO314,None
E931,GRN732,None
E6650,PO9675,None
E6650,GRN1504,None
E1741,PO9983,None
E1741,GRN9505,None
E2574,PO313,None
E2574,GRN9802,None
E2684,PO1144,None
E2684,GRN4921,None
E5954,PO2778,None
E5954,Invoice5507,None
E8243,PO393,None
E8243,GRN5887,None
E5456,PO8236,None
E5456,GRN7861,None
E5955,PO2778,None
E5955,GRN2984,None
E5955,Invoice5507,None
E2711,PO9468,None
E2711,GRN3533,None
E3548,PO2754,None
E3548,GRN8417,None
E2124,PO612,None
E2124,Invoice3376,None
E7565,PO5224,None
E7565,GRN6643,None
E7565,Invoice2561,None
E7833,PO9420,None
E7833,Invoice6999,None
E3353,PO7333,None
E3353,GRN5317,None
E5357,PO6714,None
E5357,GRN8481,None
E1080,PO8024,None
E1080,Invoice7856,None
E1182,PO5145,None
E1182,GRN8049,None
E2397,PO4725,None
E2397,GRN8800,None
E4755,PO4798,None
E4755,Invoice2668,None
E8005,PO420,None
E8005,GRN750,None
E8005,Invoice3592,None
E2057,PO2524,None
E2057,Invoice9145,None
E2971,PO5219,None
E2971,GRN5779,None
E6183,PO7521,None
E6183,GRN7266,None
E6219,PO1124,None
E6219,GRN7786,None
E7065,PO1663,None
E7065,GRN4755,None
E5128,PO7893,None
E5128,GRN2821,None
E1236,PO1909,None
E1236,GRN3005,None
E5420,PO6,None
E5420,GRN39,None
E6724,PO353,None
E6724,GRN9306,None
E7057,PO2178,None
E7057,Invoice1110,None
E2125,PO612,None
E2125,GRN7579,None
E2125,Invoice3376,None
E4265,PO8600,None
E4265,Invoice6951,None
E6521,PO9305,None
E6521,Invoice3727,None
E2472,PO4715,None
E2472,Invoice5095,None
E3181,PO2712,None
E3181,Invoice3900,None
E6458,PO6485,None
E6458,Invoice2156,None
E7861,PO4558,None
E7861,GRN6571,None
E7861,Invoice2051,None
E4024,PO2161,None
E4024,GRN6338,None
E5101,PO6272,None
E5101,GRN1237,None
E3685,PO3757,None
E3685,GRN7579,None
E5808,PO8288,None
E5808,Invoice2289,None
E626,PO1562,None
E626,GRN7777,None
E3099,PO8064,None
E3099,GRN1497,None
E96,PO8720,None
E96,GRN8463,None
E1518,PO397,None
E1518,Invoice8317,None
E2888,PO3747,None
E2888,GRN5483,None
E3391,PO2973,None
E3391,GRN4752,None
E6322,PO8,None
E6322,GRN158,None
E6706,PO5927,None
E6706,GRN8822,None
E7271,PO8632,None
E7271,GRN9167,None
E1804,PO7961,None
E1804,GRN3711,None
E2133,PO2816,None
E2133,Invoice9346,None
E2286,PO3122,None
E2286,Invoice3953,None
E3676,PO9025,None
E3676,GRN7606,None
E6828,PO3564,None
E6828,Invoice2453,None
E207,PO310,None
E207,Invoice6461,None
E2826,PO5810,None
E2826,Invoice5821,None
E6459,PO6485,None
E6459,GRN8547,None
E6459,Invoice2156,None
E391,PO7916,None
E391,Invoice6696,None
E1673,PO1357,None
E1673,Invoice3424,None
E2925,PO2002,None
E2925,Invoice3355,None
E5331,PO19,None
E5331,Invoice4253,None
E6522,PO9305,None
E6522,GRN4739,None
E6522,Invoice3727,None
E1526,PO422,None
E1526,GRN7399,None
E2038,PO5723,None
E2038,GRN2508,None
E2454,PO5942,None
E2454,Invoice5258,None
E3857,PO4220,None
E3857,Invoice5300,None
E5686,PO1580,None
E5686,GRN4377,None
E3182,PO2712,None
E3182,GRN3154,None
E3182,Invoice3900,None
E3521,PO2399,None
E3521,GRN4800,None
E3638,PO938,None
E3638,GRN3851,None
E4266,PO8600,None
E4266,GRN2102,None
E4266,Invoice6951,None
E4991,PO6174,None
E4991,GRN2665,None
E970,PO1591,None
E970,Invoice7359,None
E1220,PO7903,None
E1220,GRN9132,None
E1220,Invoice4248,None
E1281,PO723,None
E1281,GRN1772,None
E3009,PO9504,None
E3009,GRN6395,None
E4756,PO4798,None
E4756,GRN6427,None
E4756,Invoice2668,None
E6238,PO6882,None
E6238,Invoice3004,None
E153,PO5353,None
E153,Invoice3067,None
E5203,PO4646,None
E5203,Invoice7937,None
E6808,PO2483,None
E6808,Invoice1111,None
E761,PO1679,None
E761,GRN5060,None
E3766,PO1855,None
E3766,GRN7799,None
E4132,PO9446,None
E4132,GRN8559,None
E2455,PO5942,None
E2455,GRN2369,None
E2455,Invoice5258,None
E2603,PO6380,None
E2603,GRN8725,None
E1825,PO8544,None
E1825,Invoice3520,None
E3263,PO8841,None
E3263,GRN9855,None
E4597,PO6169,None
E4597,GRN6628,None
E6431,PO334,None
E6431,Invoice6068,None
E6809,PO2483,None
E6809,GRN9004,None
E6809,Invoice1111,None
E3216,PO698,None
E3216,GRN5163,None
E3512,PO8408,None
E3512,GRN6770,None
E3858,PO4220,None
E3858,GRN875,None
E3858,Invoice5300,None
E4701,PO6667,None
E4701,Invoice2301,None
E2287,PO3122,None
E2287,GRN9462,None
E2287,Invoice3953,None
E2805,PO1444,None
E2805,GRN7507,None
E5265,PO1597,None
E5265,GRN8833,None
E8021,PO7665,None
E8021,GRN197,None
E392,PO7916,None
E392,GRN1898,None
E392,Invoice6696,None
E4291,PO5050,None
E4291,GRN6261,None
E4516,PO8921,None
E4516,GRN2666,None
E6239,PO6882,None
E6239,GRN934,None
E6239,Invoice3004,None
E6511,PO8575,None
E6511,GRN5367,None
E7815,PO702,None
E7815,Invoice593,None
E1308,PO5313,None
E1308,GRN5943,None
E1607,PO3786,None
E1607,GRN5210,None
E501,PO215,None
E501,Invoice8068,None
E590,PO4259,None
E590,GRN3587,None
E5332,PO19,None
E5332,GRN8913,None
E5332,Invoice4253,None
E6937,PO1284,None
E6937,GRN926,None
E1916,PO3762,None
E1916,GRN8742,None
E3531,PO6360,None
E3531,Invoice7717,None
E4444,PO829,None
E4444,GRN8607,None
E5657,PO2317,None
E5657,GRN8088,None
E5816,PO7430,None
E5816,GRN3826,None
E6074,PO9606,None
E6074,GRN60,None
E6697,PO3912,None
E6697,GRN6864,None
E7471,PO7511,None
E7471,GRN323,None
E1081,PO8024,None
E1081,GRN1682,None
E1081,Invoice7856,None
E3427,PO3024,None
E3427,GRN4971,None
E4114,PO9703,None
E4114,GRN2227,None
E6432,PO334,None
E6432,GRN5808,None
E6432,Invoice6068,None
E2613,PO7538,None
E2613,Invoice4555,None
E279,PO7675,None
E279,Invoice4781,None
E4033,PO4869,None
E4033,GRN2107,None
E6104,PO1045,None
E6104,Invoice1864,None
E4354,PO5757,None
E4354,GRN1417,None
E6036,PO2511,None
E6036,GRN5835,None
E1164,PO2193,None
E1164,GRN8231,None
E5402,PO1752,None
E5402,GRN8160,None
E5543,PO3920,None
E5543,GRN4105,None
E8095,PO4379,None
E8095,GRN6283,None
E382,PO3043,None
E382,Invoice2924,None
E4909,PO5679,None
E4909,Invoice1251,None
E7318,PO4659,None
E7318,GRN6555,None
E7834,PO9420,None
E7834,GRN1199,None
E7834,Invoice6999,None
E69,PO6714,None
E69,GRN499,None
E815,PO5360,None
E815,GRN7198,None
E2134,PO2816,None
E2134,GRN2302,None
E2134,Invoice9346,None
E2473,PO4715,None
E2473,GRN910,None
E2473,Invoice5095,None
E2926,PO2002,None
E2926,GRN8355,None
E2926,Invoice3355,None
E6883,PO5307,None
E6883,GRN6313,None
E1519,PO397,None
E1519,GRN6423,None
E1519,Invoice8317,None
E1872,PO8254,None
E1872,Invoice7743,None
E2565,PO633,None
E2565,GRN7221,None
E2592,PO9904,None
E2592,GRN5943,None
E5649,PO8720,None
E5649,Invoice1992,None
E7454,PO7148,None
E7454,Invoice4311,None
E208,PO310,None
E208,GRN439,None
E208,Invoice6461,None
E3966,PO8753,None
E3966,GRN2942,None
E4463,PO4173,None
E4463,Invoice3728,None
E154,PO5353,None
E154,GRN2701,None
E154,Invoice3067,None
E3282,PO6518,None
E3282,Invoice6182,None
E6394,PO5792,None
E6394,GRN8935,None
E2065,PO3226,None
E2065,GRN7993,None
E3199,PO7055,None
E3199,Invoice7681,None
E3445,PO3332,None
E3445,GRN898,None
E6623,PO4324,None
E6623,GRN6456,None
E6864,PO6563,None
E6864,Invoice4101,None
E4718,PO8543,None
E4718,GRN3199,None
E6449,PO1261,None
E6449,Invoice2216,None
E7252,PO6208,None
E7252,Invoice747,None
E2076,PO8157,None
E2076,GRN635,None
E2490,PO6223,None
E2490,Invoice2299,None
E4161,PO4355,None
E4161,GRN3750,None
E5021,PO6140,None
E5021,Invoice4298,None
E3283,PO6518,None
E3283,GRN5348,None
E3283,Invoice6182,None
E3363,PO7125,None
E3363,Invoice1224,None
E788,PO5283,None
E788,GRN3036,None
E825,PO4630,None
E825,Invoice1676,None
E971,PO1591,None
E971,GRN9398,None
E971,Invoice7359,None
E2547,PO8191,None
E2547,GRN1111,None
E6156,PO4300,None
E6156,GRN6976,None
E3911,PO590,None
E3911,Invoice2591,None
E5907,PO9226,None
E5907,Invoice8156,None
E7327,PO6459,None
E7327,GRN9401,None
E855,PO2317,None
E855,GRN9126,None
E6547,PO3790,None
E6547,GRN5556,None
E280,PO7675,None
E280,GRN4622,None
E280,Invoice4781,None
E502,PO215,None
E502,GRN1591,None
E502,Invoice8068,None
E1106,PO3112,None
E1106,GRN5359,None
E3776,PO2297,None
E3776,Invoice7548,None
E6603,PO7371,None
E6603,GRN5340,None
E5776,PO3106,None
E5776,GRN4043,None
E233,PO9326,None
E233,GRN3939,None
E1254,PO5267,None
E1254,GRN6926,None
E2104,PO9381,None
E2104,Invoice1950,None
E2693,PO3680,None
E2693,GRN6157,None
E6412,PO1899,None
E6412,GRN8608,None
E162,PO1800,None
E162,Invoice8686,None
E7075,PO4264,None
E7075,Invoice6280,None
E2498,PO4697,None
E2498,GRN5608,None
E3028,PO8930,None
E3028,Invoice2049,None
E4644,PO9902,None
E4644,GRN9306,None
E2058,PO2524,None
E2058,GRN5216,None
E2058,Invoice9145,None
E2195,PO7680,None
E2195,GRN6964,None
E6105,PO1045,None
E6105,GRN4916,None
E6105,Invoice1864,None
E7263,PO8783,None
E7263,Invoice1347,None
E8048,PO2544,None
E8048,GRN6768,None
E1674,PO1357,None
E1674,GRN8806,None
E1674,Invoice3424,None
E5809,PO8288,None
E5809,GRN6563,None
E5809,Invoice2289,None
E6529,PO5523,None
E6529,GRN4732,None
E2702,PO1192,None
E2702,GRN9057,None
E5385,PO3168,None
E5385,Invoice6651,None
E1264,PO8010,None
E1264,Invoice5381,None
E2827,PO5810,None
E2827,GRN52,None
E2827,Invoice5821,None
E7058,PO2178,None
E7058,GRN6288,None
E7058,Invoice1110,None
E7797,PO2155,None
E7797,Invoice6233,None
E1990,Invoice5548,None
E1990,Supplier28,None
E1990,Payment963,None
E5667,PO2423,None
E5667,Invoice5840,None
E7816,PO702,None
E7816,GRN7582,None
E7816,Invoice593,None
E7877,PO359,None
E7877,GRN6764,None
E2380,PO1817,None
E2380,Invoice3722,None
E3777,PO2297,None
E3777,GRN2609,None
E3777,Invoice7548,None
E5348,PO7990,None
E5348,GRN8989,None
E5375,PO4204,None
E5375,GRN485,None
E1553,PO3109,None
E1553,GRN3865,None
E6294,PO771,None
E6294,Invoice8981,None
E1155,PO5147,None
E1155,GRN6239,None
E383,PO3043,None
E383,GRN8382,None
E383,Invoice2924,None
E2491,PO6223,None
E2491,GRN2446,None
E2491,Invoice2299,None
E4822,PO1132,None
E4822,Invoice4161,None
E4910,PO5679,None
E4910,GRN1348,None
E4910,Invoice1251,None
E6275,PO8606,None
E6275,GRN7407,None
E797,PO1952,None
E797,GRN6238,None
E3629,PO6933,None
E3629,GRN7543,None
E4673,PO3059,None
E4673,GRN112,None
E5321,PO8847,None
E5321,GRN2449,None
E1873,PO8254,None
E1873,GRN1634,None
E1873,Invoice7743,None
E3036,PO8200,None
E3036,GRN6413,None
E3958,PO5739,None
E3958,Invoice9758,None
E5908,PO9226,None
E5908,GRN8159,None
E5908,Invoice8156,None
E6752,PO2386,None
E6752,Invoice178,None
E2112,PO8498,None
E2112,GRN6497,None
E3532,PO6360,None
E3532,GRN2574,None
E3532,Invoice7717,None
E5000,PO7716,None
E5000,GRN7658,None
E6865,PO6563,None
E6865,GRN537,None
E6865,Invoice4101,None
E4408,PO4479,None
E4408,GRN5813,None
E4702,PO6667,None
E4702,GRN7919,None
E4702,Invoice2301,None
E6829,PO3564,None
E6829,GRN3392,None
E6829,Invoice2453,None
E418,PO1139,None
E418,Invoice8758,None
E509,PO704,None
E509,GRN3315,None
E7191,Invoice793,None
E7191,Supplier33,None
E7191,Payment7200,None
E581,PO8186,None
E581,GRN8627,None
E3912,PO590,None
E3912,GRN7459,None
E3912,Invoice2591,None
E2105,PO9381,None
E2105,GRN5091,None
E2105,Invoice1950,None
E4464,PO4173,None
E4464,GRN8254,None
E4464,Invoice3728,None
E5204,PO4646,None
E5204,GRN2448,None
E5204,Invoice7937,None
E7455,PO7148,None
E7455,GRN9895,None
E7455,Invoice4311,None
E8289,PO3968,None
E8289,Invoice3890,None
E1097,PO8618,None
E1097,GRN2314,None
E4337,PO4751,None
E4337,Invoice7291,None
E7752,PO6960,None
E7752,Invoice6882,None
E644,PO1689,None
E644,GRN9998,None
E3045,PO574,None
E3045,GRN2760,None
E5889,PO6663,None
E5889,Invoice3962,None
E2204,PO7814,None
E2204,GRN9059,None
E5156,PO1017,None
E5156,Invoice8342,None
E5797,PO3059,None
E5797,Invoice8912,None
E6295,PO771,None
E6295,GRN3697,None
E6295,Invoice8981,None
E6974,PO937,None
E6974,Invoice5117,None
E242,PO7766,None
E242,GRN7325,None
E2614,PO7538,None
E2614,GRN3259,None
E2614,Invoice4555,None
E3190,PO9837,None
E3190,Invoice586,None
E7120,PO6645,None
E7120,Invoice2949,None
E435,PO4707,None
E435,GRN1632,None
E1826,PO8544,None
E1826,GRN6479,None
E1826,Invoice3520,None
E2308,PO1137,None
E2308,Invoice314,None
E3029,PO8930,None
E3029,GRN5727,None
E3029,Invoice2049,None
E5650,PO8720,None
E5650,GRN100,None
E5650,Invoice1992,None
E1795,PO2567,None
E1795,GRN3919,None
E4823,PO1132,None
E4823,GRN4177,None
E4823,Invoice4161,None
E7029,PO4410,None
E7029,GRN4600,None
E5933,PO2189,None
E5933,GRN3855,None
E3539,PO7340,None
E3539,GRN3061,None
E3593,PO6975,None
E3593,GRN4231,None
E3976,PO3803,None
E3976,Invoice6095,None
E4197,PO2086,None
E4197,GRN8614,None
E6084,PO841,None
E6084,Invoice7233,None
E7048,PO4528,None
E7048,Invoice1359,None
E1336,PO9488,None
E1336,Invoice5002,None
E2018,PO9145,None
E2018,GRN6542,None
E4381,PO6329,None
E4381,GRN5442,None
E6404,PO4044,None
E6404,Invoice4615,None
E2177,PO6847,None
E2177,GRN9751,None
E7121,PO6645,None
E7121,GRN8363,None
E7121,Invoice2949,None
E3200,PO7055,None
E3200,GRN8209,None
E3200,Invoice7681,None
E4189,PO1408,None
E4189,Invoice254,None
E4217,PO2467,None
E4217,GRN3891,None
E305,PO3211,None
E305,GRN2116,None
E2159,PO690,None
E2159,GRN4931,None
E2252,Invoice3786,None
E2252,Supplier16,None
E2252,Payment7749,None
E7253,PO6208,None
E7253,GRN5516,None
E7253,Invoice747,None
E3001,PO1261,None
E3001,Invoice4789,None
E4561,PO8181,None
E4561,GRN8574,None
E826,PO4630,None
E826,GRN391,None
E826,Invoice1676,None
E3811,PO4561,None
E3811,GRN516,None
E4190,PO1408,None
E4190,GRN9801,None
E4190,Invoice254,None
E6502,PO6527,None
E6502,GRN7148,None
E7583,PO1115,None
E7583,GRN309,None
E3191,PO9837,None
E3191,GRN8589,None
E3191,Invoice586,None
E2085,PO4740,None
E2085,GRN6808,None
E3364,PO7125,None
E3364,GRN7210,None
E3364,Invoice1224,None
E7076,PO4264,None
E7076,GRN9579,None
E7076,Invoice6280,None
E1043,PO8873,None
E1043,GRN1701,None
E1265,PO8010,None
E1265,GRN1348,None
E1265,Invoice5381,None
E1337,PO9488,None
E1337,GRN363,None
E1337,Invoice5002,None
E6753,PO2386,None
E6753,GRN2769,None
E6753,Invoice178,None
E7753,PO6960,None
E7753,GRN7749,None
E7753,Invoice6882,None
E2222,PO5800,None
E2222,GRN2289,None
E2309,PO1137,None
E2309,GRN268,None
E2309,Invoice314,None
E3400,PO213,None
E3400,GRN1604,None
E3901,PO2019,None
E3901,GRN5127,None
E5890,PO6663,None
E5890,GRN2236,None
E5890,Invoice3962,None
E6632,PO4730,None
E6632,GRN280,None
E2371,PO3051,None
E2371,Invoice1315,None
E4436,PO6602,None
E4436,Invoice6688,None
E941,PO1666,None
E941,Invoice9541,None
E1444,PO9902,None
E1444,Invoice8128,None
E1936,PO6229,None
E1936,GRN9852,None
E3892,PO8134,None
E3892,GRN9085,None
E7499,PO6597,None
E7499,Invoice6475,None
E3959,PO5739,None
E3959,GRN760,None
E3959,Invoice9758,None
E653,PO566,None
E653,GRN570,None
E3019,PO2941,None
E3019,Invoice9226,None
E5386,PO3168,None
E5386,GRN8699,None
E5386,Invoice6651,None
E5535,PO2322,None
E5535,Invoice5848,None
E892,PO3070,None
E892,Invoice5847,None
E5022,PO6140,None
E5022,GRN9621,None
E5022,Invoice4298,None
E6439,PO8271,None
E6439,GRN1715,None
E6450,PO1261,None
E6450,GRN3963,None
E6450,Invoice2216,None
E7264,PO8783,None
E7264,GRN2067,None
E7264,Invoice1347,None
E7994,PO1352,None
E7994,GRN2561,None
E5536,PO2322,None
E5536,GRN9210,None
E5536,Invoice5848,None
E7049,PO4528,None
E7049,GRN106,None
E7049,Invoice1359,None
E7798,PO2155,None
E7798,GRN2906,None
E7798,Invoice6233,None
E1317,PO6815,None
E1317,GRN8993,None
E163,PO1800,None
E163,GRN4930,None
E163,Invoice8686,None
E6085,PO841,None
E6085,GRN771,None
E6085,Invoice7233,None
E6211,PO8255,None
E6211,Invoice5741,None
E4471,PO1028,None
E4471,GRN1022,None
E7689,PO5049,None
E7689,Invoice5707,None
E6405,PO4044,None
E6405,GRN4439,None
E6405,Invoice4615,None
E419,PO1139,None
E419,GRN8996,None
E419,Invoice8758,None
E527,PO9880,None
E527,GRN8195,None
E1389,PO3891,None
E1389,GRN9456,None
E1714,PO6241,None
E1714,GRN8860,None
E2381,PO1817,None
E2381,GRN3197,None
E2381,Invoice3722,None
E5668,PO2423,None
E5668,GRN4137,None
E5668,Invoice5840,None
E5798,PO3059,None
E5798,GRN9037,None
E5798,Invoice8912,None
E725,PO308,None
E725,GRN2308,None
E5157,PO1017,None
E5157,GRN3112,None
E5157,Invoice8342,None
E2775,PO9274,None
E2775,Invoice7401,None
E5965,PO2812,None
E5965,Invoice217,None
E1227,PO3708,None
E1227,GRN9932,None
E5590,PO980,None
E5590,GRN2078,None
E2343,PO6131,None
E2343,GRN5965,None
E4437,PO6602,None
E4437,GRN8200,None
E4437,Invoice6688,None
E4499,PO9995,None
E4499,Invoice4465,None
E910,PO6695,None
E910,Invoice9290,None
E921,Invoice7616,None
E921,Supplier33,None
E921,Payment7303,None
E5966,PO2812,None
E5966,GRN9946,None
E5966,Invoice217,None
E1144,PO7965,None
E1144,GRN3404,None
E6975,PO937,None
E6975,GRN5359,None
E6975,Invoice5117,None
E4500,PO9995,None
E4500,GRN8,None
E4500,Invoice4465,None
E5599,PO2237,None
E5599,GRN8063,None
E8290,PO3968,None
E8290,GRN5957,None
E8290,Invoice3890,None
E4850,PO5615,None
E4850,GRN9062,None
E1690,PO783,None
E1690,GRN9662,None
E4973,PO2457,None
E4973,GRN6211,None
E8169,PO3841,None
E8169,GRN6884,None
E2372,PO3051,None
E2372,GRN3004,None
E2372,Invoice1315,None
E3977,PO3803,None
E3977,GRN7725,None
E3977,Invoice6095,None
E4338,PO4751,None
E4338,GRN982,None
E4338,Invoice7291,None
E7690,PO5049,None
E7690,GRN4466,None
E7690,Invoice5707,None
E8262,PO4838,None
E8262,Invoice121,None
E849,Invoice4484,None
E849,Supplier16,None
E849,Payment3020,None
E366,Invoice4779,None
E366,Supplier36,None
E366,Payment5883,None
E7500,PO6597,None
E7500,GRN959,None
E7500,Invoice6475,None
E3002,PO1261,None
E3002,GRN1126,None
E3002,Invoice4789,None
E2776,PO9274,None
E2776,GRN8996,None
E2776,Invoice7401,None
E3020,PO2941,None
E3020,GRN693,None
E3020,Invoice9226,None
E8263,PO4838,None
E8263,GRN8987,None
E8263,Invoice121,None
E893,PO3070,None
E893,GRN1409,None
E893,Invoice5847,None
E3937,PO5997,None
E3937,GRN961,None
E1445,PO9902,None
E1445,GRN5388,None
E1445,Invoice8128,None
E942,PO1666,None
E942,GRN4787,None
E942,Invoice9541,None
E6212,PO8255,None
E6212,GRN3095,None
E6212,Invoice5741,None
E911,PO6695,None
E911,GRN2732,None
E911,Invoice9290,None
E1272,PO4448,None
E1272,GRN8178,None
E1544,PO9811,None
E1544,GRN6145,None
E4282,PO3635,None
E4282,GRN9486,None
E2001,PO9639,None
E2001,Invoice4014,None
E269,PO8512,None
E269,GRN3114,None
E7138,PO8255,None
E7138,Invoice4839,None
E1062,PO9493,None
E1062,Invoice4903,None
E7977,PO6361,None
E7977,Invoice3583,None
E4123,PO7752,None
E4123,GRN8922,None
E716,PO2766,None
E716,GRN8540,None
E1818,Invoice7734,None
E1818,Supplier36,None
E1818,Payment8585,None
E4945,PO6052,None
E4945,Invoice2507,None
E400,PO5785,None
E400,Invoice9370,None
E7281,PO9032,None
E7281,Invoice2626,None
E7806,PO9690,None
E7806,Invoice2454,None
E636,PO2122,None
E636,Invoice6144,None
E2002,PO9639,None
E2002,GRN7258,None
E2002,Invoice4014,None
E3372,PO4813,None
E3372,Invoice6626,None
E179,PO2691,None
E179,GRN2645,None
E2296,PO6508,None
E2296,GRN7175,None
E2141,PO1847,None
E2141,GRN3993,None
E6651,PO9675,None
E6651,Invoice4326,None
E7019,PO839,None
E7019,Invoice3790,None
E7841,PO244,None
E7841,GRN1132,None
E2150,PO6595,None
E2150,GRN6688,None
E1742,PO9983,None
E1742,Invoice7797,None
E3054,PO2247,None
E3054,GRN1851,None
E3650,PO6962,None
E3650,Invoice4693,None
E3373,PO4813,None
E3373,GRN6909,None
E3373,Invoice6626,None
E5092,PO1404,None
E5092,GRN3154,None
E4736,PO7424,None
E4736,GRN8133,None
E5111,PO542,None
E5111,Invoice9487,None
E5956,Invoice5507,None
E5956,Supplier35,None
E5956,Payment6290,None
E8040,PO7965,None
E8040,Invoice2114,None
E2712,PO9468,None
E2712,Invoice342,None
E7418,PO411,None
E7418,Invoice7868,None
E2353,PO9056,None
E2353,Invoice2009,None
E7419,PO411,None
E7419,GRN656,None
E7419,Invoice7868,None
E6565,PO5104,None
E6565,GRN1508,None
E6928,PO6264,None
E6928,GRN682,None
E4890,PO3040,None
E4890,GRN1711,None
E6742,PO9232,None
E6742,GRN5993,None
E4745,PO9072,None
E4745,GRN98,None
E2398,PO4725,None
E2398,Invoice2764,None
E2639,PO5655,None
E2639,GRN7362,None
E2757,PO523,None
E2757,Invoice3609,None
E7978,PO6361,None
E7978,GRN3058,None
E7978,Invoice3583,None
E6614,PO3385,None
E6614,GRN1140,None
E6220,PO1124,None
E6220,Invoice453,None
E7716,PO1218,None
E7716,Invoice9967,None
E2316,PO506,None
E2316,GRN7765,None
E2434,PO7733,None
E2434,Invoice5934,None
E4709,PO941,None
E4709,GRN4738,None
E637,PO2122,None
E637,GRN3862,None
E637,Invoice6144,None
E5439,PO1799,None
E5439,Invoice6919,None
E7139,PO8255,None
E7139,GRN3004,None
E7139,Invoice4839,None
E3437,PO6032,None
E3437,Invoice9813,None
E4453,PO4821,None
E4453,GRN6039,None
E4658,Invoice8119,None
E4658,Supplier49,None
E4658,Payment3609,None
E6145,PO1138,None
E6145,GRN5386,None
E6583,PO3519,None
E6583,GRN8199,None
E2276,PO2566,None
E2276,GRN7055,None
E7807,PO9690,None
E7807,GRN9983,None
E7807,Invoice2454,None
E2713,PO9468,None
E2713,GRN3533,None
E2713,Invoice342,None
E3686,PO3757,None
E3686,Invoice4902,None
E4664,PO5308,None
E4664,GRN7385,None
E5629,PO2463,None
E5629,Invoice7465,None
E1954,PO5671,None
E1954,GRN9530,None
E314,PO6416,None
E314,GRN8386,None
E3100,PO8064,None
E3100,Invoice251,None
E7234,PO9138,None
E7234,Invoice457,None
E6475,PO9250,None
E6475,GRN7491,None
E8216,PO8296,None
E8216,GRN4699,None
E3438,PO6032,None
E3438,GRN8829,None
E3438,Invoice9813,None
E4480,PO1116,None
E4480,GRN5440,None
E5440,PO1799,None
E5440,GRN5107,None
E5440,Invoice6919,None
E1063,PO9493,None
E1063,GRN2162,None
E1063,Invoice4903,None
E1201,PO4347,None
E1201,Invoice9338,None
E3392,PO2973,None
E3392,Invoice7817,None
E6920,PO9291,None
E6920,Invoice6042,None
E7272,PO8632,None
E7272,Invoice3736,None
E690,PO3101,None
E690,Invoice5473,None
E1805,PO7961,None
E1805,Invoice7435,None
E3101,PO8064,None
E3101,GRN1497,None
E3101,Invoice251,None
E7150,PO5448,None
E7150,GRN5376,None
E7923,PO5167,None
E7923,Invoice4591,None
E2738,PO4777,None
E2738,GRN5243,None
E3677,PO9025,None
E3677,Invoice7678,None
E3802,PO1757,None
E3802,GRN5372,None
E5112,PO542,None
E5112,GRN4638,None
E5112,Invoice9487,None
E401,PO5785,None
E401,GRN3310,None
E401,Invoice9370,None
E7481,PO4177,None
E7481,Invoice2171,None
E43,PO9981,None
E43,Invoice1571,None
E491,PO2224,None
E491,GRN5477,None
E4372,PO3873,None
E4372,GRN5470,None
E4812,PO9839,None
E4812,GRN5956,None
E5767,PO1128,None
E5767,GRN880,None
E2765,PO9154,None
E2765,GRN5193,None
E3651,PO6962,None
E3651,GRN843,None
E3651,Invoice4693,None
E4580,PO7667,None
E4580,Invoice1580,None
E5723,PO7428,None
E5723,Invoice2024,None
E444,PO162,None
E444,GRN8441,None
E1481,PO1070,None
E1481,GRN7162,None
E4636,PO9553,None
E4636,Invoice8906,None
E5394,PO1713,None
E5394,Invoice8779,None
E7282,PO9032,None
E7282,GRN9788,None
E7282,Invoice2626,None
E7697,PO2531,None
E7697,GRN2384,None
E2462,PO425,None
E2462,GRN8680,None
E2676,PO3735,None
E2676,Invoice9437,None
E2862,PO3983,None
E2862,Invoice6487,None
E3687,PO3757,None
E3687,GRN7579,None
E3687,Invoice4902,None
E4606,PO8982,None
E4606,GRN6899,None
E4992,PO6174,None
E4992,Invoice7206,None
E7273,PO8632,None
E7273,GRN9167,None
E7273,Invoice3736,None
E251,PO1521,None
E251,GRN2825,None
E1221,Invoice4248,None
E1221,Supplier10,None
E1221,Payment1841,None
E6255,PO6550,None
E6255,GRN9293,None
E170,PO5791,None
E170,GRN5531,None
E3273,PO7907,None
E3273,Invoice1490,None
E6201,PO2638,None
E6201,GRN2625,None
E6789,PO5385,None
E6789,GRN7982,None
E762,PO1679,None
E762,Invoice9422,None
E6493,PO6133,None
E6493,GRN5629,None
E7528,PO6361,None
E7528,Invoice1151,None
E7709,Invoice3962,None
E7709,Supplier41,None
E7709,Payment6214,None
E3712,PO3285,None
E3712,GRN9883,None
E4070,PO6111,None
E4070,Invoice8132,None
E6556,PO886,None
E6556,GRN6870,None
E7020,PO839,None
E7020,GRN9606,None
E7020,Invoice3790,None
E3264,PO8841,None
E3264,Invoice7583,None
E3847,PO1342,None
E3847,GRN4272,None
E8159,PO8165,None
E8159,Invoice4789,None
E2758,PO523,None
E2758,GRN1659,None
E2758,Invoice3609,None
E3136,PO6888,None
E3136,Invoice4043,None
E3739,PO8028,None
E3739,GRN6043,None
E7355,PO730,None
E7355,Invoice151,None
E691,PO3101,None
E691,GRN2469,None
E691,Invoice5473,None
E5266,PO1597,None
E5266,Invoice1493,None
E5785,PO8912,None
E5785,GRN7528,None
E8022,PO7665,None
E8022,Invoice5651,None
E472,PO2896,None
E472,Invoice1554,None
E771,PO874,None
E771,Invoice8500,None
E4418,PO2741,None
E4418,Invoice4816,None
E4363,PO7904,None
E4363,GRN9122,None
E6642,PO859,None
E6642,Invoice9038,None
E1309,PO5313,None
E1309,Invoice7258,None
E2747,PO9372,None
E2747,GRN9775,None
E4071,PO6111,None
E4071,GRN3892,None
E4071,Invoice8132,None
E6311,PO5994,None
E6311,GRN9919,None
E7924,PO5167,None
E7924,GRN4177,None
E7924,Invoice4591,None
E4637,PO9553,None
E4637,GRN4886,None
E4637,Invoice8906,None
E5293,PO2851,None
E5293,Invoice4507,None
E7967,PO4189,None
E7967,GRN5351,None
E2648,PO131,None
E2648,GRN3468,None
E3455,PO8925,None
E3455,Invoice266,None
E3463,PO1276,None
E3463,GRN4966,None
E6422,PO2399,None
E6422,Invoice4052,None
E763,PO1679,None
E763,GRN5060,None
E763,Invoice9422,None
E1291,PO4776,None
E1291,Invoice5066,None
E1917,PO3762,None
E1917,Invoice9553,None
E3758,PO2603,None
E3758,Invoice4121,None
E4445,PO829,None
E4445,Invoice8427,None
E4581,PO7667,None
E4581,GRN1767,None
E4581,Invoice1580,None
E4946,PO6052,None
E4946,GRN5796,None
E4946,Invoice2507,None
E5658,PO2317,None
E5658,Invoice7138,None
E6075,PO9606,None
E6075,Invoice7172,None
E3884,PO3430,None
E3884,Invoice6328,None
E5283,PO4624,None
E5283,GRN2164,None
E1571,PO3242,None
E1571,GRN1189,None
E1743,PO9983,None
E1743,GRN9505,None
E1743,Invoice7797,None
E3108,PO5108,None
E3108,GRN7125,None
E3317,PO4590,None
E3317,GRN8149,None
E5147,PO2684,None
E5147,Invoice37,None
E5638,PO2800,None
E5638,Invoice3558,None
E5974,PO5308,None
E5974,Invoice1926,None
E7482,PO4177,None
E7482,GRN8711,None
E7482,Invoice2171,None
E1898,PO4634,None
E1898,GRN6616,None
E3207,PO4307,None
E3207,GRN5595,None
E4419,PO2741,None
E4419,GRN1432,None
E4419,Invoice4816,None
E1299,PO7414,None
E1299,GRN4227,None
E7391,PO6378,None
E7391,Invoice4421,None
E3118,PO8250,None
E3118,Invoice8693,None
E4355,PO5757,None
E4355,Invoice7651,None
E5676,PO3020,None
E5676,Invoice2371,None
E5834,PO5541,None
E5834,GRN7609,None
E6652,PO9675,None
E6652,GRN1504,None
E6652,Invoice4326,None
E7537,PO8726,None
E7537,Invoice82,None
E189,PO9055,None
E189,Invoice5006,None
E1654,PO2170,None
E1654,GRN9098,None
E2399,PO4725,None
E2399,GRN8800,None
E2399,Invoice2764,None
E5403,PO1752,None
E5403,Invoice2279,None
E1052,PO4803,None
E1052,GRN2542,None
E2783,PO2897,None
E2783,GRN1233,None
E3073,PO1395,None
E3073,Invoice665,None
E3419,PO3924,None
E3419,Invoice7776,None
E3875,PO4562,None
E3875,Invoice9274,None
E3946,PO4450,None
E3946,GRN8818,None
E5404,PO1752,None
E5404,GRN8160,None
E5404,Invoice2279,None
E7319,PO4659,None
E7319,Invoice7551,None
E8270,PO447,None
E8270,GRN3600,None
E15,PO751,None
E15,GRN7903,None
E4144,PO8024,None
E4144,Invoice4011,None
E4274,PO7711,None
E4274,Invoice5188,None
E5480,PO833,None
E5480,GRN8373,None
E5713,PO289,None
E5713,GRN2798,None
E6046,PO6571,None
E6046,Invoice3928,None
E1174,PO1547,None
E1174,Invoice8652,None
E6884,PO5307,None
E6884,Invoice7341,None
E7235,PO9138,None
E7235,GRN6258,None
E7235,Invoice457,None
E44,PO9981,None
E44,GRN470,None
E44,Invoice1571,None
E132,PO7594,None
E132,GRN85,None
E2566,PO633,None
E2566,Invoice6224,None
E2593,PO9904,None
E2593,Invoice9505,None
E2863,PO3983,None
E2863,GRN4747,None
E2863,Invoice6487,None
E3345,PO8540,None
E3345,Invoice6285,None
E5466,PO5278,None
E5466,Invoice9937,None
E7206,PO4772,None
E7206,GRN3341,None
E2915,PO1388,None
E2915,GRN3242,None
E3678,PO9025,None
E3678,GRN7606,None
E3678,Invoice7678,None
E4794,PO8489,None
E4794,GRN8764,None
E5724,PO7428,None
E5724,GRN3412,None
E5724,Invoice2024,None
E6092,PO8834,None
E6092,GRN2979,None
E6780,PO6857,None
E6780,GRN9312,None
E6991,PO3975,None
E6991,GRN5917,None
E7717,PO1218,None
E7717,GRN5269,None
E7717,Invoice9967,None
E7931,PO5529,None
E7931,GRN621,None
E216,PO83,None
E216,Invoice9926,None
E1365,Invoice8080,None
E1365,Supplier5,None
E1365,Payment5290,None
E5412,PO6692,None
E5412,Invoice1565,None
E6047,PO6571,None
E6047,GRN2296,None
E6047,Invoice3928,None
E6341,PO1430,None
E6341,Invoice2942,None
E6921,PO9291,None
E6921,GRN414,None
E6921,Invoice6042,None
E2520,PO1193,None
E2520,GRN2529,None
E3393,PO2973,None
E3393,GRN4752,None
E3393,Invoice7817,None
E4179,PO8673,None
E4179,GRN6988,None
E6423,PO2399,None
E6423,GRN5156,None
E6423,Invoice4052,None
E8041,PO7965,None
E8041,GRN2097,None
E8041,Invoice2114,None
E1292,PO4776,None
E1292,GRN4356,None
E1292,Invoice5066,None
E1806,PO7961,None
E1806,GRN3711,None
E1806,Invoice7435,None
E4330,Invoice6261,None
E4330,Supplier46,None
E4330,Payment7510,None
E4719,PO8543,None
E4719,Invoice4478,None
E6018,PO2764,None
E6018,GRN9157,None
E7356,PO730,None
E7356,GRN2219,None
E7356,Invoice151,None
E6221,PO1124,None
E6221,GRN7786,None
E6221,Invoice453,None
E6911,PO1890,None
E6911,Invoice4420,None
E7592,PO2524,None
E7592,GRN9734,None
E8160,PO8165,None
E8160,GRN5003,None
E8160,Invoice4789,None
E2666,PO1368,None
E2666,GRN1303,None
E4526,PO6246,None
E4526,Invoice1971,None
E4993,PO6174,None
E4993,GRN2665,None
E4993,Invoice7206,None
E51,PO9506,None
E51,GRN4569,None
E789,PO5283,None
E789,Invoice8498,None
E2354,PO9056,None
E2354,GRN3407,None
E2354,Invoice2009,None
E2548,PO8191,None
E2548,Invoice4121,None
E3127,PO6393,None
E3127,Invoice9146,None
E6157,PO4300,None
E6157,Invoice5478,None
E7529,PO6361,None
E7529,GRN269,None
E7529,Invoice1151,None
E873,PO2243,None
E873,GRN7514,None
E4155,Invoice4873,None
E4155,Supplier3,None
E4155,Payment1908,None
E6192,PO9594,None
E6192,GRN1049,None
E6302,PO7566,None
E6302,GRN2076,None
E7769,PO3789,None
E7769,GRN1791,None
E835,PO6355,None
E835,GRN7163,None
E3154,PO3196,None
E3154,Invoice6765,None
E3346,PO8540,None
E3346,GRN214,None
E3346,Invoice6285,None
E4246,PO733,None
E4246,GRN1987,None
E6548,PO3790,None
E6548,Invoice5640,None
E6799,PO2790,None
E6799,Invoice8121,None
E7462,PO4835,None
E7462,GRN8575,None
E281,Invoice4781,None
E281,Supplier31,None
E281,Payment5371,None
E503,Invoice8068,None
E503,Supplier47,None
E503,Payment7494,None
E3308,PO3650,None
E3308,GRN27,None
E6604,PO7371,None
E6604,Invoice3902,None
E1598,PO7264,None
E1598,GRN853,None
E2879,PO4352,None
E2879,GRN1339,None
E3759,PO2603,None
E3759,GRN6041,None
E3759,Invoice4121,None
E234,PO9326,None
E234,Invoice9037,None
E1255,PO5267,None
E1255,Invoice7247,None
E3155,PO3196,None
E3155,GRN81,None
E3155,Invoice6765,None
E5066,PO9408,None
E5066,Invoice8611,None
E5395,PO1713,None
E5395,GRN7949,None
E5395,Invoice8779,None
E5620,PO9569,None
E5620,Invoice7020,None
E7538,PO8726,None
E7538,GRN867,None
E7538,Invoice82,None
E296,PO6312,None
E296,GRN2293,None
E2435,PO7733,None
E2435,GRN2655,None
E2435,Invoice5934,None
E2480,PO3833,None
E2480,GRN1009,None
E3612,PO427,None
E3612,Invoice7961,None
E6166,PO4088,None
E6166,Invoice5739,None
E6734,PO5318,None
E6734,Invoice7026,None
E1127,PO2676,None
E1127,Invoice3662,None
E2499,PO4697,None
E2499,Invoice1370,None
E4588,PO7856,None
E4588,GRN7142,None
E5525,PO1481,None
E5525,GRN7018,None
E5740,PO1433,None
E5740,GRN6772,None
E7320,PO4659,None
E7320,GRN6555,None
E7320,Invoice7551,None
E7363,PO6998,None
E7363,GRN8117,None
E1434,PO9592,None
E1434,GRN1084,None
E5659,PO2317,None
E5659,GRN8088,None
E5659,Invoice7138,None
E7038,PO1173,None
E7038,GRN1844,None
E2729,PO4858,None
E2729,GRN6263,None
E3584,PO6473,None
E3584,GRN844,None
E3793,PO3431,None
E3793,GRN8792,None
E5229,PO7027,None
E5229,GRN769,None
E6530,PO5523,None
E6530,Invoice9352,None
E6964,PO472,None
E6964,GRN8162,None
E7009,PO4581,None
E7009,GRN6750,None
E217,PO83,None
E217,GRN7825,None
E217,Invoice9926,None
E900,PO3844,None
E900,GRN9448,None
E1563,PO4655,None
E1563,Invoice5678,None
E2703,PO1192,None
E2703,Invoice4677,None
E3885,PO3430,None
E3885,GRN1835,None
E3885,Invoice6328,None
E6854,PO6351,None
E6854,GRN3318,None
E6947,PO8885,None
E6947,Invoice3713,None
E7886,PO5934,None
E7886,GRN1998,None
E1005,PO7654,None
E1005,GRN4379,None
E2677,PO3735,None
E2677,GRN2061,None
E2677,Invoice9437,None
E4616,PO1145,None
E4616,Invoice7766,None
E1088,PO6307,None
E1088,GRN7837,None
E2704,PO1192,None
E2704,GRN9057,None
E2704,Invoice4677,None
E4985,Invoice1261,None
E4985,Supplier29,None
E4985,Payment8074,None
E5083,PO4237,None
E5083,GRN5205,None
E5630,PO2463,None
E5630,GRN4123,None
E5630,Invoice7465,None
E6264,PO1981,None
E6264,GRN4187,None
E3838,PO6365,None
E3838,GRN4121,None
E7878,PO359,None
E7878,Invoice3913,None
E2094,PO4869,None
E2094,GRN6970,None
E5267,PO1597,None
E5267,GRN8833,None
E5267,Invoice1493,None
E1554,PO3109,None
E1554,Invoice3710,None
E2594,PO9904,None
E2594,GRN5943,None
E2594,Invoice9505,None
E3128,PO6393,None
E3128,GRN1323,None
E3128,Invoice9146,None
E6643,PO859,None
E6643,GRN8585,None
E6643,Invoice9038,None
E7392,PO6378,None
E7392,GRN4153,None
E7392,Invoice4421,None
E3265,PO8841,None
E3265,GRN9855,None
E3265,Invoice7583,None
E4300,PO6328,None
E4300,GRN9341,None
E5942,PO3223,None
E5942,GRN5818,None
E6760,PO9390,None
E6760,GRN717,None
E1202,PO4347,None
E1202,GRN3484,None
E1202,Invoice9338,None
E1461,PO3661,None
E1461,GRN4865,None
E1589,PO5932,None
E1589,GRN7838,None
E3876,PO4562,None
E3876,GRN9778,None
E3876,Invoice9274,None
E4170,PO9591,None
E4170,GRN2297,None
E5193,PO3357,None
E5193,GRN9589,None
E6549,PO3790,None
E6549,GRN5556,None
E6549,Invoice5640,None
E617,PO5795,None
E617,GRN5242,None
E3420,PO3924,None
E3420,GRN8605,None
E3420,Invoice7776,None
E3603,PO4980,None
E3603,Invoice3877,None
E6956,PO662,None
E6956,Invoice1887,None
E798,PO1952,None
E798,Invoice7772,None
E1310,PO5313,None
E1310,GRN5943,None
E1310,Invoice7258,None
E1555,PO3109,None
E1555,GRN3865,None
E1555,Invoice3710,None
E3456,PO8925,None
E3456,GRN4793,None
E3456,Invoice266,None
E3630,PO6933,None
E3630,Invoice640,None
E4275,PO7711,None
E4275,GRN9680,None
E4275,Invoice5188,None
E6735,PO5318,None
E6735,GRN3179,None
E6735,Invoice7026,None
E7309,PO1748,None
E7309,GRN9562,None
E7613,PO6412,None
E7613,Invoice300,None
E190,PO9055,None
E190,GRN683,None
E190,Invoice5006,None
E744,PO2874,None
E744,Invoice7721,None
E2010,PO3034,None
E2010,Invoice4022,None
E3037,PO8200,None
E3037,Invoice277,None
E3621,PO9808,None
E3621,Invoice7983,None
E3748,PO5173,None
E3748,GRN7305,None
E4859,PO4460,None
E4859,GRN934,None
E6331,PO2795,None
E6331,GRN1892,None
E609,PO5936,None
E609,Invoice9194,None
E745,PO2874,None
E745,GRN565,None
E745,Invoice7721,None
E2567,PO633,None
E2567,GRN7221,None
E2567,Invoice6224,None
E5067,PO9408,None
E5067,GRN6409,None
E5067,Invoice8611,None
E6912,PO1890,None
E6912,GRN6866,None
E6912,Invoice4420,None
E7787,PO8053,None
E7787,GRN7194,None
E1135,PO9389,None
E1135,GRN2000,None
E4145,PO8024,None
E4145,GRN2173,None
E4145,Invoice4011,None
E5148,PO2684,None
E5148,GRN7326,None
E5148,Invoice37,None
E5639,PO2800,None
E5639,GRN3385,None
E5639,Invoice3558,None
E7850,PO3229,None
E7850,GRN8322,None
E7869,PO9966,None
E7869,Invoice977,None
E772,PO874,None
E772,GRN6432,None
E772,Invoice8500,None
E2213,PO3689,None
E2213,GRN4202,None
E3721,PO3010,None
E3721,GRN815,None
E5294,PO2851,None
E5294,GRN9392,None
E5294,Invoice4507,None
E6800,PO2790,None
E6800,GRN2740,None
E6800,Invoice8121,None
E332,PO8446,None
E332,GRN9108,None
E2549,PO8191,None
E2549,GRN1111,None
E2549,Invoice4121,None
E2631,PO2523,None
E2631,Invoice4702,None
E2951,PO7853,None
E2951,GRN9916,None
E3613,PO427,None
E3613,GRN5771,None
E3613,Invoice7961,None
E6076,PO9606,None
E6076,GRN60,None
E6076,Invoice7172,None
E2720,PO1457,None
E2720,GRN3493,None
E4226,PO4594,None
E4226,GRN8608,None
E4552,PO7072,None
E4552,GRN4846,None
E7345,PO1095,None
E7345,GRN8216,None
E7940,PO7179,None
E7940,GRN9836,None
E473,PO2896,None
E473,GRN4729,None
E473,Invoice1554,None
E4727,PO9499,None
E4727,GRN5033,None
E6885,PO5307,None
E6885,GRN6313,None
E6885,Invoice7341,None
E3299,PO3249,None
E3299,GRN2642,None
E8297,PO7524,None
E8297,GRN4574,None
E806,PO4343,None
E806,GRN6155,None
E960,PO1923,None
E960,GRN1510,None
E3558,PO4049,None
E3558,Invoice2171,None
E4240,Invoice4436,None
E4240,Supplier46,None
E4240,Payment9798,None
E5705,PO2073,None
E5705,Invoice238,None
E6957,PO662,None
E6957,GRN1779,None
E6957,Invoice1887,None
E645,PO1689,None
E645,Invoice5311,None
E6054,PO5076,None
E6054,GRN574,None
E6662,Invoice4694,None
E6662,Supplier7,None
E6662,Payment1192,None
E78,PO1984,None
E78,GRN4364,None
E1918,PO3762,None
E1918,GRN8742,None
E1918,Invoice9553,None
E3074,PO1395,None
E3074,GRN1801,None
E3074,Invoice665,None
E4720,PO8543,None
E4720,GRN3199,None
E4720,Invoice4478,None
E5185,PO7391,None
E5185,Invoice937,None
E5429,PO2801,None
E5429,GRN8790,None
E5852,PO9574,None
E5852,GRN9245,None
E6158,PO4300,None
E6158,GRN6976,None
E6158,Invoice5478,None
E8197,PO2046,None
E8197,Invoice821,None
E3274,PO7907,None
E3274,GRN9510,None
E3274,Invoice1490,None
E4309,PO9588,None
E4309,GRN573,None
E5861,PO4760,None
E5861,GRN8382,None
E6594,PO9296,None
E6594,GRN9767,None
E7823,PO5042,None
E7823,GRN9486,None
E8198,PO2046,None
E8198,GRN3020,None
E8198,Invoice821,None
E436,PO4707,None
E436,Invoice6962,None
E2835,PO4520,None
E2835,Invoice1012,None
E6342,PO1430,None
E6342,GRN4303,None
E6342,Invoice2942,None
E790,PO5283,None
E790,GRN3036,None
E790,Invoice8498,None
E1473,PO8887,None
E1473,Invoice2976,None
E1927,PO1727,None
E1927,GRN8398,None
E3137,PO6888,None
E3137,GRN2315,None
E3137,Invoice4043,None
E4356,PO5757,None
E4356,GRN1417,None
E4356,Invoice7651,None
E5975,PO5308,None
E5975,GRN6358,None
E5975,Invoice1926,None
E6229,PO820,None
E6229,Invoice3657,None
E6689,PO6690,None
E6689,Invoice4627,None
E7614,PO6412,None
E7614,GRN6440,None
E7614,Invoice300,None
E8023,PO7665,None
E8023,GRN197,None
E8023,Invoice5651,None
E3785,PO8441,None
E3785,Invoice5487,None
E6948,PO8885,None
E6948,GRN6626,None
E6948,Invoice3713,None
E7030,PO4410,None
E7030,Invoice7622,None
E1845,PO6479,None
E1845,Invoice7328,None
E3694,PO414,None
E3694,GRN1444,None
E5164,PO2749,None
E5164,GRN5814,None
E6167,PO4088,None
E6167,GRN7083,None
E6167,Invoice5739,None
E235,PO9326,None
E235,GRN3939,None
E235,Invoice9037,None
E555,PO4643,None
E555,Invoice64,None
E1706,PO3963,None
E1706,Invoice4619,None
E2906,PO6434,None
E2906,GRN2343,None
E3540,PO7340,None
E3540,Invoice863,None
E3594,PO6975,None
E3594,Invoice3097,None
E4002,PO7893,None
E4002,GRN5402,None
E6605,PO7371,None
E6605,GRN5340,None
E6605,Invoice3902,None
E5879,PO764,None
E5879,GRN5079,None
E4446,PO829,None
E4446,GRN8607,None
E4446,Invoice8427,None
E5030,PO6611,None
E5030,Invoice9457,None
E5677,PO3020,None
E5677,GRN9036,None
E5677,Invoice2371,None
E6836,PO9226,None
E6836,GRN6149,None
E752,PO9525,None
E752,GRN8125,None
E3504,PO5732,None
E3504,Invoice35,None
E6284,PO3478,None
E6284,GRN5520,None
E7879,PO359,None
E7879,GRN6764,None
E7879,Invoice3913,None
E3559,PO4049,None
E3559,GRN5416,None
E3559,Invoice2171,None
E4870,PO6168,None
E4870,GRN1288,None
E6690,PO6690,None
E6690,GRN7598,None
E6690,Invoice4627,None
E1175,PO1547,None
E1175,GRN7347,None
E1175,Invoice8652,None
E1371,PO4525,None
E1371,GRN1264,None
E1380,PO2969,None
E1380,GRN6069,None
E4052,PO8277,None
E4052,Invoice7365,None
E5186,PO7391,None
E5186,GRN6058,None
E5186,Invoice937,None
E7254,Invoice747,None
E7254,Supplier11,None
E7254,Payment7788,None
E1034,PO9984,None
E1034,GRN288,None
E1192,PO7610,None
E1192,Invoice3823,None
E3119,PO8250,None
E3119,GRN8177,None
E3119,Invoice8693,None
E4527,PO6246,None
E4527,GRN1716,None
E4527,Invoice1971,None
E7584,PO1115,None
E7584,Invoice6168,None
E437,PO4707,None
E437,GRN1632,None
E437,Invoice6962,None
E1707,PO3963,None
E1707,GRN5462,None
E1707,Invoice4619,None
E6874,PO2808,None
E6874,GRN8721,None
E1616,PO5520,None
E1616,GRN2255,None
E5467,PO5278,None
E5467,GRN6147,None
E5467,Invoice9937,None
E5621,PO9569,None
E5621,GRN1560,None
E5621,Invoice7020,None
E1209,PO7674,None
E1209,GRN2599,None
E1751,PO7660,None
E1751,Invoice1668,None
E5413,PO6692,None
E5413,GRN9366,None
E5413,Invoice1565,None
E1193,PO7610,None
E1193,GRN8078,None
E1193,Invoice3823,None
E3902,PO2019,None
E3902,Invoice9390,None
E5891,Invoice3962,None
E5891,Supplier2,None
E5891,Payment3240,None
E6633,PO4730,None
E6633,Invoice5030,None
E7128,PO7165,None
E7128,GRN4173,None
E1646,PO9079,None
E1646,Invoice2657,None
E2189,Invoice3787,None
E2189,Supplier44,None
E2189,Payment6220,None
E4206,PO2961,None
E4206,GRN7560,None
E4881,PO6746,None
E4881,GRN3318,None
E6904,Invoice8720,None
E6904,Supplier45,None
E6904,Payment7269,None
E8226,PO4211,None
E8226,Invoice342,None
E1426,PO6020,None
E1426,Invoice4771,None
E2556,PO5209,None
E2556,GRN4083,None
E3541,PO7340,None
E3541,GRN3061,None
E3541,Invoice863,None
E7913,PO1423,None
E7913,GRN6665,None
E1937,PO6229,None
E1937,Invoice2611,None
E2444,PO3818,None
E2444,GRN1086,None
E646,PO1689,None
E646,GRN9998,None
E646,Invoice5311,None
E2817,PO5801,None
E2817,Invoice7811,None
E3604,PO4980,None
E3604,GRN7739,None
E3604,Invoice3877,None
E3038,PO8200,None
E3038,GRN6413,None
E3038,Invoice277,None
E8227,PO4211,None
E8227,GRN9063,None
E8227,Invoice342,None
E864,PO7539,None
E864,GRN344,None
E1128,PO2676,None
E1128,GRN9353,None
E1128,Invoice3662,None
E5023,Invoice4298,None
E5023,Supplier30,None
E5023,Payment8776,None
E106,PO1803,None
E106,Invoice5999,None
E1353,PO3627,None
E1353,GRN8307,None
E7995,PO1352,None
E7995,Invoice9807,None
E1564,PO4655,None
E1564,GRN8568,None
E1564,Invoice5678,None
E3326,PO8963,None
E3326,GRN5699,None
E7215,PO4208,None
E7215,GRN3442,None
E4617,PO1145,None
E4617,GRN7307,None
E4617,Invoice7766,None
E5031,PO6611,None
E5031,GRN100,None
E5031,Invoice9457,None
E7585,PO1115,None
E7585,GRN309,None
E7585,Invoice6168,None
E6086,Invoice7233,None
E6086,Supplier31,None
E6086,Payment7543,None
E6230,PO820,None
E6230,GRN3995,None
E6230,Invoice3657,None
E7518,PO3543,None
E7518,GRN4207,None
E3595,PO6975,None
E3595,GRN4231,None
E3595,Invoice3097,None
E4691,PO6439,None
E4691,GRN9985,None
E5916,PO8520,None
E5916,Invoice3104,None
E528,PO9880,None
E528,Invoice7474,None
E610,PO5936,None
E610,GRN3153,None
E610,Invoice9194,None
E1256,PO5267,None
E1256,GRN6926,None
E1256,Invoice7247,None
E2425,PO4266,None
E2425,Invoice3590,None
E3631,PO6933,None
E3631,GRN7543,None
E3631,Invoice640,None
E6531,PO5523,None
E6531,GRN4732,None
E6531,Invoice9352,None
E6770,PO7332,None
E6770,Invoice3642,None
E799,PO1952,None
E799,GRN6238,None
E799,Invoice7772,None
E5983,PO1581,None
E5983,Invoice8846,None
E2500,PO4697,None
E2500,GRN5608,None
E2500,Invoice1370,None
E5591,PO980,None
E5591,Invoice7633,None
E7996,PO1352,None
E7996,GRN2561,None
E7996,Invoice9807,None
E7870,PO9966,None
E7870,GRN2930,None
E7870,Invoice977,None
E2011,PO3034,None
E2011,GRN8844,None
E2011,Invoice4022,None
E3505,PO5732,None
E3505,GRN763,None
E3505,Invoice35,None
E4015,PO7816,None
E4015,GRN5524,None
E707,PO700,None
E707,GRN9054,None
E2415,PO1931,None
E2415,GRN8429,None
E3786,PO8441,None
E3786,GRN7301,None
E3786,Invoice5487,None
E2980,PO6670,None
E2980,GRN7363,None
E3658,PO3124,None
E3658,GRN6671,None
E4053,PO8277,None
E4053,GRN3190,None
E4053,Invoice7365,None
E7633,PO5550,None
E7633,Invoice6163,None
E8122,PO2468,None
E8122,GRN2805,None
E529,PO9880,None
E529,GRN8195,None
E529,Invoice7474,None
E885,Invoice6027,None
E885,Supplier7,None
E885,Payment9593,None
E3622,PO9808,None
E3622,GRN4916,None
E3622,Invoice7983,None
E3903,PO2019,None
E3903,GRN5127,None
E3903,Invoice9390,None
E5706,PO2073,None
E5706,GRN4677,None
E5706,Invoice238,None
E7031,PO4410,None
E7031,GRN4600,None
E7031,Invoice7622,None
E4851,PO5615,None
E4851,Invoice2736,None
E5592,PO980,None
E5592,GRN2078,None
E5592,Invoice7633,None
E3994,PO9043,None
E3994,Invoice7490,None
E2836,PO4520,None
E2836,GRN7952,None
E2836,Invoice1012,None
E1427,PO6020,None
E1427,GRN8475,None
E1427,Invoice4771,None
E1691,PO783,None
E1691,Invoice2542,None
E2632,PO2523,None
E2632,GRN72,None
E2632,Invoice4702,None
E4974,PO2457,None
E4974,Invoice3540,None
E7399,PO482,None
E7399,GRN1360,None
E3978,Invoice6095,None
E3978,Supplier11,None
E3978,Payment7253,None
E5917,PO8520,None
E5917,GRN8461,None
E5917,Invoice3104,None
E4830,PO7959,None
E4830,GRN5778,None
E6771,PO7332,None
E6771,GRN4163,None
E6771,Invoice3642,None
E7634,PO5550,None
E7634,GRN3720,None
E7634,Invoice6163,None
E2818,PO5801,None
E2818,GRN6523,None
E2818,Invoice7811,None
E7691,Invoice5707,None
E7691,Supplier32,None
E7691,Payment9353,None
E1752,PO7660,None
E1752,GRN9799,None
E1752,Invoice1668,None
E1846,PO6479,None
E1846,GRN6546,None
E1846,Invoice7328,None
E556,PO4643,None
E556,GRN2795,None
E556,Invoice64,None
E1474,PO8887,None
E1474,GRN537,None
E1474,Invoice2976,None
E107,PO1803,None
E107,GRN6871,None
E107,Invoice5999,None
E5984,PO1581,None
E5984,GRN4422,None
E5984,Invoice8846,None
E1692,PO783,None
E1692,GRN9662,None
E1692,Invoice2542,None
E2388,PO4509,None
E2388,GRN6948,None
E7426,PO4251,None
E7426,GRN8266,None
E6634,PO4730,None
E6634,GRN280,None
E6634,Invoice5030,None
E1938,PO6229,None
E1938,GRN9852,None
E1938,Invoice2611,None
E1446,Invoice8128,None
E1446,Supplier40,None
E1446,Payment7491,None
E1647,PO9079,None
E1647,GRN6621,None
E1647,Invoice2657,None
E2426,PO4266,None
E2426,GRN5743,None
E2426,Invoice3590,None
E3995,PO9043,None
E3995,GRN3070,None
E3995,Invoice7490,None
E4975,PO2457,None
E4975,GRN6211,None
E4975,Invoice3540,None
E4852,PO5615,None
E4852,GRN9062,None
E4852,Invoice2736,None
E536,PO177,None
E536,GRN8179,None
E3704,PO289,None
E3704,Invoice1967,None
E7168,PO742,None
E7168,GRN8853,None
E7198,PO586,None
E7198,Invoice4746,None
E3705,PO289,None
E3705,GRN8366,None
E3705,Invoice1967,None
E7680,Invoice7408,None
E7680,Supplier26,None
E7680,Payment1083,None
E2657,PO9734,None
E2657,GRN5843,None
E1023,PO2362,None
E1023,GRN8433,None
E5570,PO2507,None
E5570,GRN3490,None
E8187,PO2712,None
E8187,GRN870,None
E2844,PO9668,None
E2844,Invoice4448,None
E5176,PO1512,None
E5176,Invoice4353,None
E2003,Invoice4014,None
E2003,Supplier37,None
E2003,Payment8832,None
E5492,Invoice5006,None
E5492,Supplier39,None
E5492,Payment3750,None
E4683,PO7499,None
E4683,Invoice5962,None
E2151,PO6595,None
E2151,Invoice4221,None
E5498,PO8733,None
E5498,GRN1737,None
E2575,PO313,None
E2575,Invoice9299,None
E3055,PO2247,None
E3055,Invoice4757,None
E323,PO7514,None
E323,GRN9600,None
E5457,PO8236,None
E5457,Invoice7425,None
E8066,PO9784,None
E8066,GRN4846,None
E8279,PO3311,None
E8279,GRN8056,None
E4775,PO2957,None
E4775,Invoice2797,None
E2152,PO6595,None
E2152,GRN6688,None
E2152,Invoice4221,None
E3354,PO7333,None
E3354,Invoice1343,None
E5358,PO6714,None
E5358,Invoice5633,None
E6743,PO9232,None
E6743,Invoice3866,None
E1183,PO5145,None
E1183,Invoice4647,None
E4746,PO9072,None
E4746,Invoice4517,None
E1408,PO1996,None
E1408,Invoice9523,None
E2259,PO7137,None
E2259,Invoice9358,None
E5448,PO9243,None
E5448,Invoice9049,None
E6615,PO3385,None
E6615,Invoice5939,None
E2317,PO506,None
E2317,Invoice309,None
E5366,PO3709,None
E5366,GRN7387,None
E1237,PO1909,None
E1237,Invoice2980,None
E2845,PO9668,None
E2845,GRN1922,None
E2845,Invoice4448,None
E5421,PO6,None
E5421,Invoice1121,None
E2260,PO7137,None
E2260,GRN4079,None
E2260,Invoice9358,None
E6112,PO9179,None
E6112,GRN7228,None
E7659,PO9139,None
E7659,GRN6577,None
E5871,PO253,None
E5871,Invoice8707,None
E6146,PO1138,None
E6146,Invoice2350,None
E6466,PO7649,None
E6466,GRN7751,None
E8104,PO2090,None
E8104,GRN7862,None
E4096,PO2675,None
E4096,GRN3956,None
E5102,PO6272,None
E5102,Invoice8414,None
E341,PO8759,None
E341,GRN6776,None
E4953,PO7062,None
E4953,GRN2328,None
E453,PO5040,None
E453,GRN9530,None
E627,PO1562,None
E627,Invoice435,None
E3355,PO7333,None
E3355,GRN5317,None
E3355,Invoice1343,None
E1724,PO562,None
E1724,Invoice4406,None
E6147,PO1138,None
E6147,GRN5386,None
E6147,Invoice2350,None
E1452,PO7050,None
E1452,GRN2769,None
E6476,PO9250,None
E6476,Invoice6772,None
E6679,PO6831,None
E6679,GRN5662,None
E97,PO8720,None
E97,Invoice9437,None
E4481,PO1116,None
E4481,Invoice6876,None
E7574,PO8426,None
E7574,GRN1464,None
E1778,PO3466,None
E1778,Invoice1289,None
E7151,PO5448,None
E7151,Invoice3045,None
E4747,PO9072,None
E4747,GRN98,None
E4747,Invoice4517,None
E5220,PO6204,None
E5220,GRN4292,None
E7336,PO9584,None
E7336,GRN8283,None
E1344,PO89,None
E1344,GRN5864,None
E4482,PO1116,None
E4482,GRN5440,None
E4482,Invoice6876,None
E4776,PO2957,None
E4776,GRN3342,None
E4776,Invoice2797,None
E3163,PO1917,None
E3163,Invoice182,None
E5422,PO6,None
E5422,GRN39,None
E5422,Invoice1121,None
E6460,Invoice2156,None
E6460,Supplier47,None
E6460,Payment4424,None
E7199,PO586,None
E7199,GRN4051,None
E7199,Invoice4746,None
E1238,PO1909,None
E1238,GRN3005,None
E1238,Invoice2980,None
E3243,PO8850,None
E3243,GRN2839,None
E5177,PO1512,None
E5177,GRN3290,None
E5177,Invoice4353,None
E6122,PO6090,None
E6122,Invoice9738,None
E6358,PO1149,None
E6358,GRN4916,None
E2942,PO7791,None
E2942,GRN2780,None
E4813,PO9839,None
E4813,Invoice118,None
E1527,PO422,None
E1527,Invoice7982,None
E2766,PO9154,None
E2766,Invoice3844,None
E3056,PO2247,None
E3056,GRN1851,None
E3056,Invoice4757,None
E4060,PO1573,None
E4060,GRN6340,None
E5581,PO7622,None
E5581,GRN6767,None
E5687,PO1580,None
E5687,Invoice5218,None
E6385,PO3373,None
E6385,GRN184,None
E1482,PO1070,None
E1482,Invoice7393,None
E1499,PO6910,None
E1499,GRN6137,None
E1786,PO8344,None
E1786,GRN9415,None
E2576,PO313,None
E2576,GRN9802,None
E2576,Invoice9299,None
E3144,PO1926,None
E3144,GRN6311,None
E4684,PO7499,None
E4684,GRN9177,None
E4684,Invoice5962,None
E7435,PO2814,None
E7435,GRN8220,None
E143,PO2357,None
E143,GRN4398,None
E1070,PO6158,None
E1070,GRN6000,None
E3522,PO2399,None
E3522,Invoice6869,None
E6027,PO3639,None
E6027,GRN4822,None
E252,PO1521,None
E252,Invoice3257,None
E3919,PO3030,None
E3919,GRN2019,None
E1326,PO7078,None
E1326,GRN9387,None
E2318,PO506,None
E2318,GRN7765,None
E2318,Invoice309,None
E3730,PO8542,None
E3730,GRN1196,None
E2767,PO9154,None
E2767,GRN5193,None
E2767,Invoice3844,None
E5038,PO5078,None
E5038,GRN1896,None
E6744,PO9232,None
E6744,GRN5993,None
E6744,Invoice3866,None
E6845,PO996,None
E6845,GRN9338,None
E2604,PO6380,None
E2604,Invoice6810,None
E5731,PO2740,None
E5731,GRN9229,None
E6123,PO6090,None
E6123,GRN1265,None
E6123,Invoice9738,None
E7021,Invoice3790,None
E7021,Supplier22,None
E7021,Payment7790,None
E1889,PO4702,None
E1889,GRN865,None
E4598,PO6169,None
E4598,Invoice7053,None
E3091,PO1838,None
E3091,Invoice3264,None
E3217,PO698,None
E3217,Invoice6118,None
E3740,PO8028,None
E3740,Invoice171,None
E3859,Invoice5300,None
E3859,Supplier49,None
E3859,Payment3172,None
E5449,PO9243,None
E5449,GRN1156,None
E5449,Invoice9049,None
E6669,PO5396,None
E6669,Invoice578,None
E662,PO298,None
E662,GRN943,None
E2621,PO2879,None
E2621,GRN8881,None
E2853,PO8958,None
E2853,Invoice8077,None
E3382,PO6340,None
E3382,GRN35,None
E3492,PO3590,None
E3492,GRN3463,None
E5897,PO7729,None
E5897,GRN169,None
E6367,PO3316,None
E6367,GRN9294,None
E4292,PO5050,None
E4292,Invoice2936,None
E4318,PO9740,None
E4318,GRN4076,None
E4364,PO7904,None
E4364,Invoice2125,None
E6512,PO8575,None
E6512,Invoice4222,None
E1733,PO6570,None
E1733,Invoice4249,None
E2748,PO9372,None
E2748,Invoice1565,None
E4078,PO7892,None
E4078,GRN2661,None
E7298,PO9803,None
E7298,GRN7285,None
E1945,PO8602,None
E1945,GRN3181,None
E4534,PO9390,None
E4534,GRN104,None
E4638,Invoice8906,None
E4638,Supplier44,None
E4638,Payment1404,None
E6477,PO9250,None
E6477,GRN7491,None
E6477,Invoice6772,None
E4764,PO2892,None
E4764,Invoice7517,None
E5103,PO6272,None
E5103,GRN1237,None
E5103,Invoice8414,None
E978,PO9814,None
E978,GRN1847,None
E5817,PO7430,None
E5817,Invoice8774,None
E1082,Invoice7856,None
E1082,Supplier37,None
E1082,Payment6159,None
E1483,PO1070,None
E1483,GRN7162,None
E1483,Invoice7393,None
E3109,PO5108,None
E3109,Invoice6829,None
E3428,PO3024,None
E3428,Invoice6958,None
E4115,PO9703,None
E4115,Invoice2342,None
E6433,Invoice6068,None
E6433,Supplier21,None
E6433,Payment7183,None
E8205,PO1853,None
E8205,GRN4495,None
E1300,PO7414,None
E1300,Invoice7189,None
E1398,PO9552,None
E1398,GRN9108,None
E2267,PO4755,None
E2267,GRN3570,None
E2962,PO5649,None
E2962,GRN8394,None
E7641,PO6503,None
E7641,GRN6597,None
E3429,PO3024,None
E3429,GRN4971,None
E3429,Invoice6958,None
E5835,PO5541,None
E5835,Invoice655,None
E6037,PO2511,None
E6037,Invoice3877,None
E6616,PO3385,None
E6616,GRN1140,None
E6616,Invoice5939,None
E7159,PO586,None
E7159,GRN6128,None
E572,PO1077,None
E572,GRN1836,None
E1165,PO2193,None
E1165,Invoice3468,None
E1655,PO2170,None
E1655,Invoice3179,None
E2605,PO6380,None
E2605,GRN8725,None
E2605,Invoice6810,None
E3063,PO6203,None
E3063,GRN6024,None
E5544,PO3920,None
E5544,Invoice5728,None
E672,PO4465,None
E672,Invoice7256,None
E2784,PO2897,None
E2784,Invoice8350,None
E7381,PO6636,None
E7381,GRN7637,None
E16,PO751,None
E16,Invoice4687,None
E5714,PO289,None
E5714,Invoice3345,None
E7444,PO5396,None
E7444,GRN4685,None
E7760,PO5896,None
E7760,GRN1737,None
E8031,PO2599,None
E8031,Invoice6913,None
E1681,PO180,None
E1681,GRN2620,None
E2030,PO4504,None
E2030,Invoice2637,None
E2135,Invoice9346,None
E2135,Supplier38,None
E2135,Payment8430,None
E2361,PO2124,None
E2361,GRN6506,None
E2927,Invoice3355,None
E2927,Supplier36,None
E2927,Payment4119,None
E3865,PO1391,None
E3865,GRN4393,None
E4927,PO132,None
E4927,Invoice9757,None
E987,PO5287,None
E987,GRN6228,None
E1520,Invoice8317,None
E1520,Supplier41,None
E1520,Payment3779,None
E1725,PO562,None
E1725,GRN9396,None
E1725,Invoice4406,None
E2406,PO3001,None
E2406,GRN9849,None
E3290,PO9585,None
E3290,GRN7808,None
E3523,PO2399,None
E3523,GRN4800,None
E3523,Invoice6869,None
E6982,PO9352,None
E6982,GRN8105,None
E1166,PO2193,None
E1166,GRN8231,None
E1166,Invoice3468,None
E1580,PO5032,None
E1580,GRN1984,None
E2916,PO1388,None
E2916,Invoice5360,None
E3575,PO9311,None
E3575,GRN8227,None
E3679,Invoice7678,None
E3679,Supplier10,None
E3679,Payment6265,None
E4105,PO8075,None
E4105,GRN9580,None
E4795,PO8489,None
E4795,Invoice8623,None
E6093,PO8834,None
E6093,Invoice8085,None
E7152,PO5448,None
E7152,GRN5376,None
E7152,Invoice3045,None
E7489,PO9948,None
E7489,GRN1059,None
E7733,PO6193,None
E7733,GRN5347,None
E698,PO3297,None
E698,GRN1517,None
E3967,PO8753,None
E3967,Invoice8912,None
E4116,PO9703,None
E4116,GRN2227,None
E4116,Invoice2342,None
E5458,PO8236,None
E5458,GRN7861,None
E5458,Invoice7425,None
E5749,PO6032,None
E5749,GRN1225,None
E5818,PO7430,None
E5818,GRN3826,None
E5818,Invoice8774,None
E7622,PO3624,None
E7622,Invoice5126,None
E7651,PO9996,None
E7651,Invoice46,None
E1535,PO3848,None
E1535,GRN9794,None
E3829,PO9030,None
E3829,GRN6911,None
E5992,PO8408,None
E5992,Invoice2252,None
E7179,PO1978,None
E7179,GRN1718,None
E8087,PO668,None
E8087,Invoice3358,None
E6816,PO8447,None
E6816,GRN5794,None
E4543,PO1610,None
E4543,GRN3591,None
E4599,PO6169,None
E4599,GRN6628,None
E4599,Invoice7053,None
E6019,PO2764,None
E6019,Invoice9137,None
E6038,PO2511,None
E6038,GRN5835,None
E6038,Invoice3877,None
E6094,PO8834,None
E6094,GRN2979,None
E6094,Invoice8085,None
E681,PO2196,None
E681,Invoice3991,None
E2031,PO4504,None
E2031,GRN9733,None
E2031,Invoice2637,None
E2077,PO8157,None
E2077,Invoice3801,None
E3092,PO1838,None
E3092,GRN3319,None
E3092,Invoice3264,None
E4162,PO4355,None
E4162,Invoice7531,None
E5688,PO1580,None
E5688,GRN4377,None
E5688,Invoice5218,None
E5695,PO3465,None
E5695,GRN612,None
E7000,PO6577,None
E7000,GRN184,None
E7593,PO2524,None
E7593,Invoice5249,None
E1835,PO587,None
E1835,GRN5438,None
E2667,PO1368,None
E2667,Invoice7164,None
E4087,PO7639,None
E4087,GRN8170,None
E5359,PO6714,None
E5359,GRN8481,None
E5359,Invoice5633,None
E7958,PO541,None
E7958,GRN3776,None
E52,PO9506,None
E52,Invoice6071,None
E1245,PO3861,None
E1245,GRN8152,None
E1974,PO4440,None
E1974,GRN2523,None
E3110,PO5108,None
E3110,GRN7125,None
E3110,Invoice6829,None
E5843,PO109,None
E5843,GRN453,None
E98,PO8720,None
E98,GRN8463,None
E98,Invoice9437,None
E2792,PO6459,None
E2792,GRN1855,None
E4390,PO3808,None
E4390,GRN5491,None
E7110,PO2703,None
E7110,GRN7500,None
E7328,PO6459,None
E7328,Invoice4659,None
E545,PO3080,None
E545,GRN2313,None
E836,PO6355,None
E836,Invoice3338,None
E856,PO2317,None
E856,Invoice6572,None
E1184,PO5145,None
E1184,GRN8049,None
E1184,Invoice4647,None
E2870,PO2510,None
E2870,GRN9306,None
E3218,PO698,None
E3218,GRN5163,None
E3218,Invoice6118,None
E3347,Invoice6285,None
E3347,Supplier48,None
E3347,Payment4408,None
E5872,PO253,None
E5872,GRN8451,None
E5872,Invoice8707,None
E7554,PO800,None
E7554,GRN1275,None
E7623,PO3624,None
E7623,GRN2099,None
E7623,Invoice5126,None
E7952,Invoice6912,None
E7952,Supplier34,None
E7952,Payment8446,None
E253,PO1521,None
E253,GRN2825,None
E253,Invoice3257,None
E1409,PO1996,None
E1409,GRN1321,None
E1409,Invoice9523,None
E1769,PO1432,None
E1769,Invoice3856,None
E8013,PO8340,None
E8013,Invoice5000,None
E8178,PO8365,None
E8178,GRN534,None
E1599,PO7264,None
E1599,Invoice7196,None
E5561,PO430,None
E5561,GRN850,None
E5777,PO3106,None
E5777,Invoice4972,None
E5836,PO5541,None
E5836,GRN7609,None
E5836,Invoice655,None
E25,PO7304,None
E25,Invoice687,None
E2694,PO3680,None
E2694,Invoice8052,None
E3156,Invoice6765,None
E3156,Supplier20,None
E3156,Payment1663,None
E5545,PO3920,None
E5545,GRN4105,None
E5545,Invoice5728,None
E6349,PO2591,None
E6349,GRN1285,None
E6413,PO1899,None
E6413,Invoice1801,None
E4814,PO9839,None
E4814,GRN5956,None
E4814,Invoice118,None
E628,PO1562,None
E628,GRN7777,None
E628,Invoice435,None
E3928,PO9313,None
E3928,GRN3749,None
E5526,PO1481,None
E5526,Invoice7285,None
E5610,PO3091,None
E5610,GRN6886,None
E5741,PO1433,None
E5741,Invoice8452,None
E6009,PO6286,None
E6009,GRN7126,None
E7364,PO6998,None
E7364,Invoice4501,None
E123,PO1660,None
E123,GRN2216,None
E290,Invoice2403,None
E290,Supplier34,None
E290,Payment346,None
E3472,PO1990,None
E3472,GRN325,None
E7039,PO1173,None
E7039,Invoice8919,None
E408,PO9607,None
E408,GRN7541,None
E3585,PO6473,None
E3585,Invoice8895,None
E4928,PO132,None
E4928,GRN6021,None
E4928,Invoice9757,None
E5230,PO7027,None
E5230,Invoice3041,None
E5552,PO4633,None
E5552,GRN8770,None
E6000,PO8924,None
E6000,GRN8091,None
E6965,PO472,None
E6965,Invoice4302,None
E735,PO259,None
E735,Invoice4261,None
E901,PO3844,None
E901,Invoice3867,None
E1663,PO4866,None
E1663,GRN547,None
E2241,PO4018,None
E2241,Invoice8077,None
E4935,PO799,None
E4935,GRN1637,None
E5247,PO2861,None
E5247,GRN2516,None
E5516,PO4493,None
E5516,GRN3144,None
E6670,PO5396,None
E6670,GRN2748,None
E6670,Invoice578,None
E7887,PO5934,None
E7887,Invoice7541,None
E2678,Invoice9437,None
E2678,Supplier20,None
E2678,Payment7182,None
E2854,PO8958,None
E2854,GRN4905,None
E2854,Invoice8077,None
E4043,PO502,None
E4043,Invoice6504,None
E4964,PO4955,None
E4964,GRN3543,None
E6133,PO279,None
E6133,Invoice2903,None
E6174,PO292,None
E6174,GRN6859,None
E17,PO751,None
E17,GRN7903,None
E17,Invoice4687,None
E1089,PO6307,None
E1089,Invoice5545,None
E1625,PO9559,None
E1625,GRN2722,None
E2705,Invoice4677,None
E2705,Supplier14,None
E2705,Payment1075,None
E5507,PO9488,None
E5507,GRN8482,None
E5631,Invoice7465,None
E5631,Supplier36,None
E5631,Payment6317,None
E6265,PO1981,None
E6265,Invoice8924,None
E224,PO565,None
E224,GRN6365,None
E682,PO2196,None
E682,GRN1932,None
E682,Invoice3991,None
E1656,PO2170,None
E1656,GRN9098,None
E1656,Invoice3179,None
E2529,PO6038,None
E2529,GRN1488,None
E7365,PO6998,None
E7365,GRN8117,None
E7365,Invoice4501,None
E7545,PO238,None
E7545,GRN8577,None
E260,PO3704,None
E260,GRN4968,None
E1118,PO9811,None
E1118,Invoice4504,None
E1600,PO7264,None
E1600,GRN853,None
E1600,Invoice7196,None
E2078,PO8157,None
E2078,GRN635,None
E2078,Invoice3801,None
E5074,PO8814,None
E5074,GRN1678,None
E5256,PO3340,None
E5256,GRN5285,None
E5268,Invoice1493,None
E5268,Supplier9,None
E5268,Payment5920,None
E5312,PO2057,None
E5312,GRN3900,None
E5349,PO7990,None
E5349,Invoice4934,None
E5376,PO4204,None
E5376,Invoice4451,None
E7224,PO9477,None
E7224,GRN3833,None
E53,PO9506,None
E53,GRN4569,None
E53,Invoice6071,None
E117,Invoice6949,None
E117,Supplier49,None
E117,Payment9880,None
E1734,PO6570,None
E1734,GRN5485,None
E1734,Invoice4249,None
E3129,Invoice9146,None
E3129,Supplier7,None
E3129,Payment1763,None
E4044,PO502,None
E4044,GRN8702,None
E4044,Invoice6504,None
E4345,PO5254,None
E4345,GRN5251,None
E4917,PO2465,None
E4917,GRN2436,None
E7652,PO9996,None
E7652,GRN1971,None
E7652,Invoice46,None
E26,PO7304,None
E26,GRN1832,None
E26,Invoice687,None
E1779,PO3466,None
E1779,GRN6055,None
E1779,Invoice1289,None
E5943,PO3223,None
E5943,Invoice9476,None
E1462,PO3661,None
E1462,Invoice7384,None
E1590,PO5932,None
E1590,Invoice7938,None
E5194,PO3357,None
E5194,Invoice4296,None
E5944,PO3223,None
E5944,GRN5818,None
E5944,Invoice9476,None
E6246,PO1877,None
E6246,GRN656,None
E6484,PO5381,None
E6484,GRN3287,None
E6538,PO1435,None
E6538,GRN9480,None
E6550,Invoice5640,None
E6550,Supplier3,None
E6550,Payment3143,None
E3567,PO8006,None
E3567,Invoice7301,None
E4365,PO7904,None
E4365,GRN9122,None
E4365,Invoice2125,None
E7083,PO3450,None
E7083,GRN4040,None
E1311,Invoice7258,None
E1311,Supplier26,None
E1311,Payment5209,None
E3409,PO5743,None
E3409,GRN6451,None
E5322,PO8847,None
E5322,Invoice2741,None
E7310,PO1748,None
E7310,Invoice3927,None
E4860,PO4460,None
E4860,Invoice2724,None
E5778,PO3106,None
E5778,GRN4043,None
E5778,Invoice4972,None
E7778,PO3215,None
E7778,GRN3752,None
E33,PO9809,None
E33,GRN9607,None
E2113,PO8498,None
E2113,Invoice5378,None
E5001,PO7716,None
E5001,Invoice6006,None
E5009,PO5455,None
E5009,GRN2743,None
E8088,PO668,None
E8088,GRN9580,None
E8088,Invoice3358,None
E1136,PO9389,None
E1136,Invoice3647,None
E1301,PO7414,None
E1301,GRN4227,None
E1301,Invoice7189,None
E4765,PO2892,None
E4765,GRN4686,None
E4765,Invoice7517,None
E7092,PO4436,None
E7092,GRN451,None
E7851,PO3229,None
E7851,Invoice7632,None
E2917,PO1388,None
E2917,GRN3242,None
E2917,Invoice5360,None
E3722,PO3010,None
E3722,Invoice5667,None
E4409,PO4479,None
E4409,Invoice3436,None
E4489,PO6269,None
E4489,GRN5908,None
E3164,PO1917,None
E3164,GRN4064,None
E3164,Invoice182,None
E582,PO8186,None
E582,Invoice7373,None
E1880,PO9648,None
E1880,GRN6685,None
E3741,PO8028,None
E3741,GRN6043,None
E3741,Invoice171,None
E4227,PO4594,None
E4227,Invoice8423,None
E4553,PO7072,None
E4553,Invoice3921,None
E5339,PO4573,None
E5339,GRN3477,None
E5742,PO1433,None
E5742,GRN6772,None
E5742,Invoice8452,None
E6715,PO1318,None
E6715,GRN3829,None
E7040,PO1173,None
E7040,GRN1844,None
E7040,Invoice8919,None
E7668,PO6203,None
E7668,GRN7323,None
E673,PO4465,None
E673,GRN6401,None
E673,Invoice7256,None
E1528,PO422,None
E1528,GRN7399,None
E1528,Invoice7982,None
E2749,PO9372,None
E2749,GRN9775,None
E2749,Invoice1565,None
E3255,PO4235,None
E3255,Invoice9926,None
E3482,PO6654,None
E3482,Invoice4773,None
E4163,PO4355,None
E4163,GRN3750,None
E4163,Invoice7531,None
E4465,Invoice3728,None
E4465,Supplier17,None
E4465,Payment9715,None
E4841,PO5670,None
E4841,GRN3302,None
E2242,PO4018,None
E2242,GRN8500,None
E2242,Invoice8077,None
E7289,PO4501,None
E7289,GRN9510,None
E350,PO7249,None
E350,GRN2378,None
E807,PO4343,None
E807,Invoice770,None
E961,PO1923,None
E961,Invoice6718,None
E1098,PO8618,None
E1098,Invoice2808,None
E4861,PO4460,None
E4861,GRN934,None
E4861,Invoice2724,None
E5056,PO14,None
E5056,GRN7974,None
E3046,PO574,None
E3046,Invoice4321,None
E4293,PO5050,None
E4293,GRN6261,None
E4293,Invoice2936,None
E6574,PO7105,None
E6574,GRN7955,None
E79,PO1984,None
E79,Invoice5448,None
E1770,PO1432,None
E1770,GRN593,None
E1770,Invoice3856,None
E2205,PO7814,None
E2205,Invoice5264,None
E3256,PO4235,None
E3256,GRN7194,None
E3256,Invoice9926,None
E6159,Invoice5478,None
E6159,Supplier2,None
E6159,Payment4861,None
E4310,PO9588,None
E4310,Invoice1493,None
E962,PO1923,None
E962,GRN1510,None
E962,Invoice6718,None
E3668,PO7262,None
E3668,Invoice695,None
E7852,PO3229,None
E7852,GRN8322,None
E7852,Invoice7632,None
E791,Invoice8498,None
E791,Supplier5,None
E791,Payment6426,None
E1090,PO6307,None
E1090,GRN7837,None
E1090,Invoice5545,None
E2206,PO7814,None
E2206,GRN9059,None
E2206,Invoice5264,None
E3138,Invoice4043,None
E3138,Supplier40,None
E3138,Payment3595,None
E4399,PO3302,None
E4399,GRN8164,None
E5993,PO8408,None
E5993,GRN4730,None
E5993,Invoice2252,None
E7742,PO6683,None
E7742,GRN6391,None
E1907,PO8007,None
E1907,GRN1720,None
E2168,PO4719,None
E2168,GRN5496,None
E5934,PO2189,None
E5934,Invoice6623,None
E6513,PO8575,None
E6513,GRN5367,None
E6513,Invoice4222,None
E1591,PO5932,None
E1591,GRN7838,None
E1591,Invoice7938,None
E2907,PO6434,None
E2907,Invoice8040,None
E2989,PO7443,None
E2989,GRN6006,None
E4003,PO7893,None
E4003,Invoice4217,None
E4198,PO2086,None
E4198,Invoice1351,None
E5350,PO7990,None
E5350,GRN8989,None
E5350,Invoice4934,None
E6020,PO2764,None
E6020,GRN9157,None
E6020,Invoice9137,None
E7888,PO5934,None
E7888,GRN1998,None
E7888,Invoice7541,None
E3336,PO2660,None
E3336,Invoice7535,None
E4382,PO6329,None
E4382,Invoice1414,None
E5377,PO4204,None
E5377,GRN485,None
E5377,Invoice4451,None
E8032,PO2599,None
E8032,GRN8164,None
E8032,Invoice6913,None
E753,PO9525,None
E753,Invoice1033,None
E5002,PO7716,None
E5002,GRN7658,None
E5002,Invoice6006,None
E5231,PO7027,None
E5231,GRN769,None
E5231,Invoice3041,None
E6414,PO1899,None
E6414,GRN8608,None
E6414,Invoice1801,None
E3560,Invoice2171,None
E3560,Supplier43,None
E3560,Payment8076,None
E3968,PO8753,None
E3968,GRN2942,None
E3968,Invoice8912,None
E4871,PO6168,None
E4871,Invoice6497,None
E306,PO3211,None
E306,Invoice8524,None
E1176,Invoice8652,None
E1176,Supplier29,None
E1176,Payment8362,None
E1372,PO4525,None
E1372,Invoice7789,None
E1381,PO2969,None
E1381,Invoice1943,None
E1634,PO5660,None
E1634,GRN8673,None
E3483,PO6654,None
E3483,GRN1612,None
E3483,Invoice4773,None
E1491,PO4508,None
E1491,Invoice2122,None
E2511,PO795,None
E2511,GRN1609,None
E3047,PO574,None
E3047,GRN2760,None
E3047,Invoice4321,None
E4562,PO8181,None
E4562,Invoice4439,None
E4785,PO1246,None
E4785,GRN8602,None
E7101,PO3981,None
E7101,GRN7635,None
E2114,PO8498,None
E2114,GRN6497,None
E2114,Invoice5378,None
E3812,PO4561,None
E3812,Invoice480,None
E6503,PO6527,None
E6503,Invoice2132,None
E902,PO3844,None
E902,GRN9448,None
E902,Invoice3867,None
E3192,Invoice586,None
E3192,Supplier38,None
E3192,Payment8593,None
E4796,PO8489,None
E4796,GRN8764,None
E4796,Invoice8623,None
E1137,PO9389,None
E1137,GRN2000,None
E1137,Invoice3647,None
E1382,PO2969,None
E1382,GRN6069,None
E1382,Invoice1943,None
E5323,PO8847,None
E5323,GRN2449,None
E5323,Invoice2741,None
E6266,PO1981,None
E6266,GRN4187,None
E6266,Invoice8924,None
E8078,PO2693,None
E8078,Invoice8122,None
E1044,PO8873,None
E1044,Invoice3975,None
E2898,PO5075,None
E2898,Invoice948,None
E3813,PO4561,None
E3813,GRN516,None
E3813,Invoice480,None
E6754,Invoice178,None
E6754,Supplier1,None
E6754,Payment3263,None
E2785,PO2897,None
E2785,GRN1233,None
E2785,Invoice8350,None
E4199,PO2086,None
E4199,GRN8614,None
E4199,Invoice1351,None
E1373,PO4525,None
E1373,GRN1264,None
E1373,Invoice7789,None
E2557,PO5209,None
E2557,Invoice8464,None
E3669,PO7262,None
E3669,GRN1062,None
E3669,Invoice695,None
E7914,PO1423,None
E7914,Invoice551,None
E2445,PO3818,None
E2445,Invoice9877,None
E3893,PO8134,None
E3893,Invoice3245,None
E5238,PO1002,None
E5238,GRN8708,None
E5715,PO289,None
E5715,GRN2798,None
E5715,Invoice3345,None
E5758,PO8314,None
E5758,GRN8493,None
E8252,PO6411,None
E8252,GRN9206,None
E1045,PO8873,None
E1045,GRN1701,None
E1045,Invoice3975,None
E4255,PO8222,None
E4255,GRN377,None
E1968,Invoice3232,None
E1968,Supplier35,None
E1968,Payment669,None
E2695,PO3680,None
E2695,GRN6157,None
E2695,Invoice8052,None
E7594,PO2524,None
E7594,GRN9734,None
E7594,Invoice5249,None
E654,PO566,None
E654,Invoice6667,None
E5195,PO3357,None
E5195,GRN9589,None
E5195,Invoice4296,None
E8150,PO4971,None
E8150,Invoice6700,None
E865,PO7539,None
E865,Invoice300,None
E1099,PO8618,None
E1099,GRN2314,None
E1099,Invoice2808,None
E6440,PO8271,None
E6440,Invoice1346,None
E4426,PO5820,None
E4426,GRN4316,None
E7265,Invoice1347,None
E7265,Supplier44,None
E7265,Payment1440,None
E3327,PO8963,None
E3327,Invoice2686,None
E3894,PO8134,None
E3894,GRN9085,None
E3894,Invoice3245,None
E837,PO6355,None
E837,GRN7163,None
E837,Invoice3338,None
E857,PO2317,None
E857,GRN9126,None
E857,Invoice6572,None
E1318,PO6815,None
E1318,Invoice1693,None
E4383,PO6329,None
E4383,GRN5442,None
E4383,Invoice1414,None
E5527,PO1481,None
E5527,GRN7018,None
E5527,Invoice7285,None
E7329,PO6459,None
E7329,GRN9401,None
E7329,Invoice4659,None
E2668,PO1368,None
E2668,GRN1303,None
E2668,Invoice7164,None
E3984,PO6620,None
E3984,GRN3192,None
E7372,PO8428,None
E7372,GRN8231,None
E3586,PO6473,None
E3586,GRN844,None
E3586,Invoice8895,None
E4472,PO1028,None
E4472,Invoice5527,None
E8014,PO8340,None
E8014,GRN7129,None
E8014,Invoice5000,None
E1463,PO3661,None
E1463,GRN4865,None
E1463,Invoice7384,None
E1390,PO3891,None
E1390,Invoice8193,None
E1715,PO6241,None
E1715,Invoice5235,None
E4228,PO4594,None
E4228,GRN8608,None
E4228,Invoice8423,None
E4410,PO4479,None
E4410,GRN5813,None
E4410,Invoice3436,None
E6892,PO9299,None
E6892,GRN8129,None
E463,PO1858,None
E463,Invoice9570,None
E866,PO7539,None
E866,GRN344,None
E866,Invoice300,None
E1319,PO6815,None
E1319,GRN8993,None
E1319,Invoice1693,None
E6134,PO279,None
E6134,GRN6042,None
E6134,Invoice2903,None
E8079,PO2693,None
E8079,GRN598,None
E8079,Invoice8122,None
E1014,PO4523,None
E1014,GRN1648,None
E3632,Invoice640,None
E3632,Supplier38,None
E3632,Payment3453,None
E4563,PO8181,None
E4563,GRN8574,None
E4563,Invoice4439,None
E5825,PO4731,None
E5825,GRN5651,None
E736,PO259,None
E736,GRN9972,None
E736,Invoice4261,None
E2344,PO6131,None
E2344,Invoice2309,None
E6504,PO6527,None
E6504,GRN7148,None
E6504,Invoice2132,None
E7905,PO8646,None
E7905,Invoice5668,None
E3328,PO8963,None
E3328,GRN5699,None
E3328,Invoice2686,None
E4004,PO7893,None
E4004,GRN5402,None
E4004,Invoice4217,None
E6966,PO472,None
E6966,GRN8162,None
E6966,Invoice4302,None
E518,PO9048,None
E518,GRN8544,None
E1119,PO9811,None
E1119,GRN6711,None
E1119,Invoice4504,None
E1419,Invoice7907,None
E1419,Supplier17,None
E1419,Payment4060,None
E5301,PO7120,None
E5301,GRN7688,None
E1145,PO7965,None
E1145,Invoice6983,None
E2558,PO5209,None
E2558,GRN4083,None
E2558,Invoice8464,None
E8057,PO5441,None
E8057,GRN2756,None
E8116,Invoice9549,None
E8116,Supplier30,None
E8116,Payment2124,None
E8151,PO4971,None
E8151,GRN6813,None
E8151,Invoice6700,None
E5211,PO3416,None
E5211,GRN1789,None
E80,PO1984,None
E80,GRN4364,None
E80,Invoice5448,None
E8237,Invoice9483,None
E8237,Supplier41,None
E8237,Payment8661,None
E2908,PO6434,None
E2908,GRN2343,None
E2908,Invoice8040,None
E4311,PO9588,None
E4311,GRN573,None
E4311,Invoice1493,None
E5600,PO2237,None
E5600,Invoice351,None
E3568,PO8006,None
E3568,GRN2469,None
E3568,Invoice7301,None
E3723,PO3010,None
E3723,GRN815,None
E3723,Invoice5667,None
E4554,PO7072,None
E4554,GRN4846,None
E4554,Invoice3921,None
E808,PO4343,None
E808,GRN6155,None
E808,Invoice770,None
E2446,PO3818,None
E2446,GRN1086,None
E2446,Invoice9877,None
E3820,PO7936,None
E3820,GRN8583,None
E5593,Invoice7633,None
E5593,Supplier15,None
E5593,Payment6795,None
E7311,PO1748,None
E7311,GRN9562,None
E7311,Invoice3927,None
E583,PO8186,None
E583,GRN8627,None
E583,Invoice7373,None
E2933,PO8315,None
E2933,GRN9919,None
E4872,PO6168,None
E4872,GRN1288,None
E4872,Invoice6497,None
E1428,Invoice4771,None
E1428,Supplier16,None
E1428,Payment8094,None
E7906,PO8646,None
E7906,GRN8125,None
E7906,Invoice5668,None
E307,PO3211,None
E307,GRN2116,None
E307,Invoice8524,None
E2345,PO6131,None
E2345,GRN5965,None
E2345,Invoice2309,None
E3337,PO2660,None
E3337,GRN5818,None
E3337,Invoice7535,None
E4473,PO1028,None
E4473,GRN1022,None
E4473,Invoice5527,None
E4831,PO7959,None
E4831,Invoice4553,None
E5935,PO2189,None
E5935,GRN3855,None
E5935,Invoice6623,None
E426,PO1360,None
E426,GRN8749,None
E7915,PO1423,None
E7915,GRN6665,None
E7915,Invoice551,None
E655,PO566,None
E655,GRN570,None
E655,Invoice6667,None
E1492,PO4508,None
E1492,GRN4822,None
E1492,Invoice2122,None
E1508,PO760,None
E1508,GRN8518,None
E1391,PO3891,None
E1391,GRN9456,None
E1391,Invoice8193,None
E754,PO9525,None
E754,GRN8125,None
E754,Invoice1033,None
E5601,PO2237,None
E5601,GRN8063,None
E5601,Invoice351,None
E7427,PO4251,None
E7427,Invoice8680,None
E2899,PO5075,None
E2899,GRN2829,None
E2899,Invoice948,None
E464,PO1858,None
E464,GRN5940,None
E464,Invoice9570,None
E6377,PO6574,None
E6377,Invoice6026,None
E6441,PO8271,None
E6441,GRN1715,None
E6441,Invoice1346,None
E4832,PO7959,None
E4832,GRN5778,None
E4832,Invoice4553,None
E8264,Invoice121,None
E8264,Supplier37,None
E8264,Payment9431,None
E894,Invoice5847,None
E894,Supplier50,None
E894,Payment5695,None
E1648,Invoice2657,None
E1648,Supplier41,None
E1648,Payment206,None
E1146,PO7965,None
E1146,GRN3404,None
E1146,Invoice6983,None
E6213,Invoice5741,None
E6213,Supplier45,None
E6213,Payment7190,None
E1716,PO6241,None
E1716,GRN8860,None
E1716,Invoice5235,None
E7428,PO4251,None
E7428,GRN8266,None
E7428,Invoice8680,None
E6378,PO6574,None
E6378,GRN1366,None
E6378,Invoice6026,None
E1273,PO4448,None
E1273,Invoice24,None
E4900,PO5406,None
E4900,Invoice8596,None
E1545,PO9811,None
E1545,Invoice6303,None
E1274,PO4448,None
E1274,GRN8178,None
E1274,Invoice24,None
E1546,PO9811,None
E1546,GRN6145,None
E1546,Invoice6303,None
E270,PO8512,None
E270,Invoice2139,None
E4901,PO5406,None
E4901,GRN9472,None
E4901,Invoice8596,None
E7896,PO3502,None
E7896,Invoice9901,None
E4124,PO7752,None
E4124,Invoice5124,None
E717,PO2766,None
E717,Invoice7716,None
E7602,PO539,None
E7602,Invoice5823,None
E485,Invoice892,None
E485,Supplier12,None
E485,Payment3516,None
E271,PO8512,None
E271,GRN3114,None
E271,Invoice2139,None
E180,PO2691,None
E180,Invoice5468,None
E2142,PO1847,None
E2142,Invoice755,None
E932,PO314,None
E932,Invoice7128,None
E5499,PO8733,None
E5499,Invoice7011,None
E933,PO314,None
E933,GRN732,None
E933,Invoice7128,None
E7603,PO539,None
E7603,GRN9487,None
E7603,Invoice5823,None
E2685,PO1144,None
E2685,Invoice4001,None
E5093,PO1404,None
E5093,Invoice7551,None
E8244,PO393,None
E8244,Invoice6593,None
E4737,PO7424,None
E4737,Invoice6023,None
E8067,PO9784,None
E8067,Invoice9370,None
E3549,PO2754,None
E3549,Invoice1636,None
E8280,PO3311,None
E8280,Invoice2573,None
E6566,PO5104,None
E6566,Invoice755,None
E6929,PO6264,None
E6929,Invoice4457,None
E4891,PO3040,None
E4891,Invoice4087,None
E5094,PO1404,None
E5094,GRN3154,None
E5094,Invoice7551,None
E8006,Invoice3592,None
E8006,Supplier21,None
E8006,Payment3899,None
E2972,PO5219,None
E2972,Invoice8807,None
E6184,PO7521,None
E6184,Invoice6922,None
E7066,PO1663,None
E7066,Invoice2352,None
E5129,PO7893,None
E5129,Invoice125,None
E718,PO2766,None
E718,GRN8540,None
E718,Invoice7716,None
E4710,PO941,None
E4710,Invoice4763,None
E6725,PO353,None
E6725,Invoice7523,None
E7140,Invoice4839,None
E7140,Supplier15,None
E7140,Payment3112,None
E2686,PO1144,None
E2686,GRN4921,None
E2686,Invoice4001,None
E4454,PO4821,None
E4454,Invoice9688,None
E6584,PO3519,None
E6584,Invoice4284,None
E4025,PO2161,None
E4025,Invoice2452,None
E4125,PO7752,None
E4125,GRN8922,None
E4125,Invoice5124,None
E4026,PO2161,None
E4026,GRN6338,None
E4026,Invoice2452,None
E4665,PO5308,None
E4665,Invoice8995,None
E4711,PO941,None
E4711,GRN4738,None
E4711,Invoice4763,None
E4954,PO7062,None
E4954,Invoice566,None
E7897,PO3502,None
E7897,GRN1000,None
E7897,Invoice9901,None
E315,PO6416,None
E315,Invoice1296,None
E4892,PO3040,None
E4892,GRN1711,None
E4892,Invoice4087,None
E6148,Invoice2350,None
E6148,Supplier34,None
E6148,Payment1923,None
E5500,PO8733,None
E5500,GRN1737,None
E5500,Invoice7011,None
E5441,Invoice6919,None
E5441,Supplier44,None
E5441,Payment7620,None
E181,PO2691,None
E181,GRN2645,None
E181,Invoice5468,None
E2889,PO3747,None
E2889,Invoice6057,None
E6323,PO8,None
E6323,Invoice6764,None
E6707,PO5927,None
E6707,Invoice3574,None
E3803,PO1757,None
E3803,Invoice5295,None
E3550,PO2754,None
E3550,GRN8417,None
E3550,Invoice1636,None
E7067,PO1663,None
E7067,GRN4755,None
E7067,Invoice2352,None
E3244,PO8850,None
E3244,Invoice5769,None
E492,PO2224,None
E492,Invoice3969,None
E2943,PO7791,None
E2943,Invoice7080,None
E4373,PO3873,None
E4373,Invoice3223,None
E6324,PO8,None
E6324,GRN158,None
E6324,Invoice6764,None
E2039,PO5723,None
E2039,Invoice4678,None
E4061,PO1573,None
E4061,Invoice3657,None
E5582,PO7622,None
E5582,Invoice9525,None
E6386,PO3373,None
E6386,Invoice9523,None
E445,PO162,None
E445,Invoice9989,None
E7283,Invoice2626,None
E7283,Supplier32,None
E7283,Payment4595,None
E144,PO2357,None
E144,Invoice5186,None
E2463,PO425,None
E2463,Invoice8505,None
E2973,PO5219,None
E2973,GRN5779,None
E2973,Invoice8807,None
E3639,PO938,None
E3639,Invoice4972,None
E8245,PO393,None
E8245,GRN5887,None
E8245,Invoice6593,None
E1282,PO723,None
E1282,Invoice3321,None
E3010,PO9504,None
E3010,Invoice7465,None
E3640,PO938,None
E3640,GRN3851,None
E3640,Invoice4972,None
E4374,PO3873,None
E4374,GRN5470,None
E4374,Invoice3223,None
E8068,PO9784,None
E8068,GRN4846,None
E8068,Invoice9370,None
E4666,PO5308,None
E4666,GRN7385,None
E4666,Invoice8995,None
E6202,PO2638,None
E6202,Invoice2309,None
E6930,PO6264,None
E6930,GRN682,None
E6930,Invoice4457,None
E3767,PO1855,None
E3767,Invoice4130,None
E4133,PO9446,None
E4133,Invoice5338,None
E6494,PO6133,None
E6494,Invoice9311,None
E2890,PO3747,None
E2890,GRN5483,None
E2890,Invoice6057,None
E3713,PO3285,None
E3713,Invoice6446,None
E5732,PO2740,None
E5732,Invoice7380,None
E6557,PO886,None
E6557,Invoice5346,None
E2143,PO1847,None
E2143,GRN3993,None
E2143,Invoice755,None
E3848,PO1342,None
E3848,Invoice7178,None
E4738,PO7424,None
E4738,GRN8133,None
E4738,Invoice6023,None
E446,PO162,None
E446,GRN8441,None
E446,Invoice9989,None
E3513,PO8408,None
E3513,Invoice9259,None
E2040,PO5723,None
E2040,GRN2508,None
E2040,Invoice4678,None
E2806,PO1444,None
E2806,Invoice8497,None
E5786,PO8912,None
E5786,Invoice8888,None
E663,PO298,None
E663,Invoice3003,None
E2622,PO2879,None
E2622,Invoice40,None
E3383,PO6340,None
E3383,Invoice8469,None
E5898,PO7729,None
E5898,Invoice1516,None
E4319,PO9740,None
E4319,Invoice3528,None
E4517,PO8921,None
E4517,Invoice5917,None
E6240,Invoice3004,None
E6240,Supplier22,None
E6240,Payment1220,None
E1608,PO3786,None
E1608,Invoice4708,None
E6312,PO5994,None
E6312,Invoice2655,None
E7299,PO9803,None
E7299,Invoice6744,None
E8281,PO3311,None
E8281,GRN8056,None
E8281,Invoice2573,None
E591,PO4259,None
E591,Invoice2467,None
E1946,PO8602,None
E1946,Invoice2941,None
E4535,PO9390,None
E4535,Invoice8912,None
E1947,PO8602,None
E1947,GRN3181,None
E1947,Invoice2941,None
E6585,PO3519,None
E6585,GRN8199,None
E6585,Invoice4284,None
E6938,PO1284,None
E6938,Invoice7105,None
E6698,PO3912,None
E6698,Invoice1934,None
E6726,PO353,None
E6726,GRN9306,None
E6726,Invoice7523,None
E7472,PO7511,None
E7472,Invoice2663,None
E1572,PO3242,None
E1572,Invoice2212,None
E1744,Invoice7797,None
E1744,Supplier25,None
E1744,Payment2101,None
E3245,PO8850,None
E3245,GRN2839,None
E3245,Invoice5769,None
E3318,PO4590,None
E3318,Invoice5302,None
E7473,PO7511,None
E7473,GRN323,None
E7473,Invoice2663,None
E316,PO6416,None
E316,GRN8386,None
E316,Invoice1296,None
E3208,PO4307,None
E3208,Invoice603,None
E5583,PO7622,None
E5583,GRN6767,None
E5583,Invoice9525,None
E5733,PO2740,None
E5733,GRN9229,None
E5733,Invoice7380,None
E4034,PO4869,None
E4034,Invoice3603,None
E3209,PO4307,None
E3209,GRN5595,None
E3209,Invoice603,None
E3064,PO6203,None
E3064,Invoice9506,None
E8096,PO4379,None
E8096,Invoice8179,None
E493,PO2224,None
E493,GRN5477,None
E493,Invoice3969,None
E1053,PO4803,None
E1053,Invoice8418,None
E3947,PO4450,None
E3947,Invoice9709,None
E7300,PO9803,None
E7300,GRN7285,None
E7300,Invoice6744,None
E7761,PO5896,None
E7761,Invoice9054,None
E70,PO6714,None
E70,Invoice5206,None
E816,PO5360,None
E816,Invoice402,None
E4320,PO9740,None
E4320,GRN4076,None
E4320,Invoice3528,None
E817,PO5360,None
E817,GRN7198,None
E817,Invoice402,None
E988,PO5287,None
E988,Invoice9226,None
E3768,PO1855,None
E3768,GRN7799,None
E3768,Invoice4130,None
E4035,PO4869,None
E4035,GRN2107,None
E4035,Invoice3603,None
E7207,PO4772,None
E7207,Invoice5069,None
E6495,PO6133,None
E6495,GRN5629,None
E6495,Invoice9311,None
E6781,PO6857,None
E6781,Invoice366,None
E6992,PO3975,None
E6992,Invoice1362,None
E7932,PO5529,None
E7932,Invoice997,None
E71,PO6714,None
E71,GRN499,None
E71,Invoice5206,None
E3011,PO9504,None
E3011,GRN6395,None
E3011,Invoice7465,None
E6708,PO5927,None
E6708,GRN8822,None
E6708,Invoice3574,None
E4062,PO1573,None
E4062,GRN6340,None
E4062,Invoice3657,None
E6185,PO7521,None
E6185,GRN7266,None
E6185,Invoice6922,None
E6395,PO5792,None
E6395,Invoice5118,None
E6567,PO5104,None
E6567,GRN1508,None
E6567,Invoice755,None
E7933,PO5529,None
E7933,GRN621,None
E7933,Invoice997,None
E2066,PO3226,None
E2066,Invoice7750,None
E2521,PO1193,None
E2521,Invoice3937,None
E3446,PO3332,None
E3446,Invoice3207,None
E6624,PO4324,None
E6624,Invoice5464,None
E6817,PO8447,None
E6817,Invoice1317,None
E1293,Invoice5066,None
E1293,Supplier16,None
E1293,Payment6953,None
E1807,Invoice7435,None
E1807,Supplier12,None
E1807,Payment4716,None
E6203,PO2638,None
E6203,GRN2625,None
E6203,Invoice2309,None
E6387,PO3373,None
E6387,GRN184,None
E6387,Invoice9523,None
E8097,PO4379,None
E8097,GRN6283,None
E8097,Invoice8179,None
E2464,PO425,None
E2464,GRN8680,None
E2464,Invoice8505,None
E4536,PO9390,None
E4536,GRN104,None
E4536,Invoice8912,None
E4088,PO7639,None
E4088,Invoice4748,None
E1975,PO4440,None
E1975,Invoice5746,None
E3111,Invoice6829,None
E3111,Supplier1,None
E3111,Payment3701,None
E3384,PO6340,None
E3384,GRN35,None
E3384,Invoice8469,None
E5130,PO7893,None
E5130,GRN2821,None
E5130,Invoice125,None
E6193,PO9594,None
E6193,Invoice6903,None
E7770,PO3789,None
E7770,Invoice5779,None
E546,PO3080,None
E546,Invoice4840,None
E2871,PO2510,None
E2871,Invoice552,None
E4247,PO733,None
E4247,Invoice1729,None
E7555,PO800,None
E7555,Invoice7065,None
E1107,PO3112,None
E1107,Invoice3972,None
E3309,PO3650,None
E3309,Invoice3104,None
E2880,PO4352,None
E2880,Invoice7282,None
E5562,PO430,None
E5562,Invoice8409,None
E592,PO4259,None
E592,GRN3587,None
E592,Invoice2467,None
E664,PO298,None
E664,GRN943,None
E664,Invoice3003,None
E2481,PO3833,None
E2481,Invoice1355,None
E4955,PO7062,None
E4955,GRN2328,None
E4955,Invoice566,None
E3514,PO8408,None
E3514,GRN6770,None
E3514,Invoice9259,None
E4589,PO7856,None
E4589,Invoice6112,None
E4645,PO9902,None
E4645,Invoice8943,None
E5611,PO3091,None
E5611,Invoice2909,None
E6010,PO6286,None
E6010,Invoice7303,None
E124,PO1660,None
E124,Invoice567,None
E1435,PO9592,None
E1435,Invoice433,None
E2059,Invoice9145,None
E2059,Supplier33,None
E2059,Payment5750,None
E2196,PO7680,None
E2196,Invoice9055,None
E8049,PO2544,None
E8049,Invoice108,None
E409,PO9607,None
E409,Invoice4622,None
E2730,PO4858,None
E2730,Invoice2112,None
E5787,PO8912,None
E5787,GRN7528,None
E5787,Invoice8888,None
E6001,PO8924,None
E6001,Invoice1896,None
E7010,PO4581,None
E7010,Invoice7088,None
E6625,PO4324,None
E6625,GRN6456,None
E6625,Invoice5464,None
E6671,Invoice578,None
E6671,Supplier17,None
E6671,Payment2886,None
E6855,PO6351,None
E6855,Invoice8843,None
E6993,PO3975,None
E6993,GRN5917,None
E6993,Invoice1362,None
E7556,PO800,None
E7556,GRN1275,None
E7556,Invoice7065,None
E2855,Invoice8077,None
E2855,Supplier41,None
E2855,Payment2364,None
E4965,PO4955,None
E4965,Invoice7665,None
E6175,PO292,None
E6175,Invoice7362,None
E3065,PO6203,None
E3065,GRN6024,None
E3065,Invoice9506,None
E3447,PO3332,None
E3447,GRN898,None
E3447,Invoice3207,None
E4455,PO4821,None
E4455,GRN6039,None
E4455,Invoice9688,None
E225,PO565,None
E225,Invoice4826,None
E683,Invoice3991,None
E683,Supplier11,None
E683,Payment2461,None
E3804,PO1757,None
E3804,GRN5372,None
E3804,Invoice5295,None
E3839,PO6365,None
E3839,Invoice6530,None
E6818,PO8447,None
E6818,GRN5794,None
E6818,Invoice1317,None
E6939,PO1284,None
E6939,GRN926,None
E6939,Invoice7105,None
E7366,Invoice4501,None
E7366,Supplier29,None
E7366,Payment3091,None
E4346,PO5254,None
E4346,Invoice7229,None
E4918,PO2465,None
E4918,Invoice6259,None
E6782,PO6857,None
E6782,GRN9312,None
E6782,Invoice366,None
E27,Invoice687,None
E27,Supplier49,None
E27,Payment1199,None
E226,PO565,None
E226,GRN6365,None
E226,Invoice4826,None
E1156,PO5147,None
E1156,Invoice2540,None
E3266,Invoice7583,None
E3266,Supplier12,None
E3266,Payment9197,None
E3849,PO1342,None
E3849,GRN4272,None
E3849,Invoice7178,None
E4301,PO6328,None
E4301,Invoice4282,None
E6761,PO9390,None
E6761,Invoice8190,None
E2067,PO3226,None
E2067,GRN7993,None
E2067,Invoice7750,None
E2623,PO2879,None
E2623,GRN8881,None
E2623,Invoice40,None
E4248,PO733,None
E4248,GRN1987,None
E4248,Invoice1729,None
E63,Invoice5613,None
E63,Supplier23,None
E63,Payment706,None
E618,PO5795,None
E618,Invoice3062,None
E6276,PO8606,None
E6276,Invoice4102,None
E6856,PO6351,None
E6856,GRN3318,None
E6856,Invoice8843,None
E7084,PO3450,None
E7084,Invoice6853,None
E1609,PO3786,None
E1609,GRN5210,None
E1609,Invoice4708,None
E4674,PO3059,None
E4674,Invoice9282,None
E3749,PO5173,None
E3749,Invoice8340,None
E4089,PO7639,None
E4089,GRN8170,None
E4089,Invoice4748,None
E6194,PO9594,None
E6194,GRN1049,None
E6194,Invoice6903,None
E6332,PO2795,None
E6332,Invoice1847,None
E7208,PO4772,None
E7208,GRN3341,None
E7208,Invoice5069,None
E5563,PO430,None
E5563,GRN850,None
E5563,Invoice8409,None
E6313,PO5994,None
E6313,GRN9919,None
E6313,Invoice2655,None
E1573,PO3242,None
E1573,GRN1189,None
E1573,Invoice2212,None
E4134,PO9446,None
E4134,GRN8559,None
E4134,Invoice5338,None
E7093,PO4436,None
E7093,Invoice2543,None
E2214,PO3689,None
E2214,Invoice5918,None
E2944,PO7791,None
E2944,GRN2780,None
E2944,Invoice7080,None
E333,PO8446,None
E333,Invoice3808,None
E510,PO704,None
E510,Invoice7620,None
E1283,PO723,None
E1283,GRN1772,None
E1283,Invoice3321,None
E3614,Invoice7961,None
E3614,Supplier2,None
E3614,Payment4350,None
E1436,PO9592,None
E1436,GRN1084,None
E1436,Invoice433,None
E2721,PO1457,None
E2721,Invoice3500,None
E7346,PO1095,None
E7346,Invoice9965,None
E7669,PO6203,None
E7669,Invoice5573,None
E2522,PO1193,None
E2522,GRN2529,None
E2522,Invoice3937,None
E7347,PO1095,None
E7347,GRN8216,None
E7347,Invoice9965,None
E145,PO2357,None
E145,GRN4398,None
E145,Invoice5186,None
E3300,PO3249,None
E3300,Invoice6080,None
E8298,PO7524,None
E8298,Invoice5649,None
E351,PO7249,None
E351,Invoice4843,None
E1054,PO4803,None
E1054,GRN2542,None
E1054,Invoice8418,None
E8050,PO2544,None
E8050,GRN6768,None
E8050,Invoice108,None
E2881,PO4352,None
E2881,GRN1339,None
E2881,Invoice7282,None
E4518,PO8921,None
E4518,GRN2666,None
E4518,Invoice5917,None
E4966,PO4955,None
E4966,GRN3543,None
E4966,Invoice7665,None
E6055,PO5076,None
E6055,Invoice187,None
E6575,PO7105,None
E6575,Invoice6447,None
E3319,PO4590,None
E3319,GRN8149,None
E3319,Invoice5302,None
E3714,PO3285,None
E3714,GRN9883,None
E3714,Invoice6446,None
E4347,PO5254,None
E4347,GRN5251,None
E4347,Invoice7229,None
E6558,PO886,None
E6558,GRN6870,None
E6558,Invoice5346,None
E243,PO7766,None
E243,Invoice6981,None
E3275,Invoice1490,None
E3275,Supplier4,None
E3275,Payment7364,None
E5862,PO4760,None
E5862,Invoice2092,None
E6066,Invoice2426,None
E6066,Supplier48,None
E6066,Payment5041,None
E6595,PO9296,None
E6595,Invoice2143,None
E7824,PO5042,None
E7824,Invoice2101,None
E244,PO7766,None
E244,GRN7325,None
E244,Invoice6981,None
E2807,PO1444,None
E2807,GRN7507,None
E2807,Invoice8497,None
E3030,Invoice2049,None
E3030,Supplier10,None
E3030,Payment4827,None
E5899,PO7729,None
E5899,GRN169,None
E5899,Invoice1516,None
E6699,PO3912,None
E6699,GRN6864,None
E6699,Invoice1934,None
E1796,PO2567,None
E1796,Invoice9376,None
E5976,Invoice1926,None
E5976,Supplier48,None
E5976,Payment1667,None
E5994,Invoice2252,None
E5994,Supplier29,None
E5994,Payment7424,None
E2197,PO7680,None
E2197,GRN6964,None
E2197,Invoice9055,None
E4824,Invoice4161,None
E4824,Supplier7,None
E4824,Payment5209,None
E6011,PO6286,None
E6011,GRN7126,None
E6011,Invoice7303,None
E6277,PO8606,None
E6277,GRN7407,None
E6277,Invoice4102,None
E3695,PO414,None
E3695,Invoice1439,None
E5165,PO2749,None
E5165,Invoice9222,None
E236,Invoice9037,None
E236,Supplier10,None
E236,Payment2299,None
E1157,PO5147,None
E1157,GRN6239,None
E1157,Invoice2540,None
E2990,PO7443,None
E2990,Invoice8834,None
E6606,Invoice3902,None
E6606,Supplier38,None
E6606,Payment9490,None
E2019,PO9145,None
E2019,Invoice7616,None
E2991,PO7443,None
E2991,GRN6006,None
E2991,Invoice8834,None
E5880,PO764,None
E5880,Invoice5496,None
E352,PO7249,None
E352,GRN2378,None
E352,Invoice4843,None
E2178,PO6847,None
E2178,Invoice4370,None
E3237,Invoice5977,None
E3237,Supplier14,None
E3237,Payment27,None
E3948,PO4450,None
E3948,GRN8818,None
E3948,Invoice9709,None
E2020,PO9145,None
E2020,GRN6542,None
E2020,Invoice7616,None
E4218,PO2467,None
E4218,Invoice9203,None
E6576,PO7105,None
E6576,GRN7955,None
E6576,Invoice6447,None
E1108,PO3112,None
E1108,GRN5359,None
E1108,Invoice3972,None
E2160,PO690,None
E2160,Invoice8362,None
E6762,PO9390,None
E6762,GRN717,None
E6762,Invoice8190,None
E7085,PO3450,None
E7085,GRN4040,None
E7085,Invoice6853,None
E547,PO3080,None
E547,GRN2313,None
E547,Invoice4840,None
E2722,PO1457,None
E2722,GRN3493,None
E2722,Invoice3500,None
E6875,PO2808,None
E6875,Invoice3417,None
E7825,PO5042,None
E7825,GRN9486,None
E7825,Invoice2101,None
E1617,PO5520,None
E1617,Invoice5041,None
E2086,PO4740,None
E2086,Invoice2228,None
E1210,PO7674,None
E1210,Invoice9307,None
E1797,PO2567,None
E1797,GRN3919,None
E1797,Invoice9376,None
E3840,PO6365,None
E3840,GRN4121,None
E3840,Invoice6530,None
E4302,PO6328,None
E4302,GRN9341,None
E4302,Invoice4282,None
E2223,PO5800,None
E2223,Invoice2159,None
E3401,PO213,None
E3401,Invoice9960,None
E5612,PO3091,None
E5612,GRN6886,None
E5612,Invoice2909,None
E7094,PO4436,None
E7094,GRN451,None
E7094,Invoice2543,None
E7129,PO7165,None
E7129,Invoice1444,None
E334,PO8446,None
E334,GRN9108,None
E334,Invoice3808,None
E4882,PO6746,None
E4882,Invoice4279,None
E7762,PO5896,None
E7762,GRN1737,None
E7762,Invoice9054,None
E989,PO5287,None
E989,GRN6228,None
E989,Invoice9226,None
E7771,PO3789,None
E7771,GRN1791,None
E7771,Invoice5779,None
E1976,PO4440,None
E1976,GRN2523,None
E1976,Invoice5746,None
E5239,PO1002,None
E5239,Invoice7856,None
E647,Invoice5311,None
E647,Supplier21,None
E647,Payment2331,None
E2482,PO3833,None
E2482,GRN1009,None
E2482,Invoice1355,None
E6396,PO5792,None
E6396,GRN8935,None
E6396,Invoice5118,None
E6176,PO292,None
E6176,GRN6859,None
E6176,Invoice7362,None
E7670,PO6203,None
E7670,GRN7323,None
E7670,Invoice5573,None
E2224,PO5800,None
E2224,GRN2289,None
E2224,Invoice2159,None
E3039,Invoice277,None
E3039,Supplier34,None
E3039,Payment7238,None
E6876,PO2808,None
E6876,GRN8721,None
E6876,Invoice3417,None
E2215,PO3689,None
E2215,GRN4202,None
E2215,Invoice5918,None
E6056,PO5076,None
E6056,GRN574,None
E6056,Invoice187,None
E6333,PO2795,None
E6333,GRN1892,None
E6333,Invoice1847,None
E6451,Invoice2216,None
E6451,Supplier7,None
E6451,Payment7128,None
E4427,PO5820,None
E4427,Invoice3464,None
E3310,PO3650,None
E3310,GRN27,None
E3310,Invoice3104,None
E7216,PO4208,None
E7216,Invoice4176,None
E4675,PO3059,None
E4675,GRN112,None
E4675,Invoice9282,None
E7217,PO4208,None
E7217,GRN3442,None
E7217,Invoice4176,None
E1211,PO7674,None
E1211,GRN2599,None
E1211,Invoice9307,None
E5166,PO2749,None
E5166,GRN5814,None
E5166,Invoice9222,None
E6231,Invoice3657,None
E6231,Supplier31,None
E6231,Payment7704,None
E7373,PO8428,None
E7373,Invoice3801,None
E7519,PO3543,None
E7519,Invoice2494,None
E2872,PO2510,None
E2872,GRN9306,None
E2872,Invoice552,None
E3750,PO5173,None
E3750,GRN7305,None
E3750,Invoice8340,None
E4646,PO9902,None
E4646,GRN9306,None
E4646,Invoice8943,None
E511,PO704,None
E511,GRN3315,None
E511,Invoice7620,None
E726,PO308,None
E726,Invoice6621,None
E4590,PO7856,None
E4590,GRN7142,None
E4590,Invoice6112,None
E1015,PO4523,None
E1015,Invoice2102,None
E7520,PO3543,None
E7520,GRN4207,None
E7520,Invoice2494,None
E5826,PO4731,None
E5826,Invoice7813,None
E125,PO1660,None
E125,GRN2216,None
E125,Invoice567,None
E1228,PO3708,None
E1228,Invoice9476,None
E6002,PO8924,None
E6002,GRN8091,None
E6002,Invoice1896,None
E727,PO308,None
E727,GRN2308,None
E727,Invoice6621,None
E410,PO9607,None
E410,GRN7541,None
E410,Invoice4622,None
E7011,PO4581,None
E7011,GRN6750,None
E7011,Invoice7088,None
E708,PO700,None
E708,Invoice1869,None
E2161,PO690,None
E2161,GRN4931,None
E2161,Invoice8362,None
E2416,PO1931,None
E2416,Invoice7720,None
E2731,PO4858,None
E2731,GRN6263,None
E2731,Invoice2112,None
E5881,PO764,None
E5881,GRN5079,None
E5881,Invoice5496,None
E519,PO9048,None
E519,Invoice698,None
E8299,PO7524,None
E8299,GRN4574,None
E8299,Invoice5649,None
E619,PO5795,None
E619,GRN5242,None
E619,Invoice3062,None
E4883,PO6746,None
E4883,GRN3318,None
E4883,Invoice4279,None
E2179,PO6847,None
E2179,GRN9751,None
E2179,Invoice4370,None
E6596,PO9296,None
E6596,GRN9767,None
E6596,Invoice2143,None
E6976,Invoice5117,None
E6976,Supplier10,None
E6976,Payment2626,None
E520,PO9048,None
E520,GRN8544,None
E520,Invoice698,None
E4919,PO2465,None
E4919,GRN2436,None
E4919,Invoice6259,None
E3301,PO3249,None
E3301,GRN2642,None
E3301,Invoice6080,None
E5240,PO1002,None
E5240,GRN8708,None
E5240,Invoice7856,None
E5863,PO4760,None
E5863,GRN8382,None
E5863,Invoice2092,None
E8291,Invoice3890,None
E8291,Supplier5,None
E8291,Payment9118,None
E3696,PO414,None
E3696,GRN1444,None
E3696,Invoice1439,None
E4428,PO5820,None
E4428,GRN4316,None
E4428,Invoice3464,None
E7130,PO7165,None
E7130,GRN4173,None
E7130,Invoice1444,None
E7400,PO482,None
E7400,Invoice9040,None
E8170,PO3841,None
E8170,Invoice6483,None
E7374,PO8428,None
E7374,GRN8231,None
E7374,Invoice3801,None
E1016,PO4523,None
E1016,GRN1648,None
E1016,Invoice2102,None
E2328,Invoice6741,None
E2328,Supplier20,None
E2328,Payment4252,None
E7401,PO482,None
E7401,GRN1360,None
E7401,Invoice9040,None
E1847,Invoice7328,None
E1847,Supplier16,None
E1847,Payment4904,None
E427,PO1360,None
E427,Invoice5385,None
E709,PO700,None
E709,GRN9054,None
E709,Invoice1869,None
E3402,PO213,None
E3402,GRN1604,None
E3402,Invoice9960,None
E755,Invoice1033,None
E755,Supplier50,None
E755,Payment3265,None
E1618,PO5520,None
E1618,GRN2255,None
E1618,Invoice5041,None
E2087,PO4740,None
E2087,GRN6808,None
E2087,Invoice2228,None
E3003,Invoice4789,None
E3003,Supplier4,None
E3003,Payment214,None
E4219,PO2467,None
E4219,GRN3891,None
E4219,Invoice9203,None
E5602,Invoice351,None
E5602,Supplier11,None
E5602,Payment8481,None
E2777,Invoice7401,None
E2777,Supplier2,None
E2777,Payment1608,None
E3021,Invoice9226,None
E3021,Supplier21,None
E3021,Payment8231,None
E6635,Invoice5030,None
E6635,Supplier39,None
E6635,Payment5500,None
E1762,Invoice3847,None
E1762,Supplier8,None
E1762,Payment5952,None
E3938,PO5997,None
E3938,Invoice817,None
E1147,Invoice6983,None
E1147,Supplier50,None
E1147,Payment5023,None
E428,PO1360,None
E428,GRN8749,None
E428,Invoice5385,None
E1229,PO3708,None
E1229,GRN9932,None
E1229,Invoice9476,None
E5827,PO4731,None
E5827,GRN5651,None
E5827,Invoice7813,None
E1717,Invoice5235,None
E1717,Supplier10,None
E1717,Payment6107,None
E2417,PO1931,None
E2417,GRN8429,None
E2417,Invoice7720,None
E8171,PO3841,None
E8171,GRN6884,None
E8171,Invoice6483,None
E3939,PO5997,None
E3939,GRN961,None
E3939,Invoice817,None
E4283,PO3635,None
E4283,Invoice7573,None
E2658,PO9734,None
E2658,Invoice4260,None
E1024,PO2362,None
E1024,Invoice3891,None
E2297,PO6508,None
E2297,Invoice2009,None
E7842,PO244,None
E7842,Invoice7890,None
E7604,Invoice5823,None
E7604,Supplier28,None
E7604,Payment67,None
E5095,Invoice7551,None
E5095,Supplier28,None
E5095,Payment5409,None
E2640,PO5655,None
E2640,Invoice1019,None
E2641,PO5655,None
E2641,GRN7362,None
E2641,Invoice1019,None
E6113,PO9179,None
E6113,Invoice4886,None
E7660,PO9139,None
E7660,Invoice2986,None
E2586,Invoice9292,None
E2586,Supplier6,None
E2586,Payment984,None
E2687,Invoice4001,None
E2687,Supplier10,None
E2687,Payment3178,None
E4284,PO3635,None
E4284,GRN9486,None
E4284,Invoice7573,None
E2277,PO2566,None
E2277,Invoice8983,None
E4097,PO2675,None
E4097,Invoice5954,None
E342,PO8759,None
E342,Invoice4254,None
E4712,Invoice4763,None
E4712,Supplier33,None
E4712,Payment5239,None
E454,PO5040,None
E454,Invoice6703,None
E1955,PO5671,None
E1955,Invoice8354,None
E3356,Invoice1343,None
E3356,Supplier48,None
E3356,Payment3223,None
E1453,PO7050,None
E1453,Invoice5547,None
E6680,PO6831,None
E6680,Invoice1549,None
E8217,PO8296,None
E8217,Invoice1832,None
E7575,PO8426,None
E7575,Invoice2453,None
E2659,PO9734,None
E2659,GRN5843,None
E2659,Invoice4260,None
E8218,PO8296,None
E8218,GRN4699,None
E8218,Invoice1832,None
E2739,PO4777,None
E2739,Invoice54,None
E7337,PO9584,None
E7337,Invoice7752,None
E1025,PO2362,None
E1025,GRN8433,None
E1025,Invoice3891,None
E4483,Invoice6876,None
E4483,Supplier10,None
E4483,Payment1424,None
E3551,Invoice1636,None
E3551,Supplier50,None
E3551,Payment2095,None
E5768,PO1128,None
E5768,Invoice9788,None
E7843,PO244,None
E7843,GRN1132,None
E7843,Invoice7890,None
E1500,PO6910,None
E1500,Invoice6604,None
E3145,PO1926,None
E3145,Invoice9285,None
E7436,PO2814,None
E7436,Invoice3152,None
E7698,PO2531,None
E7698,Invoice9923,None
E1071,PO6158,None
E1071,Invoice868,None
E4607,PO8982,None
E4607,Invoice4174,None
E6681,PO6831,None
E6681,GRN5662,None
E6681,Invoice1549,None
E6256,PO6550,None
E6256,Invoice5951,None
E171,PO5791,None
E171,Invoice3405,None
E2319,Invoice309,None
E2319,Supplier46,None
E2319,Payment1950,None
E3731,PO8542,None
E3731,Invoice944,None
E6790,PO5385,None
E6790,Invoice1764,None
E7576,PO8426,None
E7576,GRN1464,None
E7576,Invoice2453,None
E7338,PO9584,None
E7338,GRN8283,None
E7338,Invoice7752,None
E1072,PO6158,None
E1072,GRN6000,None
E1072,Invoice868,None
E447,Invoice9989,None
E447,Supplier38,None
E447,Payment8007,None
E3493,PO3590,None
E3493,Invoice5765,None
E7925,Invoice4591,None
E7925,Supplier33,None
E7925,Payment2337,None
E7437,PO2814,None
E7437,GRN8220,None
E7437,Invoice3152,None
E7968,PO4189,None
E7968,Invoice9178,None
E2649,PO131,None
E2649,Invoice9816,None
E3464,PO1276,None
E3464,Invoice2969,None
E5284,PO4624,None
E5284,Invoice8170,None
E1454,PO7050,None
E1454,GRN2769,None
E1454,Invoice5547,None
E2298,PO6508,None
E2298,GRN7175,None
E2298,Invoice2009,None
E3732,PO8542,None
E3732,GRN1196,None
E3732,Invoice944,None
E1899,PO4634,None
E1899,Invoice2888,None
E1956,PO5671,None
E1956,GRN9530,None
E1956,Invoice8354,None
E4420,Invoice4816,None
E4420,Supplier41,None
E4420,Payment4028,None
E6791,PO5385,None
E6791,GRN7982,None
E6791,Invoice1764,None
E2268,PO4755,None
E2268,Invoice7270,None
E7642,PO6503,None
E7642,Invoice4779,None
E7160,PO586,None
E7160,Invoice9005,None
E7643,PO6503,None
E7643,GRN6597,None
E7643,Invoice4779,None
E8271,PO447,None
E8271,Invoice9035,None
E2740,PO4777,None
E2740,GRN5243,None
E2740,Invoice54,None
E5481,PO833,None
E5481,Invoice6445,None
E1682,PO180,None
E1682,Invoice8870,None
E3866,PO1391,None
E3866,Invoice124,None
E133,PO7594,None
E133,Invoice8491,None
E2407,PO3001,None
E2407,Invoice3348,None
E2278,PO2566,None
E2278,GRN7055,None
E2278,Invoice8983,None
E3576,PO9311,None
E3576,Invoice9169,None
E4106,PO8075,None
E4106,Invoice1388,None
E6496,Invoice9311,None
E6496,Supplier41,None
E6496,Payment4305,None
E7490,PO9948,None
E7490,Invoice9431,None
E699,PO3297,None
E699,Invoice4440,None
E5285,PO4624,None
E5285,GRN2164,None
E5285,Invoice8170,None
E5459,Invoice7425,None
E5459,Supplier49,None
E5459,Payment3795,None
E5750,PO6032,None
E5750,Invoice8695,None
E1501,PO6910,None
E1501,GRN6137,None
E1501,Invoice6604,None
E3830,PO9030,None
E3830,Invoice3868,None
E4063,Invoice3657,None
E4063,Supplier16,None
E4063,Payment6051,None
E7180,PO1978,None
E7180,Invoice5645,None
E4180,PO8673,None
E4180,Invoice3682,None
E455,PO5040,None
E455,GRN9530,None
E455,Invoice6703,None
E4600,Invoice7053,None
E4600,Supplier39,None
E4600,Payment77,None
E4537,Invoice8912,None
E4537,Supplier24,None
E4537,Payment9579,None
E5696,PO3465,None
E5696,Invoice3446,None
E8161,Invoice4789,None
E8161,Supplier16,None
E8161,Payment6293,None
E1836,PO587,None
E1836,Invoice1523,None
E5360,Invoice5633,None
E5360,Supplier39,None
E5360,Payment4351,None
E5769,PO1128,None
E5769,GRN880,None
E5769,Invoice9788,None
E1246,PO3861,None
E1246,Invoice6814,None
E1900,PO4634,None
E1900,GRN6616,None
E1900,Invoice2888,None
E7530,Invoice1151,None
E7530,Supplier16,None
E7530,Payment7660,None
E172,PO5791,None
E172,GRN5531,None
E172,Invoice3405,None
E874,PO2243,None
E874,Invoice40,None
E4391,PO3808,None
E4391,Invoice6311,None
E6303,PO7566,None
E6303,Invoice2507,None
E7161,PO586,None
E7161,GRN6128,None
E7161,Invoice9005,None
E343,PO8759,None
E343,GRN6776,None
E343,Invoice4254,None
E5482,PO833,None
E5482,GRN8373,None
E5482,Invoice6445,None
E5873,Invoice8707,None
E5873,Supplier25,None
E5873,Payment3051,None
E7463,PO4835,None
E7463,Invoice9644,None
E7661,PO9139,None
E7661,GRN6577,None
E7661,Invoice2986,None
E3577,PO9311,None
E3577,GRN8227,None
E3577,Invoice9169,None
E5396,Invoice8779,None
E5396,Supplier50,None
E5396,Payment2758,None
E297,PO6312,None
E297,Invoice5317,None
E1837,PO587,None
E1837,GRN5438,None
E1837,Invoice1523,None
E3465,PO1276,None
E3465,GRN4966,None
E3465,Invoice2969,None
E6114,PO9179,None
E6114,GRN7228,None
E6114,Invoice4886,None
E7699,PO2531,None
E7699,GRN2384,None
E7699,Invoice9923,None
E3929,PO9313,None
E3929,Invoice8344,None
E3473,PO1990,None
E3473,Invoice5983,None
E5660,Invoice7138,None
E5660,Supplier34,None
E5660,Payment608,None
E3474,PO1990,None
E3474,GRN325,None
E3474,Invoice5983,None
E3794,PO3431,None
E3794,Invoice9086,None
E1664,PO4866,None
E1664,Invoice4268,None
E4098,PO2675,None
E4098,GRN3956,None
E4098,Invoice5954,None
E4936,PO799,None
E4936,Invoice2016,None
E5248,PO2861,None
E5248,Invoice6950,None
E5517,PO4493,None
E5517,Invoice9892,None
E1006,PO7654,None
E1006,Invoice4160,None
E2828,Invoice5821,None
E2828,Supplier26,None
E2828,Payment3862,None
E1626,PO9559,None
E1626,Invoice6695,None
E5084,PO4237,None
E5084,Invoice4593,None
E6257,PO6550,None
E6257,GRN9293,None
E6257,Invoice5951,None
E261,PO3704,None
E261,Invoice2509,None
E2095,PO4869,None
E2095,Invoice2436,None
E5075,PO8814,None
E5075,Invoice6854,None
E5257,PO3340,None
E5257,Invoice6329,None
E5313,PO2057,None
E5313,Invoice4351,None
E5258,PO3340,None
E5258,GRN5285,None
E5258,Invoice6329,None
E7464,PO4835,None
E7464,GRN8575,None
E7464,Invoice9644,None
E4608,PO8982,None
E4608,GRN6899,None
E4608,Invoice4174,None
E3146,PO1926,None
E3146,GRN6311,None
E3146,Invoice9285,None
E3867,PO1391,None
E3867,GRN4393,None
E3867,Invoice124,None
E4171,PO9591,None
E4171,Invoice2692,None
E298,PO6312,None
E298,GRN2293,None
E298,Invoice5317,None
E1610,Invoice4708,None
E1610,Supplier15,None
E1610,Payment9733,None
E3410,PO5743,None
E3410,Invoice8808,None
E7779,PO3215,None
E7779,Invoice2008,None
E34,PO9809,None
E34,Invoice9410,None
E6866,Invoice4101,None
E6866,Supplier15,None
E6866,Payment890,None
E7788,PO8053,None
E7788,Invoice6677,None
E1302,Invoice7189,None
E1302,Supplier39,None
E1302,Payment4060,None
E700,PO3297,None
E700,GRN1517,None
E700,Invoice4440,None
E773,Invoice8500,None
E773,Supplier46,None
E773,Payment9552,None
E4490,PO6269,None
E4490,Invoice169,None
E4703,Invoice2301,None
E4703,Supplier37,None
E4703,Payment6279,None
E5697,PO3465,None
E5697,GRN612,None
E5697,Invoice3446,None
E6830,Invoice2453,None
E6830,Supplier22,None
E6830,Payment7815,None
E2952,PO7853,None
E2952,Invoice6727,None
E3494,PO3590,None
E3494,GRN3463,None
E3494,Invoice5765,None
E5076,PO8814,None
E5076,GRN1678,None
E5076,Invoice6854,None
E8272,PO447,None
E8272,GRN3600,None
E8272,Invoice9035,None
E134,PO7594,None
E134,GRN85,None
E134,Invoice8491,None
E4172,PO9591,None
E4172,GRN2297,None
E4172,Invoice2692,None
E7941,PO7179,None
E7941,Invoice9568,None
E2408,PO3001,None
E2408,GRN9849,None
E2408,Invoice3348,None
E2750,Invoice1565,None
E2750,Supplier26,None
E2750,Payment1591,None
E4728,PO9499,None
E4728,Invoice930,None
E875,PO2243,None
E875,GRN7514,None
E875,Invoice40,None
E7181,PO1978,None
E7181,GRN1718,None
E7181,Invoice5645,None
E7290,PO4501,None
E7290,Invoice8640,None
E7456,Invoice4311,None
E7456,Supplier19,None
E7456,Payment2006,None
E2096,PO4869,None
E2096,GRN6970,None
E2096,Invoice2436,None
E5057,PO14,None
E5057,Invoice2136,None
E5751,PO6032,None
E5751,GRN1225,None
E5751,Invoice8695,None
E6958,Invoice1887,None
E6958,Supplier18,None
E6958,Payment882,None
E4107,PO8075,None
E4107,GRN9580,None
E4107,Invoice1388,None
E3930,PO9313,None
E3930,GRN3749,None
E3930,Invoice8344,None
E5430,PO2801,None
E5430,Invoice5328,None
E5853,PO9574,None
E5853,Invoice8853,None
E2650,PO131,None
E2650,GRN3468,None
E2650,Invoice9816,None
E7780,PO3215,None
E7780,GRN3752,None
E7780,Invoice2008,None
E4392,PO3808,None
E4392,GRN5491,None
E4392,Invoice6311,None
E5900,Invoice1516,None
E5900,Supplier5,None
E5900,Payment6325,None
E1928,PO1727,None
E1928,Invoice3074,None
E3411,PO5743,None
E3411,GRN6451,None
E3411,Invoice8808,None
E4357,Invoice7651,None
E4357,Supplier20,None
E4357,Payment3524,None
E7743,PO6683,None
E7743,Invoice7266,None
E35,PO9809,None
E35,GRN9607,None
E35,Invoice9410,None
E1683,PO180,None
E1683,GRN2620,None
E1683,Invoice8870,None
E3831,PO9030,None
E3831,GRN6911,None
E3831,Invoice3868,None
E2169,PO4719,None
E2169,Invoice4716,None
E6168,Invoice5739,None
E6168,Supplier42,None
E6168,Payment3228,None
E7491,PO9948,None
E7491,GRN1059,None
E7491,Invoice9431,None
E7969,PO4189,None
E7969,GRN5351,None
E7969,Invoice9178,None
E353,Invoice4843,None
E353,Supplier5,None
E353,Payment8026,None
E3949,Invoice9709,None
E3949,Supplier15,None
E3949,Payment7945,None
E6837,PO9226,None
E6837,Invoice5647,None
E7122,Invoice2949,None
E7122,Supplier41,None
E7122,Payment4861,None
E5232,Invoice3041,None
E5232,Supplier14,None
E5232,Payment4630,None
E6285,PO3478,None
E6285,Invoice9368,None
E6415,Invoice1801,None
E6415,Supplier7,None
E6415,Payment7295,None
E1109,Invoice3972,None
E1109,Supplier4,None
E1109,Payment6334,None
E5187,Invoice937,None
E5187,Supplier36,None
E5187,Payment3176,None
E6304,PO7566,None
E6304,GRN2076,None
E6304,Invoice2507,None
E1035,PO9984,None
E1035,Invoice1307,None
E4181,PO8673,None
E4181,GRN6988,None
E4181,Invoice3682,None
E7102,PO3981,None
E7102,Invoice5894,None
E827,Invoice1676,None
E827,Supplier41,None
E827,Payment2394,None
E4528,Invoice1971,None
E4528,Supplier23,None
E4528,Payment3650,None
E5854,PO9574,None
E5854,GRN9245,None
E5854,Invoice8853,None
E438,Invoice6962,None
E438,Supplier32,None
E438,Payment4016,None
E6838,PO9226,None
E6838,GRN6149,None
E6838,Invoice5647,None
E1138,Invoice3647,None
E1138,Supplier22,None
E1138,Payment8404,None
E6267,Invoice8924,None
E6267,Supplier29,None
E6267,Payment7991,None
E2269,PO4755,None
E2269,GRN3570,None
E2269,Invoice7270,None
E5085,PO4237,None
E5085,GRN5205,None
E5085,Invoice4593,None
E335,Invoice3808,None
E335,Supplier2,None
E335,Payment6595,None
E4207,PO2961,None
E4207,Invoice3494,None
E4491,PO6269,None
E4491,GRN5908,None
E4491,Invoice169,None
E5759,PO8314,None
E5759,Invoice5330,None
E8253,PO6411,None
E8253,Invoice2691,None
E262,PO3704,None
E262,GRN4968,None
E262,Invoice2509,None
E1929,PO1727,None
E1929,GRN8398,None
E1929,Invoice3074,None
E5058,PO14,None
E5058,GRN7974,None
E5058,Invoice2136,None
E7291,PO4501,None
E7291,GRN9510,None
E7291,Invoice8640,None
E7789,PO8053,None
E7789,GRN7194,None
E7789,Invoice6677,None
E8228,Invoice342,None
E8228,Supplier37,None
E8228,Payment4599,None
E1100,Invoice2808,None
E1100,Supplier36,None
E1100,Payment3797,None
E1354,PO3627,None
E1354,Invoice7276,None
E4937,PO799,None
E4937,GRN1637,None
E4937,Invoice2016,None
E1247,PO3861,None
E1247,GRN8152,None
E1247,Invoice6814,None
E3985,PO6620,None
E3985,Invoice9529,None
E1007,PO7654,None
E1007,GRN4379,None
E1007,Invoice4160,None
E2873,Invoice552,None
E2873,Supplier13,None
E2873,Payment4483,None
E4692,PO6439,None
E4692,Invoice8361,None
E5518,PO4493,None
E5518,GRN3144,None
E5518,Invoice9892,None
E420,Invoice8758,None
E420,Supplier45,None
E420,Payment6678,None
E1257,Invoice7247,None
E1257,Supplier14,None
E1257,Payment6005,None
E6893,PO9299,None
E6893,Invoice7593,None
E867,Invoice300,None
E867,Supplier9,None
E867,Payment4614,None
E1036,PO9984,None
E1036,GRN288,None
E1036,Invoice1307,None
E5249,PO2861,None
E5249,GRN2516,None
E5249,Invoice6950,None
E6135,Invoice2903,None
E6135,Supplier14,None
E6135,Payment9546,None
E1665,PO4866,None
E1665,GRN547,None
E1665,Invoice4268,None
E3795,PO3431,None
E3795,GRN8792,None
E3795,Invoice9086,None
E2953,PO7853,None
E2953,GRN9916,None
E2953,Invoice6727,None
E3986,PO6620,None
E3986,GRN3192,None
E3986,Invoice9529,None
E4729,PO9499,None
E4729,GRN5033,None
E4729,Invoice930,None
E3329,Invoice2686,None
E3329,Supplier26,None
E3329,Payment4697,None
E4016,PO7816,None
E4016,Invoice6211,None
E5314,PO2057,None
E5314,GRN3900,None
E5314,Invoice4351,None
E6967,Invoice4302,None
E6967,Supplier22,None
E6967,Payment2496,None
E1627,PO9559,None
E1627,GRN2722,None
E1627,Invoice6695,None
E2981,PO6670,None
E2981,Invoice1784,None
E2170,PO4719,None
E2170,GRN5496,None
E2170,Invoice4716,None
E2559,Invoice8464,None
E2559,Supplier17,None
E2559,Payment7148,None
E7727,Invoice2775,None
E7727,Supplier24,None
E7727,Payment4088,None
E3659,PO3124,None
E3659,Invoice1218,None
E5212,PO3416,None
E5212,Invoice7867,None
E5760,PO8314,None
E5760,GRN8493,None
E5760,Invoice5330,None
E7942,PO7179,None
E7942,GRN9836,None
E7942,Invoice9568,None
E8123,PO2468,None
E8123,Invoice8414,None
E2982,PO6670,None
E2982,GRN7363,None
E2982,Invoice1784,None
E3904,Invoice9390,None
E3904,Supplier25,None
E3904,Payment5797,None
E809,Invoice770,None
E809,Supplier35,None
E809,Payment7024,None
E3660,PO3124,None
E3660,GRN6671,None
E3660,Invoice1218,None
E4017,PO7816,None
E4017,GRN5524,None
E4017,Invoice6211,None
E5431,PO2801,None
E5431,GRN8790,None
E5431,Invoice5328,None
E2934,PO8315,None
E2934,Invoice3292,None
E7907,Invoice5668,None
E7907,Supplier29,None
E7907,Payment8925,None
E4339,Invoice7291,None
E4339,Supplier48,None
E4339,Payment3577,None
E4208,PO2961,None
E4208,GRN7560,None
E4208,Invoice3494,None
E5936,Invoice6623,None
E5936,Supplier34,None
E5936,Payment7772,None
E7744,PO6683,None
E7744,GRN6391,None
E7744,Invoice7266,None
E3174,Invoice8964,None
E3174,Supplier41,None
E3174,Payment4789,None
E710,Invoice1869,None
E710,Supplier12,None
E710,Payment6745,None
E6286,PO3478,None
E6286,GRN5520,None
E6286,Invoice9368,None
E3403,Invoice9960,None
E3403,Supplier20,None
E3403,Payment7138,None
E1509,PO760,None
E1509,Invoice4661,None
E1392,Invoice8193,None
E1392,Supplier28,None
E1392,Payment6437,None
E7103,PO3981,None
E7103,GRN7635,None
E7103,Invoice5894,None
E2389,PO4509,None
E2389,Invoice5392,None
E8124,PO2468,None
E8124,GRN2805,None
E8124,Invoice8414,None
E1510,PO760,None
E1510,GRN8518,None
E1510,Invoice4661,None
E6442,Invoice1346,None
E6442,Supplier26,None
E6442,Payment46,None
E2935,PO8315,None
E2935,GRN9919,None
E2935,Invoice3292,None
E8254,PO6411,None
E8254,GRN9206,None
E8254,Invoice2691,None
E6894,PO9299,None
E6894,GRN8129,None
E6894,Invoice7593,None
E1355,PO3627,None
E1355,GRN8307,None
E1355,Invoice7276,None
E4693,PO6439,None
E4693,GRN9985,None
E4693,Invoice8361,None
E5213,PO3416,None
E5213,GRN1789,None
E5213,Invoice7867,None
E2390,PO4509,None
E2390,GRN6948,None
E2390,Invoice5392,None
E537,PO177,None
E537,Invoice7039,None
E1547,Invoice6303,None
E1547,Supplier14,None
E1547,Payment1555,None
E7169,PO742,None
E7169,Invoice7559,None
E4902,Invoice8596,None
E4902,Supplier23,None
E4902,Payment699,None
E5571,PO2507,None
E5571,Invoice1919,None
E8188,PO2712,None
E8188,Invoice1712,None
E538,PO177,None
E538,GRN8179,None
E538,Invoice7039,None
E324,PO7514,None
E324,Invoice7361,None
E5572,PO2507,None
E5572,GRN3490,None
E5572,Invoice1919,None
E5367,PO3709,None
E5367,Invoice8776,None
E2126,Invoice3376,None
E2126,Supplier30,None
E2126,Payment2339,None
E6467,PO7649,None
E6467,Invoice1677,None
E8105,PO2090,None
E8105,Invoice4870,None
E325,PO7514,None
E325,GRN9600,None
E325,Invoice7361,None
E1064,Invoice4903,None
E1064,Supplier27,None
E1064,Payment1691,None
E5221,PO6204,None
E5221,Invoice8442,None
E6468,PO7649,None
E6468,GRN7751,None
E6468,Invoice1677,None
E1345,PO89,None
E1345,Invoice4317,None
E4777,Invoice2797,None
E4777,Supplier30,None
E4777,Payment2151,None
E1239,Invoice2980,None
E1239,Supplier36,None
E1239,Payment9269,None
E5178,Invoice4353,None
E5178,Supplier29,None
E5178,Payment213,None
E6359,PO1149,None
E6359,Invoice1597,None
E7170,PO742,None
E7170,GRN8853,None
E7170,Invoice7559,None
E1787,PO8344,None
E1787,Invoice9585,None
E4267,Invoice6951,None
E4267,Supplier37,None
E4267,Payment9338,None
E6028,PO3639,None
E6028,Invoice8880,None
E3920,PO3030,None
E3920,Invoice1202,None
E4757,Invoice2668,None
E4757,Supplier2,None
E4757,Payment9254,None
E1327,PO7078,None
E1327,Invoice4296,None
E3921,PO3030,None
E3921,GRN2019,None
E3921,Invoice1202,None
E5039,PO5078,None
E5039,Invoice9373,None
E6846,PO996,None
E6846,Invoice9550,None
E7339,Invoice7752,None
E7339,Supplier23,None
E7339,Payment9950,None
E1890,PO4702,None
E1890,Invoice5063,None
E2759,Invoice3609,None
E2759,Supplier12,None
E2759,Payment9211,None
E6368,PO3316,None
E6368,Invoice1900,None
E8189,PO2712,None
E8189,GRN870,None
E8189,Invoice1712,None
E4079,PO7892,None
E4079,Invoice7548,None
E5104,Invoice8414,None
E5104,Supplier14,None
E5104,Payment5727,None
E6847,PO996,None
E6847,GRN9338,None
E6847,Invoice9550,None
E979,PO9814,None
E979,Invoice3324,None
E4582,Invoice1580,None
E4582,Supplier29,None
E4582,Payment3980,None
E1484,Invoice7393,None
E1484,Supplier49,None
E1484,Payment3354,None
E6360,PO1149,None
E6360,GRN4916,None
E6360,Invoice1597,None
E317,Invoice1296,None
E317,Supplier17,None
E317,Payment9235,None
E8206,PO1853,None
E8206,Invoice6866,None
E1399,PO9552,None
E1399,Invoice2724,None
E2963,PO5649,None
E2963,Invoice7161,None
E2964,PO5649,None
E2964,GRN8394,None
E2964,Invoice7161,None
E573,PO1077,None
E573,Invoice7938,None
E2541,Invoice9156,None
E2541,Supplier2,None
E2541,Payment3385,None
E7382,PO6636,None
E7382,Invoice3534,None
E7835,Invoice6999,None
E7835,Supplier26,None
E7835,Payment2124,None
E7445,PO5396,None
E7445,Invoice5968,None
E2362,PO2124,None
E2362,Invoice5042,None
E4510,Invoice3247,None
E4510,Supplier33,None
E4510,Payment3597,None
E3291,PO9585,None
E3291,Invoice234,None
E6983,PO9352,None
E6983,Invoice2153,None
E209,Invoice6461,None
E209,Supplier3,None
E209,Payment9262,None
E1581,PO5032,None
E1581,Invoice1482,None
E2279,Invoice8983,None
E2279,Supplier20,None
E2279,Payment797,None
E7734,PO6193,None
E7734,Invoice765,None
E5277,Invoice8369,None
E5277,Supplier3,None
E5277,Payment8079,None
E1536,PO3848,None
E1536,Invoice8263,None
E7446,PO5396,None
E7446,GRN4685,None
E7446,Invoice5968,None
E456,Invoice6703,None
E456,Supplier1,None
E456,Payment6741,None
E4544,PO1610,None
E4544,Invoice8420,None
E8098,Invoice8179,None
E8098,Supplier41,None
E8098,Payment6588,None
E7001,PO6577,None
E7001,Invoice9418,None
E3284,Invoice6182,None
E3284,Supplier20,None
E3284,Payment5884,None
E7959,PO541,None
E7959,Invoice4524,None
E8106,PO2090,None
E8106,GRN7862,None
E8106,Invoice4870,None
E1901,Invoice2888,None
E1901,Supplier4,None
E1901,Payment3907,None
E5844,PO109,None
E5844,Invoice3058,None
E6369,PO3316,None
E6369,GRN9294,None
E6369,Invoice1900,None
E173,Invoice3405,None
E173,Supplier46,None
E173,Payment3279,None
E1788,PO8344,None
E1788,GRN9415,None
E1788,Invoice9585,None
E2793,PO6459,None
E2793,Invoice4387,None
E7111,PO2703,None
E7111,Invoice9762,None
E7624,Invoice5126,None
E7624,Supplier16,None
E7624,Payment7711,None
E8207,PO1853,None
E8207,GRN4495,None
E8207,Invoice6866,None
E1582,PO5032,None
E1582,GRN1984,None
E1582,Invoice1482,None
E8179,PO8365,None
E8179,Invoice473,None
E3760,Invoice4121,None
E3760,Supplier22,None
E3760,Payment6787,None
E5222,PO6204,None
E5222,GRN4292,None
E5222,Invoice8442,None
E5368,PO3709,None
E5368,GRN7387,None
E5368,Invoice8776,None
E6350,PO2591,None
E6350,Invoice4839,None
E7002,PO6577,None
E7002,GRN184,None
E7002,Invoice9418,None
E980,PO9814,None
E980,GRN1847,None
E980,Invoice3324,None
E1346,PO89,None
E1346,GRN5864,None
E1346,Invoice4317,None
E5553,PO4633,None
E5553,Invoice9062,None
E8180,PO8365,None
E8180,GRN534,None
E8180,Invoice473,None
E1400,PO9552,None
E1400,GRN9108,None
E1400,Invoice2724,None
E5508,PO9488,None
E5508,Invoice5044,None
E6258,Invoice5951,None
E6258,Supplier1,None
E6258,Payment5207,None
E2530,PO6038,None
E2530,Invoice7343,None
E6940,Invoice7105,None
E6940,Supplier50,None
E6940,Payment7701,None
E7546,PO238,None
E7546,Invoice9907,None
E1601,Invoice7196,None
E1601,Supplier3,None
E1601,Payment6314,None
E7225,PO9477,None
E7225,Invoice4104,None
E1203,Invoice9338,None
E1203,Supplier37,None
E1203,Payment7148,None
E2068,Invoice7750,None
E2068,Supplier42,None
E2068,Payment119,None
E4911,Invoice1251,None
E4911,Supplier13,None
E4911,Payment5381,None
E6247,PO1877,None
E6247,Invoice712,None
E6485,PO5381,None
E6485,Invoice1741,None
E6539,PO1435,None
E6539,Invoice3799,None
E5909,Invoice8156,None
E5909,Supplier8,None
E5909,Payment7348,None
E6029,PO3639,None
E6029,GRN4822,None
E6029,Invoice8880,None
E7960,PO541,None
E7960,GRN3776,None
E7960,Invoice4524,None
E5010,PO5455,None
E5010,Invoice4060,None
E5140,Invoice5940,None
E5140,Supplier16,None
E5140,Payment276,None
E4080,PO7892,None
E4080,GRN2661,None
E4080,Invoice7548,None
E5845,PO109,None
E5845,GRN453,None
E5845,Invoice3058,None
E6351,PO2591,None
E6351,GRN1285,None
E6351,Invoice4839,None
E1437,Invoice433,None
E1437,Supplier3,None
E1437,Payment8120,None
E1881,PO9648,None
E1881,Invoice8517,None
E1891,PO4702,None
E1891,GRN865,None
E1891,Invoice5063,None
E5340,PO4573,None
E5340,Invoice3789,None
E6716,PO1318,None
E6716,Invoice7715,None
E4842,PO5670,None
E4842,Invoice61,None
E5554,PO4633,None
E5554,GRN8770,None
E5554,Invoice9062,None
E7348,Invoice9965,None
E7348,Supplier2,None
E7348,Payment2739,None
E7112,PO2703,None
E7112,GRN7500,None
E7112,Invoice9762,None
E7182,Invoice5645,None
E7182,Supplier33,None
E7182,Payment1568,None
E4862,Invoice2724,None
E4862,Supplier13,None
E4862,Payment5116,None
E5752,Invoice8695,None
E5752,Supplier18,None
E5752,Payment8891,None
E8051,Invoice108,None
E8051,Supplier43,None
E8051,Payment9917,None
E7735,PO6193,None
E7735,GRN5347,None
E7735,Invoice765,None
E5040,PO5078,None
E5040,GRN1896,None
E5040,Invoice9373,None
E6296,Invoice8981,None
E6296,Supplier30,None
E6296,Payment1378,None
E1328,PO7078,None
E1328,GRN9387,None
E1328,Invoice4296,None
E6717,PO1318,None
E6717,GRN3829,None
E6717,Invoice7715,None
E2808,Invoice8497,None
E2808,Supplier23,None
E2808,Payment9051,None
E5509,PO9488,None
E5509,GRN8482,None
E5509,Invoice5044,None
E4400,PO3302,None
E4400,Invoice8320,None
E8024,Invoice5651,None
E8024,Supplier28,None
E8024,Payment4316,None
E36,Invoice9410,None
E36,Supplier34,None
E36,Payment4959,None
E1908,PO8007,None
E1908,Invoice1183,None
E574,PO1077,None
E574,GRN1836,None
E574,Invoice7938,None
E1537,PO3848,None
E1537,GRN9794,None
E1537,Invoice8263,None
E7383,PO6636,None
E7383,GRN7637,None
E7383,Invoice3534,None
E7492,Invoice9431,None
E7492,Supplier35,None
E7492,Payment3092,None
E1882,PO9648,None
E1882,GRN6685,None
E1882,Invoice8517,None
E5351,Invoice4934,None
E5351,Supplier49,None
E5351,Payment3397,None
E8143,Invoice3605,None
E8143,Supplier5,None
E8143,Payment2403,None
E3228,Invoice9211,None
E3228,Supplier45,None
E3228,Payment9825,None
E5003,Invoice6006,None
E5003,Supplier11,None
E5003,Payment7553,None
E6577,Invoice6447,None
E6577,Supplier37,None
E6577,Payment8593,None
E1635,PO5660,None
E1635,Invoice3582,None
E2363,PO2124,None
E2363,GRN6506,None
E2363,Invoice5042,None
E6763,Invoice8190,None
E6763,Supplier6,None
E6763,Payment3109,None
E2512,PO795,None
E2512,Invoice4215,None
E3292,PO9585,None
E3292,GRN7808,None
E3292,Invoice234,None
E4786,PO1246,None
E4786,Invoice5843,None
E3120,Invoice8693,None
E3120,Supplier6,None
E3120,Payment9550,None
E1383,Invoice1943,None
E1383,Supplier27,None
E1383,Payment4722,None
E7077,Invoice6280,None
E7077,Supplier44,None
E7077,Payment3543,None
E1338,Invoice5002,None
E1338,Supplier29,None
E1338,Payment8029,None
E4303,Invoice4282,None
E4303,Supplier41,None
E4303,Payment5813,None
E1194,Invoice3823,None
E1194,Supplier39,None
E1194,Payment2923,None
E7095,Invoice2543,None
E7095,Supplier14,None
E7095,Payment3221,None
E6984,PO9352,None
E6984,GRN8105,None
E6984,Invoice2153,None
E7772,Invoice5779,None
E7772,Supplier49,None
E7772,Payment8794,None
E7547,PO238,None
E7547,GRN8577,None
E7547,Invoice9907,None
E4256,PO8222,None
E4256,Invoice5784,None
E6486,PO5381,None
E6486,GRN3287,None
E6486,Invoice1741,None
E4545,PO1610,None
E4545,GRN3591,None
E4545,Invoice8420,None
E5059,Invoice2136,None
E5059,Supplier1,None
E5059,Payment6591,None
E2531,PO6038,None
E2531,GRN1488,None
E2531,Invoice7343,None
E2794,PO6459,None
E2794,GRN1855,None
E2794,Invoice4387,None
E6248,PO1877,None
E6248,GRN656,None
E6248,Invoice712,None
E4257,PO8222,None
E4257,GRN377,None
E4257,Invoice5784,None
E5032,Invoice9457,None
E5032,Supplier14,None
E5032,Payment3997,None
E164,Invoice8686,None
E164,Supplier2,None
E164,Payment9105,None
E1212,Invoice9307,None
E1212,Supplier2,None
E1212,Payment2079,None
E3596,Invoice3097,None
E3596,Supplier14,None
E3596,Payment5172,None
E5341,PO4573,None
E5341,GRN3477,None
E5341,Invoice3789,None
E7226,PO9477,None
E7226,GRN3833,None
E7226,Invoice4104,None
E375,Invoice6933,None
E375,Supplier36,None
E375,Payment7897,None
E7997,Invoice9807,None
E7997,Supplier7,None
E7997,Payment5323,None
E4438,Invoice6688,None
E4438,Supplier42,None
E4438,Payment7240,None
E7012,Invoice7088,None
E7012,Supplier45,None
E7012,Payment3777,None
E1628,Invoice6695,None
E1628,Supplier46,None
E1628,Payment9659,None
E5302,PO7120,None
E5302,Invoice2761,None
E6597,Invoice2143,None
E6597,Supplier6,None
E6597,Payment9855,None
E8058,PO5441,None
E8058,Invoice4613,None
E3084,Invoice5100,None
E3084,Supplier25,None
E3084,Payment1244,None
E5761,Invoice5330,None
E5761,Supplier18,None
E5761,Payment6101,None
E6540,PO1435,None
E6540,GRN9480,None
E6540,Invoice3799,None
E530,Invoice7474,None
E530,Supplier23,None
E530,Payment2773,None
E1909,PO8007,None
E1909,GRN1720,None
E1909,Invoice1183,None
E4401,PO3302,None
E4401,GRN8164,None
E4401,Invoice8320,None
E4843,PO5670,None
E4843,GRN3302,None
E4843,Invoice61,None
E3821,PO7936,None
E3821,Invoice356,None
E5011,PO5455,None
E5011,GRN2743,None
E5011,Invoice4060,None
E1636,PO5660,None
E1636,GRN8673,None
E1636,Invoice3582,None
E2837,Invoice1012,None
E2837,Supplier27,None
E2837,Payment4565,None
E4873,Invoice6497,None
E4873,Supplier1,None
E4873,Payment7578,None
E308,Invoice8524,None
E308,Supplier32,None
E308,Payment3667,None
E2373,Invoice1315,None
E2373,Supplier46,None
E2373,Payment5964,None
E2513,PO795,None
E2513,GRN1609,None
E2513,Invoice4215,None
E5122,Invoice2740,None
E5122,Supplier40,None
E5122,Payment1189,None
E7916,Invoice551,None
E7916,Supplier32,None
E7916,Payment8018,None
E557,Invoice64,None
E557,Supplier27,None
E557,Payment6782,None
E5303,PO7120,None
E5303,GRN7688,None
E5303,Invoice2761,None
E8125,Invoice8414,None
E8125,Supplier28,None
E8125,Payment9679,None
E4787,PO1246,None
E4787,GRN8602,None
E4787,Invoice5843,None
E1939,Invoice2611,None
E1939,Supplier50,None
E1939,Payment5639,None
E8059,PO5441,None
E8059,GRN2756,None
E8059,Invoice4613,None
E8172,Invoice6483,None
E8172,Supplier23,None
E8172,Payment2367,None
E912,Invoice9290,None
E912,Supplier48,None
E912,Payment9812,None
E3822,PO7936,None
E3822,GRN8583,None
E3822,Invoice356,None
E638,Invoice6144,None
E638,Supplier6,None
E638,Payment9772,None
E4126,Invoice5124,None
E4126,Supplier9,None
E4126,Payment9167,None
E7245,Invoice7077,None
E7245,Supplier24,None
E7245,Payment9036,None
E1026,Invoice3891,None
E1026,Supplier24,None
E1026,Payment2945,None
E4685,Invoice5962,None
E4685,Supplier35,None
E4685,Payment5952,None
E3183,Invoice3900,None
E3183,Supplier40,None
E3183,Payment4854,None
E3688,Invoice4902,None
E3688,Supplier29,None
E3688,Payment2464,None
E4667,Invoice8995,None
E4667,Supplier2,None
E4667,Payment7258,None
E6745,Invoice3866,None
E6745,Supplier50,None
E6745,Payment9194,None
E6124,Invoice9738,None
E6124,Supplier34,None
E6124,Payment4853,None
E5584,Invoice9525,None
E5584,Supplier17,None
E5584,Payment8969,None
E5405,Invoice2279,None
E5405,Supplier44,None
E5405,Payment55,None
E45,Invoice1571,None
E45,Supplier6,None
E45,Payment3385,None
E2864,Invoice6487,None
E2864,Supplier43,None
E2864,Payment1547,None
E3524,Invoice6869,None
E3524,Supplier28,None
E3524,Payment8723,None
E1167,Invoice3468,None
E1167,Supplier4,None
E1167,Payment3856,None
E4117,Invoice2342,None
E4117,Supplier34,None
E4117,Payment7645,None
E155,Invoice3067,None
E155,Supplier24,None
E155,Payment8638,None
E1502,Invoice6604,None
E1502,Supplier13,None
E1502,Payment3517,None
E7447,Invoice5968,None
E7447,Supplier40,None
E7447,Payment8275,None
E8042,Invoice2114,None
E8042,Supplier49,None
E8042,Payment2426,None
E6039,Invoice3877,None
E6039,Supplier42,None
E6039,Payment2767,None
E6222,Invoice453,None
E6222,Supplier16,None
E6222,Payment2243,None
E972,Invoice7359,None
E972,Supplier15,None
E972,Payment3984,None
E344,Invoice4254,None
E344,Supplier17,None
E344,Payment7308,None
E8208,Invoice6866,None
E8208,Supplier44,None
E8208,Payment4988,None
E7557,Invoice7065,None
E7557,Supplier36,None
E7557,Payment866,None
E4806,Invoice2932,None
E4806,Supplier20,None
E4806,Payment2014,None
E7059,Invoice1110,None
E7059,Supplier11,None
E7059,Payment7132,None
E2079,Invoice3801,None
E2079,Supplier50,None
E2079,Payment3054,None
E6644,Invoice9038,None
E6644,Supplier7,None
E6644,Payment257,None
E6783,Invoice366,None
E6783,Supplier37,None
E6783,Payment5102,None
E2492,Invoice2299,None
E2492,Supplier48,None
E2492,Payment7213,None
E2624,Invoice40,None
E2624,Supplier11,None
E2624,Payment6217,None
E3147,Invoice9285,None
E3147,Supplier1,None
E3147,Payment9603,None
E4249,Invoice1729,None
E4249,Supplier12,None
E4249,Payment7285,None
E299,Invoice5317,None
E299,Supplier42,None
E299,Payment666,None
E4276,Invoice5188,None
E4276,Supplier49,None
E4276,Payment2492,None
E6736,Invoice7026,None
E6736,Supplier4,None
E6736,Payment56,None
E191,Invoice5006,None
E191,Supplier48,None
E191,Payment759,None
E6030,Invoice8880,None
E6030,Supplier7,None
E6030,Payment7649,None
E7961,Invoice4524,None
E7961,Supplier6,None
E7961,Payment5443,None
E1574,Invoice2212,None
E1574,Supplier30,None
E1574,Payment2249,None
E4766,Invoice7517,None
E4766,Supplier25,None
E4766,Payment9484,None
E2945,Invoice7080,None
E2945,Supplier2,None
E2945,Payment4885,None
E6801,Invoice8121,None
E6801,Supplier28,None
E6801,Payment1622,None
E8273,Invoice9035,None
E8273,Supplier19,None
E8273,Payment9665,None
E7041,Invoice8919,None
E7041,Supplier1,None
E7041,Payment3247,None
E2243,Invoice8077,None
E2243,Supplier31,None
E2243,Payment9540,None
E1055,Invoice8418,None
E1055,Supplier35,None
E1055,Payment8709,None
E2337,Invoice4985,None
E2337,Supplier3,None
E2337,Payment2235,None
E4108,Invoice1388,None
E4108,Supplier9,None
E4108,Payment4776,None
E1919,Invoice9553,None
E1919,Supplier22,None
E1919,Payment2556,None
E3257,Invoice9926,None
E3257,Supplier48,None
E3257,Payment3715,None
E4348,Invoice7229,None
E4348,Supplier50,None
E4348,Payment8869,None
E7781,Invoice2008,None
E7781,Supplier38,None
E7781,Payment6493,None
E6700,Invoice1934,None
E6700,Supplier32,None
E6700,Payment7647,None
E3832,Invoice3868,None
E3832,Supplier27,None
E3832,Payment9506,None
E7384,Invoice3534,None
E7384,Supplier27,None
E7384,Payment3107,None
E7889,Invoice7541,None
E7889,Supplier4,None
E7889,Payment6408,None
E5378,Invoice4451,None
E5378,Supplier23,None
E5378,Payment7804,None
E2021,Invoice7616,None
E2021,Supplier34,None
E2021,Payment9345,None
E7086,Invoice6853,None
E7086,Supplier30,None
E7086,Payment6742,None
E602,Invoice6994,None
E602,Supplier20,None
E602,Payment3142,None
E4191,Invoice254,None
E4191,Supplier30,None
E4191,Payment2352,None
E4797,Invoice8623,None
E4797,Supplier48,None
E4797,Payment976,None
E1266,Invoice5381,None
E1266,Supplier48,None
E1266,Payment6852,None
E3814,Invoice480,None
E3814,Supplier34,None
E3814,Payment2282,None
E4200,Invoice1351,None
E4200,Supplier39,None
E4200,Payment5867,None
E2483,Invoice1355,None
E2483,Supplier4,None
E2483,Payment2310,None
E7790,Invoice6677,None
E7790,Supplier39,None
E7790,Payment6497,None
E6249,Invoice712,None
E6249,Supplier2,None
E6249,Payment8234,None
E4384,Invoice1414,None
E4384,Supplier27,None
E4384,Payment7660,None
E7330,Invoice4659,None
E7330,Supplier29,None
E7330,Payment4944,None
E1248,Invoice6814,None
E1248,Supplier17,None
E1248,Payment777,None
E7411,Invoice3934,None
E7411,Supplier37,None
E7411,Payment4136,None
E4229,Invoice8423,None
E4229,Supplier15,None
E4229,Payment4268,None
E5669,Invoice5840,None
E5669,Supplier41,None
E5669,Payment1100,None
E3796,Invoice9086,None
E3796,Supplier25,None
E3796,Payment4486,None
E4564,Invoice4439,None
E4564,Supplier34,None
E4564,Payment4698,None
E6505,Invoice2132,None
E6505,Supplier16,None
E6505,Payment4030,None
E7512,Invoice2518,None
E7512,Supplier17,None
E7512,Payment9766,None
E3697,Invoice1439,None
E3697,Supplier37,None
E3697,Payment1114,None
E3724,Invoice5667,None
E3724,Supplier23,None
E3724,Payment2159,None
E4402,Invoice8320,None
E4402,Supplier47,None
E4402,Payment9479,None
E4844,Invoice61,None
E4844,Supplier19,None
E4844,Payment451,None
E2447,Invoice9877,None
E2447,Supplier16,None
E2447,Payment8236,None
E3661,Invoice1218,None
E3661,Supplier44,None
E3661,Payment7010,None
E5432,Invoice5328,None
E5432,Supplier36,None
E5432,Payment8611,None
E4209,Invoice3494,None
E4209,Supplier38,None
E4209,Payment5761,None
E7745,Invoice7266,None
E7745,Supplier23,None
E7745,Payment4523,None
E6287,Invoice9368,None
E6287,Supplier3,None
E6287,Payment4214,None
E7501,Invoice6475,None
E7501,Supplier16,None
E7501,Payment2010,None
E4853,Invoice2736,None
E4853,Supplier2,None
E4853,Payment5347,None
E5573,Invoice1919,None
E5573,Supplier34,None
E5573,Payment5561,None
E954,Invoice7098,None
E954,Supplier34,None
E954,Payment5449,None
E2846,Invoice4448,None
E2846,Supplier28,None
E2846,Payment4913,None
E7862,Invoice2051,None
E7862,Supplier20,None
E7862,Payment2539,None
E3439,Invoice9813,None
E3439,Supplier38,None
E3439,Payment6604,None
E3102,Invoice251,None
E3102,Supplier23,None
E3102,Payment151,None
E6523,Invoice3727,None
E6523,Supplier41,None
E6523,Payment4567,None
E2577,Invoice9299,None
E2577,Supplier28,None
E2577,Payment8164,None
E7274,Invoice3736,None
E7274,Supplier38,None
E7274,Payment4908,None
E2768,Invoice3844,None
E2768,Supplier49,None
E2768,Payment9041,None
E1856,Invoice1272,None
E1856,Supplier28,None
E1856,Payment1756,None
E393,Invoice6696,None
E393,Supplier46,None
E393,Payment7245,None
E8282,Invoice2573,None
E8282,Supplier6,None
E8282,Payment474,None
E6361,Invoice1597,None
E6361,Supplier11,None
E6361,Payment9653,None
E2965,Invoice7161,None
E2965,Supplier21,None
E2965,Payment5503,None
E6653,Invoice4326,None
E6653,Supplier10,None
E6653,Payment8959,None
E2474,Invoice5095,None
E2474,Supplier1,None
E2474,Payment5612,None
E72,Invoice5206,None
E72,Supplier13,None
E72,Payment290,None
E5819,Invoice8774,None
E5819,Supplier31,None
E5819,Payment8452,None
E5689,Invoice5218,None
E5689,Supplier19,None
E5689,Payment7696,None
E6370,Invoice1900,None
E6370,Supplier24,None
E6370,Payment3,None
E1185,Invoice4647,None
E1185,Supplier37,None
E1185,Payment4603,None
E254,Invoice3257,None
E254,Supplier37,None
E254,Payment2449,None
E7003,Invoice9418,None
E7003,Supplier6,None
E7003,Payment6079,None
E9,Invoice8363,None
E9,Supplier14,None
E9,Payment4833,None
E1838,Invoice1523,None
E1838,Supplier30,None
E1838,Payment981,None
E2436,Invoice5934,None
E2436,Supplier41,None
E2436,Payment9561,None
E3466,Invoice2969,None
E3466,Supplier3,None
E3466,Payment4359,None
E981,Invoice3324,None
E981,Supplier7,None
E981,Payment3669,None
E8181,Invoice473,None
E8181,Supplier19,None
E8181,Payment907,None
E3066,Invoice9506,None
E3066,Supplier34,None
E3066,Payment6957,None
E7465,Invoice9644,None
E7465,Supplier46,None
E7465,Payment6439,None
E3457,Invoice266,None
E3457,Supplier44,None
E3457,Payment4434,None
E6913,Invoice4420,None
E6913,Supplier42,None
E6913,Payment5011,None
E5743,Invoice8452,None
E5743,Supplier4,None
E5743,Payment768,None
E7736,Invoice765,None
E7736,Supplier12,None
E7736,Payment4311,None
E3931,Invoice8344,None
E3931,Supplier35,None
E3931,Payment1282,None
E4721,Invoice4478,None
E4721,Supplier8,None
E4721,Payment7314,None
E963,Invoice6718,None
E963,Supplier8,None
E963,Payment8449,None
E6278,Invoice4102,None
E6278,Supplier33,None
E6278,Payment6401,None
E1592,Invoice7938,None
E1592,Supplier46,None
E1592,Payment8012,None
E3201,Invoice7681,None
E3201,Supplier12,None
E3201,Payment6706,None
E2115,Invoice5378,None
E2115,Supplier41,None
E2115,Payment2130,None
E3365,Invoice1224,None
E3365,Supplier5,None
E3365,Payment8507,None
E5468,Invoice9937,None
E5468,Supplier42,None
E5468,Payment9457,None
E1798,Invoice9376,None
E1798,Supplier26,None
E1798,Payment4615,None
E7754,Invoice6882,None
E7754,Supplier2,None
E7754,Payment5714,None
E566,Invoice3498,None
E566,Supplier18,None
E566,Payment5309,None
E1374,Invoice7789,None
E1374,Supplier6,None
E1374,Payment6343,None
E1977,Invoice5746,None
E1977,Supplier6,None
E1977,Payment2066,None
E7548,Invoice9907,None
E7548,Supplier23,None
E7548,Payment7021,None
E5196,Invoice4296,None
E5196,Supplier32,None
E5196,Payment9653,None
E3311,Invoice3104,None
E3311,Supplier10,None
E3311,Payment9795,None
E7799,Invoice6233,None
E7799,Supplier22,None
E7799,Payment9557,None
E858,Invoice6572,None
E858,Supplier7,None
E858,Payment3404,None
E5167,Invoice9222,None
E5167,Supplier37,None
E5167,Payment4861,None
E2382,Invoice3722,None
E2382,Supplier49,None
E2382,Payment3791,None
E4411,Invoice3436,None
E4411,Supplier3,None
E4411,Payment8120,None
E4647,Invoice8943,None
E4647,Supplier16,None
E4647,Payment1566,None
E1865,Invoice7717,None
E1865,Supplier25,None
E1865,Payment9214,None
E3987,Invoice9529,None
E3987,Supplier38,None
E3987,Payment4627,None
E411,Invoice4622,None
E411,Supplier44,None
E411,Payment3046,None
E3506,Invoice35,None
E3506,Supplier14,None
E3506,Payment6470,None
E2162,Invoice8362,None
E2162,Supplier37,None
E2162,Payment9660,None
E3787,Invoice5487,None
E3787,Supplier8,None
E3787,Payment167,None
E4005,Invoice4217,None
E4005,Supplier20,None
E4005,Payment9763,None
E620,Invoice3062,None
E620,Supplier42,None
E620,Payment4541,None
E8152,Invoice6700,None
E8152,Supplier41,None
E8152,Payment838,None
E6541,Invoice3799,None
E6541,Supplier41,None
E6541,Payment3059,None
E81,Invoice5448,None
E81,Supplier47,None
E81,Payment1110,None
E3623,Invoice7983,None
E3623,Supplier35,None
E3623,Payment3970,None
E584,Invoice7373,None
E584,Supplier36,None
E584,Payment2048,None
E2633,Invoice4702,None
E2633,Supplier9,None
E2633,Payment3222,None
E5304,Invoice2761,None
E5304,Supplier16,None
E5304,Payment310,None
E1511,Invoice4661,None
E1511,Supplier7,None
E1511,Payment8154,None
E4833,Invoice4553,None
E4833,Supplier4,None
E4833,Payment5763,None
E3940,Invoice817,None
E3940,Supplier48,None
E3940,Payment394,None
E272,Invoice2139,None
E272,Supplier49,None
E272,Payment373,None
E3374,Invoice6626,None
E3374,Supplier26,None
E3374,Payment7902,None
E7566,Invoice2561,None
E7566,Supplier40,None
E7566,Payment4738,None
E2642,Invoice1019,None
E2642,Supplier35,None
E2642,Payment9727,None
E7808,Invoice2454,None
E7808,Supplier27,None
E7808,Payment1781,None
E5113,Invoice9487,None
E5113,Supplier36,None
E5113,Payment8890,None
E7068,Invoice2352,None
E7068,Supplier5,None
E7068,Payment3940,None
E7200,Invoice4746,None
E7200,Supplier13,None
E7200,Payment4583,None
E8190,Invoice1712,None
E8190,Supplier31,None
E8190,Payment7638,None
E1948,Invoice2941,None
E1948,Supplier18,None
E1948,Payment4947,None
E3430,Invoice6958,None
E3430,Supplier27,None
E3430,Payment5997,None
E6617,Invoice5939,None
E6617,Supplier30,None
E6617,Payment1804,None
E818,Invoice402,None
E818,Supplier2,None
E818,Payment3173,None
E6709,Invoice3574,None
E6709,Supplier25,None
E6709,Payment4475,None
E6095,Invoice8085,None
E6095,Supplier25,None
E6095,Payment427,None
E2465,Invoice8505,None
E2465,Supplier7,None
E2465,Payment4047,None
E3093,Invoice3264,None
E3093,Supplier34,None
E3093,Payment2023,None
E3385,Invoice8469,None
E3385,Supplier43,None
E3385,Payment6819,None
E3578,Invoice9169,None
E3578,Supplier46,None
E3578,Payment7373,None
E1347,Invoice4317,None
E1347,Supplier45,None
E1347,Payment785,None
E1675,Invoice3424,None
E1675,Supplier10,None
E1675,Payment695,None
E5810,Invoice2289,None
E5810,Supplier19,None
E5810,Payment4212,None
E218,Invoice9926,None
E218,Supplier3,None
E218,Payment8315,None
E4456,Invoice9688,None
E4456,Supplier24,None
E4456,Payment6958,None
E4627,Invoice9478,None
E4627,Supplier10,None
E4627,Payment7485,None
E227,Invoice4826,None
E227,Supplier19,None
E227,Payment6441,None
E384,Invoice2924,None
E384,Supplier41,None
E384,Payment4058,None
E5945,Invoice9476,None
E5945,Supplier7,None
E5945,Payment1310,None
E4366,Invoice2125,None
E4366,Supplier33,None
E4366,Payment6664,None
E2568,Invoice6224,None
E2568,Supplier19,None
E2568,Payment916,None
E3165,Invoice182,None
E3165,Supplier16,None
E3165,Payment4115,None
E3742,Invoice171,None
E3742,Supplier37,None
E3742,Payment5692,None
E4173,Invoice2692,None
E4173,Supplier25,None
E4173,Payment1311,None
E2106,Invoice1950,None
E2106,Supplier38,None
E2106,Payment1217,None
E6886,Invoice7341,None
E6886,Supplier37,None
E6886,Payment7204,None
E4967,Invoice7665,None
E4967,Supplier48,None
E4967,Payment495,None
E2615,Invoice4555,None
E2615,Supplier35,None
E2615,Payment5892,None
E2207,Invoice5264,None
E2207,Supplier33,None
E2207,Payment7105,None
E7615,Invoice300,None
E7615,Supplier32,None
E7615,Payment9285,None
E2198,Invoice9055,None
E2198,Supplier11,None
E2198,Payment4459,None
E6949,Invoice3713,None
E6949,Supplier15,None
E6949,Payment379,None
E575,Invoice7938,None
E575,Supplier5,None
E575,Payment9744,None
E1538,Invoice8263,None
E1538,Supplier16,None
E1538,Payment6259,None
E6514,Invoice4222,None
E6514,Supplier13,None
E6514,Payment9573,None
E7970,Invoice9178,None
E7970,Supplier13,None
E7970,Payment2457,None
E5678,Invoice2371,None
E5678,Supplier36,None
E5678,Payment4839,None
E8033,Invoice6913,None
E8033,Supplier2,None
E8033,Payment5766,None
E7880,Invoice3913,None
E7880,Supplier8,None
E7880,Payment3899,None
E6691,Invoice4627,None
E6691,Supplier44,None
E6691,Payment5890,None
E3484,Invoice4773,None
E3484,Supplier22,None
E3484,Payment4069,None
E6839,Invoice5647,None
E6839,Supplier40,None
E6839,Payment8497,None
E2270,Invoice7270,None
E2270,Supplier19,None
E2270,Payment5882,None
E5414,Invoice1565,None
E5414,Supplier14,None
E5414,Payment9707,None
E8134,Invoice630,None
E8134,Supplier47,None
E8134,Payment5996,None
E1046,Invoice3975,None
E1046,Supplier46,None
E1046,Payment8250,None
E3960,Invoice9758,None
E3960,Supplier30,None
E3960,Payment8238,None
E6877,Invoice3417,None
E6877,Supplier31,None
E6877,Payment143,None
E5537,Invoice5848,None
E5537,Supplier7,None
E5537,Payment6324,None
E7050,Invoice1359,None
E7050,Supplier13,None
E7050,Payment1006,None
E8015,Invoice5000,None
E8015,Supplier25,None
E8015,Payment3290,None
E1008,Invoice4160,None
E1008,Supplier50,None
E1008,Payment2883,None
E611,Invoice9194,None
E611,Supplier43,None
E611,Payment7277,None
E1037,Invoice1307,None
E1037,Supplier26,None
E1037,Payment5065,None
E737,Invoice4261,None
E737,Supplier43,None
E737,Payment4706,None
E2732,Invoice2112,None
E2732,Supplier2,None
E2732,Payment9836,None
E5241,Invoice7856,None
E5241,Supplier29,None
E5241,Payment6982,None
E782,Invoice5499,None
E782,Supplier26,None
E782,Payment8360,None
E4429,Invoice3464,None
E4429,Supplier43,None
E4429,Payment2223,None
E3338,Invoice7535,None
E3338,Supplier18,None
E3338,Payment2523,None
E7375,Invoice3801,None
E7375,Supplier30,None
E7375,Payment3352,None
E1017,Invoice2102,None
E1017,Supplier31,None
E1017,Payment8880,None
E6772,Invoice3642,None
E6772,Supplier34,None
E6772,Payment778,None
E1475,Invoice2976,None
E1475,Supplier45,None
E1475,Payment3007,None
E1693,Invoice2542,None
E1693,Supplier48,None
E1693,Payment9472,None
E943,Invoice9541,None
E943,Supplier33,None
E943,Payment475,None
E429,Invoice5385,None
E429,Supplier8,None
E429,Payment4772,None
E3996,Invoice7490,None
E3996,Supplier23,None
E3996,Payment7646,None
E1275,Invoice24,None
E1275,Supplier1,None
E1275,Payment4680,None
E3706,Invoice1967,None
E3706,Supplier5,None
E3706,Payment6066,None
E2261,Invoice9358,None
E2261,Supplier6,None
E2261,Payment7325,None
E5501,Invoice7011,None
E5501,Supplier18,None
E5501,Payment2197,None
E2660,Invoice4260,None
E2660,Supplier10,None
E2660,Payment7789,None
E4748,Invoice4517,None
E4748,Supplier26,None
E4748,Payment7783,None
E6469,Invoice1677,None
E6469,Supplier41,None
E6469,Payment903,None
E3057,Invoice4757,None
E3057,Supplier28,None
E3057,Payment3320,None
E7171,Invoice7559,None
E7171,Supplier47,None
E7171,Payment495,None
E7988,Invoice3071,None
E7988,Supplier12,None
E7988,Payment7049,None
E6682,Invoice1549,None
E6682,Supplier27,None
E6682,Payment5391,None
E4375,Invoice3223,None
E4375,Supplier26,None
E4375,Payment8674,None
E8069,Invoice9370,None
E8069,Supplier31,None
E8069,Payment3125,None
E6931,Invoice4457,None
E6931,Supplier8,None
E6931,Payment1268,None
E2891,Invoice6057,None
E2891,Supplier37,None
E2891,Payment5151,None
E1073,Invoice868,None
E1073,Supplier4,None
E1073,Payment5161,None
E2144,Invoice755,None
E2144,Supplier15,None
E2144,Payment2107,None
E5333,Invoice4253,None
E5333,Supplier3,None
E5333,Payment3978,None
E200,Invoice2496,None
E200,Supplier43,None
E200,Payment9772,None
E764,Invoice9422,None
E764,Supplier32,None
E764,Payment8553,None
E6727,Invoice7523,None
E6727,Supplier34,None
E6727,Payment7432,None
E1455,Invoice5547,None
E1455,Supplier33,None
E1455,Payment1207,None
E3210,Invoice603,None
E3210,Supplier3,None
E3210,Payment1264,None
E2400,Invoice2764,None
E2400,Supplier1,None
E2400,Payment1862,None
E7236,Invoice457,None
E7236,Supplier49,None
E7236,Payment8138,None
E1726,Invoice4406,None
E1726,Supplier38,None
E1726,Payment1576,None
E3769,Invoice4130,None
E3769,Supplier42,None
E3769,Payment4012,None
E4036,Invoice3603,None
E4036,Supplier43,None
E4036,Payment4306,None
E7153,Invoice3045,None
E7153,Supplier23,None
E7153,Payment5812,None
E7718,Invoice9967,None
E7718,Supplier20,None
E7718,Payment599,None
E6568,Invoice755,None
E6568,Supplier22,None
E6568,Payment9748,None
E6922,Invoice6042,None
E6922,Supplier49,None
E6922,Payment1711,None
E3394,Invoice7817,None
E3394,Supplier13,None
E3394,Payment7309,None
E7357,Invoice151,None
E7357,Supplier37,None
E7357,Payment6495,None
E5770,Invoice9788,None
E5770,Supplier10,None
E5770,Payment274,None
E1789,Invoice9585,None
E1789,Supplier42,None
E1789,Payment835,None
E3219,Invoice6118,None
E3219,Supplier43,None
E3219,Payment1566,None
E999,Invoice3492,None
E999,Supplier34,None
E999,Payment8264,None
E7539,Invoice82,None
E7539,Supplier19,None
E7539,Payment1523,None
E665,Invoice3003,None
E665,Supplier27,None
E665,Payment3809,None
E7321,Invoice7551,None
E7321,Supplier20,None
E7321,Payment4609,None
E6106,Invoice1864,None
E6106,Supplier35,None
E6106,Payment3691,None
E3475,Invoice5983,None
E3475,Supplier50,None
E3475,Payment1568,None
E6994,Invoice1362,None
E6994,Supplier43,None
E6994,Payment2194,None
E18,Invoice4687,None
E18,Supplier46,None
E18,Payment350,None
E3448,Invoice3207,None
E3448,Supplier46,None
E3448,Payment27,None
E7817,Invoice593,None
E7817,Supplier10,None
E7817,Payment114,None
E2234,Invoice1784,None
E2234,Supplier22,None
E2234,Payment4639,None
E3778,Invoice7548,None
E3778,Supplier36,None
E3778,Payment3060,None
E5259,Invoice6329,None
E5259,Supplier36,None
E5259,Payment5060,None
E7393,Invoice4421,None
E7393,Supplier41,None
E7393,Payment2894,None
E6857,Invoice8843,None
E6857,Supplier10,None
E6857,Payment4034,None
E90,Invoice1980,None
E90,Supplier28,None
E90,Payment8086,None
E1556,Invoice3710,None
E1556,Supplier50,None
E1556,Payment9711,None
E4090,Invoice4748,None
E4090,Supplier16,None
E4090,Payment7626,None
E6195,Invoice6903,None
E6195,Supplier42,None
E6195,Payment3573,None
E7209,Invoice5069,None
E7209,Supplier28,None
E7209,Payment6503,None
E4146,Invoice4011,None
E4146,Supplier47,None
E4146,Payment4493,None
E5149,Invoice37,None
E5149,Supplier17,None
E5149,Payment9909,None
E5640,Invoice3558,None
E5640,Supplier19,None
E5640,Payment4415,None
E2050,Invoice2780,None
E2050,Supplier32,None
E2050,Payment2401,None
E3913,Invoice2591,None
E3913,Supplier14,None
E3913,Payment4262,None
E5205,Invoice7937,None
E5205,Supplier25,None
E5205,Payment3527,None
E2882,Invoice7282,None
E2882,Supplier14,None
E2882,Payment2460,None
E4519,Invoice5917,None
E4519,Supplier10,None
E4519,Payment7028,None
E3715,Invoice6446,None
E3715,Supplier37,None
E3715,Payment5185,None
E1329,Invoice4296,None
E1329,Supplier1,None
E1329,Payment9183,None
E6718,Invoice7715,None
E6718,Supplier49,None
E6718,Payment8840,None
E5651,Invoice1992,None
E5651,Supplier49,None
E5651,Payment9645,None
E1684,Invoice8870,None
E1684,Supplier45,None
E1684,Payment6097,None
E1158,Invoice2540,None
E1158,Supplier41,None
E1158,Payment3455,None
E5050,Invoice2413,None
E5050,Supplier37,None
E5050,Payment1581,None
E4182,Invoice3682,None
E4182,Supplier7,None
E4182,Payment7639,None
E1708,Invoice4619,None
E1708,Supplier18,None
E1708,Payment2394,None
E2786,Invoice8350,None
E2786,Supplier43,None
E2786,Payment778,None
E5613,Invoice2909,None
E5613,Supplier26,None
E5613,Payment4226,None
E3542,Invoice863,None
E3542,Supplier24,None
E3542,Payment4041,None
E3670,Invoice695,None
E3670,Supplier28,None
E3670,Payment1262,None
E5387,Invoice6651,None
E5387,Supplier47,None
E5387,Payment2339,None
E5528,Invoice7285,None
E5528,Supplier35,None
E5528,Payment7979,None
E3587,Invoice8895,None
E3587,Supplier37,None
E3587,Payment6248,None
E1464,Invoice7384,None
E1464,Supplier47,None
E1464,Payment5792,None
E5799,Invoice8912,None
E5799,Supplier26,None
E5799,Payment5874,None
E5158,Invoice8342,None
E5158,Supplier16,None
E5158,Payment1665,None
E126,Invoice567,None
E126,Supplier1,None
E126,Payment3114,None
E521,Invoice698,None
E521,Supplier35,None
E521,Payment8037,None
E4920,Invoice6259,None
E4920,Supplier35,None
E4920,Payment5300,None
E4501,Invoice4465,None
E4501,Supplier41,None
E4501,Payment7215,None
E5707,Invoice238,None
E5707,Supplier30,None
E5707,Payment3511,None
E3569,Invoice7301,None
E3569,Supplier33,None
E3569,Payment9926,None
E7402,Invoice9040,None
E7402,Supplier33,None
E7402,Payment9047,None
E1753,Invoice1668,None
E1753,Supplier23,None
E1753,Payment4720,None
E4573,Invoice216,None
E4573,Supplier28,None
E4573,Payment3678,None
E108,Invoice5999,None
E108,Supplier45,None
E108,Payment1504,None
E1619,Invoice5041,None
E1619,Supplier15,None
E1619,Payment1708,None
E2088,Invoice2228,None
E2088,Supplier26,None
E2088,Payment6352,None
E5985,Invoice8846,None
E5985,Supplier48,None
E5985,Payment2471,None
E5927,Invoice4404,None
E5927,Supplier8,None
E5927,Payment7788,None
E1230,Invoice9476,None
E1230,Supplier10,None
E1230,Payment5305,None
E7429,Invoice8680,None
E7429,Supplier5,None
E7429,Payment9469,None
E2391,Invoice5392,None
E2391,Supplier14,None
E2391,Payment8877,None
E539,Invoice7039,None
E539,Supplier45,None
E539,Payment5305,None
E934,Invoice7128,None
E934,Supplier32,None
E934,Payment1953,None
E7898,Invoice9901,None
E7898,Supplier21,None
E7898,Payment6446,None
E5423,Invoice1121,None
E5423,Supplier3,None
E5423,Payment9640,None
E3652,Invoice4693,None
E3652,Supplier45,None
E3652,Payment4205,None
E2974,Invoice8807,None
E2974,Supplier2,None
E2974,Payment6103,None
E8246,Invoice6593,None
E8246,Supplier2,None
E8246,Payment1474,None
E3641,Invoice4972,None
E3641,Supplier14,None
E3641,Payment3199,None
E2456,Invoice5258,None
E2456,Supplier23,None
E2456,Payment588,None
E6810,Invoice1111,None
E6810,Supplier35,None
E6810,Payment759,None
E2288,Invoice3953,None
E2288,Supplier33,None
E2288,Payment4409,None
E4072,Invoice8132,None
E4072,Supplier3,None
E4072,Payment6328,None
E6478,Invoice6772,None
E6478,Supplier10,None
E6478,Payment7465,None
E6586,Invoice4284,None
E6586,Supplier34,None
E6586,Payment6305,None
E7474,Invoice2663,None
E7474,Supplier34,None
E7474,Payment7471,None
E7483,Invoice2171,None
E7483,Supplier22,None
E7483,Payment5027,None
E2606,Invoice6810,None
E2606,Supplier6,None
E2606,Payment8967,None
E5725,Invoice2024,None
E5725,Supplier20,None
E5725,Payment4065,None
E6424,Invoice4052,None
E6424,Supplier27,None
E6424,Payment666,None
E2032,Invoice2637,None
E2032,Supplier38,None
E2032,Payment4016,None
E593,Invoice2467,None
E593,Supplier46,None
E593,Payment6075,None
E7700,Invoice9923,None
E7700,Supplier25,None
E7700,Payment585,None
E3886,Invoice6328,None
E3886,Supplier43,None
E3886,Payment5734,None
E1657,Invoice3179,None
E1657,Supplier11,None
E1657,Payment4322,None
E1874,Invoice7743,None
E1874,Supplier31,None
E1874,Payment7016,None
E746,Invoice7721,None
E746,Supplier18,None
E746,Payment813,None
E3533,Invoice7717,None
E3533,Supplier7,None
E3533,Payment7669,None
E5068,Invoice8611,None
E5068,Supplier10,None
E5068,Payment8242,None
E5295,Invoice4507,None
E5295,Supplier39,None
E5295,Payment9354,None
E2550,Invoice4121,None
E2550,Supplier32,None
E2550,Payment6232,None
E3495,Invoice5765,None
E3495,Supplier22,None
E3495,Payment84,None
E5077,Invoice6854,None
E5077,Supplier8,None
E5077,Payment7455,None
E474,Invoice1554,None
E474,Supplier19,None
E474,Payment5106,None
E3075,Invoice665,None
E3075,Supplier39,None
E3075,Payment6267,None
E8199,Invoice821,None
E8199,Supplier41,None
E8199,Payment9641,None
E245,Invoice6981,None
E245,Supplier18,None
E245,Payment8757,None
E1827,Invoice3520,None
E1827,Supplier9,None
E1827,Payment7012,None
E5510,Invoice5044,None
E5510,Supplier21,None
E5510,Payment3222,None
E6343,Invoice2942,None
E6343,Supplier30,None
E6343,Payment805,None
E1091,Invoice5545,None
E1091,Supplier1,None
E1091,Payment4494,None
E6021,Invoice9137,None
E6021,Supplier44,None
E6021,Payment2038,None
E4447,Invoice8427,None
E4447,Supplier9,None
E4447,Payment4161,None
E3969,Invoice8912,None
E3969,Supplier35,None
E3969,Payment8748,None
E2723,Invoice3500,None
E2723,Supplier25,None
E2723,Payment3313,None
E7826,Invoice2101,None
E7826,Supplier13,None
E7826,Payment2892,None
E2310,Invoice314,None
E2310,Supplier17,None
E2310,Payment8764,None
E7763,Invoice9054,None
E7763,Supplier21,None
E7763,Payment5945,None
E990,Invoice9226,None
E990,Supplier16,None
E990,Payment3126,None
E263,Invoice2509,None
E263,Supplier8,None
E263,Payment9696,None
E2696,Invoice8052,None
E2696,Supplier14,None
E2696,Payment9150,None
E4546,Invoice8420,None
E4546,Supplier40,None
E4546,Payment7498,None
E2795,Invoice4387,None
E2795,Supplier4,None
E2795,Payment549,None
E1565,Invoice5678,None
E1565,Supplier16,None
E1565,Payment6413,None
E4618,Invoice7766,None
E4618,Supplier5,None
E4618,Payment6859,None
E4676,Invoice9282,None
E4676,Supplier32,None
E4676,Payment9033,None
E7586,Invoice6168,None
E7586,Supplier46,None
E7586,Payment6402,None
E6406,Invoice4615,None
E6406,Supplier26,None
E6406,Payment627,None
E4591,Invoice6112,None
E4591,Supplier28,None
E4591,Payment7575,None
E2501,Invoice1370,None
E2501,Supplier6,None
E2501,Payment2736,None
E728,Invoice6621,None
E728,Supplier2,None
E728,Payment9455,None
E5315,Invoice4351,None
E5315,Supplier26,None
E5315,Payment276,None
E5882,Invoice5496,None
E5882,Supplier11,None
E5882,Payment5438,None
E5967,Invoice217,None
E5967,Supplier43,None
E5967,Payment9972,None
E2171,Invoice4716,None
E2171,Supplier4,None
E2171,Payment185,None
E2180,Invoice4370,None
E2180,Supplier7,None
E2180,Payment5658,None
E2983,Invoice1784,None
E2983,Supplier9,None
E2983,Payment817,None
E7032,Invoice7622,None
E7032,Supplier24,None
E7032,Payment7061,None
E4555,Invoice3921,None
E4555,Supplier12,None
E4555,Payment9143,None
E7312,Invoice3927,None
E7312,Supplier2,None
E7312,Payment2817,None
E2346,Invoice2309,None
E2346,Supplier24,None
E2346,Payment5151,None
E4474,Invoice5527,None
E4474,Supplier5,None
E4474,Payment1840,None
E7635,Invoice6163,None
E7635,Supplier13,None
E7635,Payment6294,None
E656,Invoice6667,None
E656,Supplier1,None
E656,Payment884,None
E1493,Invoice2122,None
E1493,Supplier43,None
E1493,Payment2022,None
E7104,Invoice5894,None
E7104,Supplier43,None
E7104,Payment1688,None
E2427,Invoice3590,None
E2427,Supplier34,None
E2427,Payment6190,None
E4976,Invoice3540,None
E4976,Supplier46,None
E4976,Payment6374,None
E7420,Invoice7868,None
E7420,Supplier6,None
E7420,Payment6341,None
E7979,Invoice3583,None
E7979,Supplier44,None
E7979,Payment6849,None
E719,Invoice7716,None
E719,Supplier43,None
E719,Payment9270,None
E2714,Invoice342,None
E2714,Supplier29,None
E2714,Payment7488,None
E4027,Invoice2452,None
E4027,Supplier42,None
E4027,Payment6135,None
E402,Invoice9370,None
E402,Supplier37,None
E402,Payment8503,None
E6325,Invoice6764,None
E6325,Supplier40,None
E6325,Payment4849,None
E7844,Invoice7890,None
E7844,Supplier36,None
E7844,Payment4856,None
E5450,Invoice9049,None
E5450,Supplier14,None
E5450,Payment4977,None
E692,Invoice5473,None
E692,Supplier22,None
E692,Payment807,None
E7438,Invoice3152,None
E7438,Supplier41,None
E7438,Payment7998,None
E4947,Invoice2507,None
E4947,Supplier23,None
E4947,Payment8889,None
E3733,Invoice944,None
E3733,Supplier44,None
E3733,Payment1985,None
E5734,Invoice7380,None
E5734,Supplier44,None
E5734,Payment4374,None
E494,Invoice3969,None
E494,Supplier1,None
E494,Payment1174,None
E5286,Invoice8170,None
E5286,Supplier13,None
E5286,Payment5438,None
E6048,Invoice3928,None
E6048,Supplier33,None
E6048,Payment266,None
E4994,Invoice7206,None
E4994,Supplier49,None
E4994,Payment5524,None
E2355,Invoice2009,None
E2355,Supplier15,None
E2355,Payment7566,None
E99,Invoice9437,None
E99,Supplier5,None
E99,Payment3231,None
E7162,Invoice9005,None
E7162,Supplier25,None
E7162,Payment2443,None
E7662,Invoice2986,None
E7662,Supplier15,None
E7662,Payment3436,None
E5837,Invoice655,None
E5837,Supplier47,None
E5837,Payment2830,None
E5546,Invoice5728,None
E5546,Supplier4,None
E5546,Payment2139,None
E629,Invoice435,None
E629,Supplier13,None
E629,Payment4768,None
E3515,Invoice9259,None
E3515,Supplier19,None
E3515,Payment5135,None
E6819,Invoice1317,None
E6819,Supplier9,None
E6819,Payment3285,None
E2595,Invoice9505,None
E2595,Supplier11,None
E2595,Payment5622,None
E3850,Invoice7178,None
E3850,Supplier13,None
E3850,Payment4511,None
E4609,Invoice4174,None
E4609,Supplier41,None
E4609,Payment6222,None
E3868,Invoice124,None
E3868,Supplier1,None
E3868,Payment635,None
E3877,Invoice9274,None
E3877,Supplier24,None
E3877,Payment9467,None
E3421,Invoice7776,None
E3421,Supplier30,None
E3421,Payment8544,None
E5779,Invoice4972,None
E5779,Supplier46,None
E5779,Payment3485,None
E6314,Invoice2655,None
E6314,Supplier50,None
E6314,Payment4927,None
E8089,Invoice3358,None
E8089,Supplier38,None
E8089,Payment1798,None
E6077,Invoice7172,None
E6077,Supplier43,None
E6077,Payment9806,None
E1892,Invoice5063,None
E1892,Supplier29,None
E1892,Payment103,None
E674,Invoice7256,None
E674,Supplier17,None
E674,Payment7971,None
E1529,Invoice7982,None
E1529,Supplier26,None
E1529,Payment5036,None
E7853,Invoice7632,None
E7853,Supplier18,None
E7853,Payment8682,None
E6305,Invoice2507,None
E6305,Supplier40,None
E6305,Payment2542,None
E3293,Invoice234,None
E3293,Supplier38,None
E3293,Payment8865,None
E548,Invoice4840,None
E548,Supplier25,None
E548,Payment2901,None
E903,Invoice3867,None
E903,Supplier11,None
E903,Payment168,None
E5622,Invoice7020,None
E5622,Supplier10,None
E5622,Payment7445,None
E3841,Invoice6530,None
E3841,Supplier19,None
E3841,Payment3637,None
E6985,Invoice2153,None
E6985,Supplier1,None
E6985,Payment3621,None
E7595,Invoice5249,None
E7595,Supplier8,None
E7595,Payment4394,None
E3605,Invoice3877,None
E3605,Supplier16,None
E3605,Payment3598,None
E2225,Invoice2159,None
E2225,Supplier25,None
E2225,Payment5790,None
E1129,Invoice3662,None
E1129,Supplier35,None
E1129,Payment5561,None
E4258,Invoice5784,None
E4258,Supplier44,None
E4258,Payment3529,None
E838,Invoice3338,None
E838,Supplier32,None
E838,Payment9595,None
E4938,Invoice2016,None
E4938,Supplier6,None
E4938,Payment4920,None
E2669,Invoice7164,None
E2669,Supplier21,None
E2669,Payment6522,None
E5342,Invoice3789,None
E5342,Supplier23,None
E5342,Payment1555,None
E512,Invoice7620,None
E512,Supplier38,None
E512,Payment8012,None
E5250,Invoice6950,None
E5250,Supplier49,None
E5250,Payment5036,None
E6532,Invoice9352,None
E6532,Supplier7,None
E6532,Payment8313,None
E800,Invoice7772,None
E800,Supplier4,None
E800,Payment5907,None
E6003,Invoice1896,None
E6003,Supplier24,None
E6003,Payment9775,None
E7871,Invoice977,None
E7871,Supplier8,None
E7871,Payment1015,None
E2012,Invoice4022,None
E2012,Supplier48,None
E2012,Payment4189,None
E8300,Invoice5649,None
E8300,Supplier2,None
E8300,Payment5719,None
E4054,Invoice7365,None
E4054,Supplier30,None
E4054,Payment1680,None
E5864,Invoice2092,None
E5864,Supplier13,None
E5864,Payment5801,None
E2909,Invoice8040,None
E2909,Supplier50,None
E2909,Payment9959,None
E4312,Invoice1493,None
E4312,Supplier38,None
E4312,Payment3283,None
E7131,Invoice1444,None
E7131,Supplier44,None
E7131,Payment7626,None
E5918,Invoice3104,None
E5918,Supplier36,None
E5918,Payment5673,None
E2514,Invoice4215,None
E2514,Supplier2,None
E2514,Payment4801,None
E2819,Invoice7811,None
E2819,Supplier19,None
E2819,Payment4361,None
E4220,Invoice9203,None
E4220,Supplier39,None
E4220,Payment8279,None
E2900,Invoice948,None
E2900,Supplier37,None
E2900,Payment1927,None
E465,Invoice9570,None
E465,Supplier7,None
E465,Payment6611,None
E1356,Invoice7276,None
E1356,Supplier42,None
E1356,Payment7286,None
E4694,Invoice8361,None
E4694,Supplier14,None
E4694,Payment8196,None
E2153,Invoice4221,None
E2153,Supplier2,None
E2153,Payment6108,None
E4285,Invoice7573,None
E4285,Supplier49,None
E4285,Payment8326,None
E182,Invoice5468,None
E182,Supplier9,None
E182,Payment539,None
E8219,Invoice1832,None
E8219,Supplier42,None
E8219,Payment6237,None
E7577,Invoice2453,None
E7577,Supplier38,None
E7577,Payment8389,None
E2041,Invoice4678,None
E2041,Supplier33,None
E2041,Payment4332,None
E6848,Invoice9550,None
E6848,Supplier30,None
E6848,Payment6169,None
E3246,Invoice5769,None
E3246,Supplier28,None
E3246,Payment3172,None
E7301,Invoice6744,None
E7301,Supplier42,None
E7301,Payment2283,None
E4321,Invoice3528,None
E4321,Supplier8,None
E4321,Payment6466,None
E3012,Invoice7465,None
E3012,Supplier46,None
E3012,Payment9728,None
E6186,Invoice6922,None
E6186,Supplier33,None
E6186,Payment4527,None
E6388,Invoice9523,None
E6388,Supplier27,None
E6388,Payment2681,None
E5483,Invoice6445,None
E5483,Supplier41,None
E5483,Payment2279,None
E1410,Invoice9523,None
E1410,Supplier32,None
E1410,Payment689,None
E1583,Invoice1482,None
E1583,Supplier2,None
E1583,Payment3321,None
E5223,Invoice8442,None
E5223,Supplier22,None
E5223,Payment7524,None
E4815,Invoice118,None
E4815,Supplier39,None
E4815,Payment8743,None
E6115,Invoice4886,None
E6115,Supplier47,None
E6115,Payment6920,None
E4929,Invoice9757,None
E4929,Supplier1,None
E4929,Payment9358,None
E5788,Invoice8888,None
E5788,Supplier14,None
E5788,Payment3817,None
E6626,Invoice5464,None
E6626,Supplier13,None
E6626,Payment7113,None
E54,Invoice6071,None
E54,Supplier39,None
E54,Payment6099,None
E1735,Invoice4249,None
E1735,Supplier30,None
E1735,Payment644,None
E4045,Invoice6504,None
E4045,Supplier30,None
E4045,Payment6970,None
E7653,Invoice46,None
E7653,Supplier12,None
E7653,Payment1229,None
E1780,Invoice1289,None
E1780,Supplier13,None
E1780,Payment690,None
E701,Invoice4440,None
E701,Supplier28,None
E701,Payment7880,None
E2918,Invoice5360,None
E2918,Supplier9,None
E2918,Payment9437,None
E6352,Invoice4839,None
E6352,Supplier12,None
E6352,Payment9023,None
E2523,Invoice3937,None
E2523,Supplier26,None
E2523,Payment860,None
E4164,Invoice7531,None
E4164,Supplier22,None
E4164,Payment6369,None
E146,Invoice5186,None
E146,Supplier31,None
E146,Payment986,None
E7113,Invoice9762,None
E7113,Supplier33,None
E7113,Payment8671,None
E4294,Invoice2936,None
E4294,Supplier33,None
E4294,Payment7938,None
E1771,Invoice3856,None
E1771,Supplier20,None
E1771,Payment5972,None
E3320,Invoice5302,None
E3320,Supplier27,None
E3320,Payment4562,None
E2992,Invoice8834,None
E2992,Supplier5,None
E2992,Payment6608,None
E3048,Invoice4321,None
E3048,Supplier26,None
E3048,Payment4822,None
E5324,Invoice2741,None
E5324,Supplier34,None
E5324,Payment7044,None
E5086,Invoice4593,None
E5086,Supplier45,None
E5086,Payment1329,None
E5716,Invoice3345,None
E5716,Supplier9,None
E5716,Payment7041,None
E6177,Invoice7362,None
E6177,Supplier1,None
E6177,Payment6607,None
E7671,Invoice5573,None
E7671,Supplier48,None
E7671,Payment1054,None
E2216,Invoice5918,None
E2216,Supplier34,None
E2216,Payment9221,None
E6057,Invoice187,None
E6057,Supplier32,None
E6057,Payment2999,None
E6334,Invoice1847,None
E6334,Supplier46,None
E6334,Payment1440,None
E3895,Invoice3245,None
E3895,Supplier44,None
E3895,Payment7514,None
E7218,Invoice4176,None
E7218,Supplier19,None
E7218,Payment1454,None
E3751,Invoice8340,None
E3751,Supplier22,None
E3751,Payment7846,None
E5519,Invoice9892,None
E5519,Supplier44,None
E5519,Payment6082,None
E1320,Invoice1693,None
E1320,Supplier24,None
E1320,Payment2880,None
E8080,Invoice8122,None
E8080,Supplier14,None
E8080,Payment1471,None
E4730,Invoice930,None
E4730,Supplier16,None
E4730,Payment4275,None
E1120,Invoice4504,None
E1120,Supplier34,None
E1120,Payment6857,None
E4884,Invoice4279,None
E4884,Supplier7,None
E4884,Payment5325,None
E3302,Invoice6080,None
E3302,Supplier49,None
E3302,Payment2323,None
E4018,Invoice6211,None
E4018,Supplier45,None
E4018,Payment9913,None
E4788,Invoice5843,None
E4788,Supplier3,None
E4788,Payment3990,None
E2418,Invoice7720,None
E2418,Supplier33,None
E2418,Payment5446,None
E6379,Invoice6026,None
E6379,Supplier26,None
E6379,Payment4864,None
E326,Invoice7361,None
E326,Supplier2,None
E326,Payment2012,None
E4893,Invoice4087,None
E4893,Supplier20,None
E4893,Payment6371,None
E4739,Invoice6023,None
E4739,Supplier15,None
E4739,Payment5476,None
E1957,Invoice8354,None
E1957,Supplier10,None
E1957,Payment9563,None
E7934,Invoice997,None
E7934,Supplier13,None
E7934,Payment5595,None
E6204,Invoice2309,None
E6204,Supplier8,None
E6204,Payment8250,None
E5131,Invoice125,None
E5131,Supplier35,None
E5131,Payment5341,None
E4956,Invoice566,None
E4956,Supplier26,None
E4956,Payment7105,None
E1401,Invoice2724,None
E1401,Supplier46,None
E1401,Payment4273,None
E3805,Invoice5295,None
E3805,Supplier20,None
E3805,Payment7314,None
E5564,Invoice8409,None
E5564,Supplier26,None
E5564,Payment6212,None
E4135,Invoice5338,None
E4135,Supplier46,None
E4135,Payment723,None
E1284,Invoice3321,None
E1284,Supplier27,None
E1284,Payment680,None
E5846,Invoice3058,None
E5846,Supplier14,None
E5846,Payment1831,None
E876,Invoice40,None
E876,Supplier31,None
E876,Payment297,None
E2097,Invoice2436,None
E2097,Supplier39,None
E2097,Payment8955,None
E6559,Invoice5346,None
E6559,Supplier47,None
E6559,Payment9714,None
E4393,Invoice6311,None
E4393,Supplier24,None
E4393,Payment3172,None
E6012,Invoice7303,None
E6012,Supplier42,None
E6012,Payment4481,None
E1883,Invoice8517,None
E1883,Supplier15,None
E1883,Payment8110,None
E6397,Invoice5118,None
E6397,Supplier48,None
E6397,Payment116,None
E1666,Invoice4268,None
E1666,Supplier44,None
E1666,Payment7421,None
E7521,Invoice2494,None
E7521,Supplier44,None
E7521,Payment3891,None
E2954,Invoice6727,None
E2954,Supplier25,None
E2954,Payment4901,None
E1910,Invoice1183,None
E1910,Supplier41,None
E1910,Payment4164,None
E8255,Invoice2691,None
E8255,Supplier29,None
E8255,Payment8583,None
E6895,Invoice7593,None
E6895,Supplier16,None
E6895,Payment4617,None
E5828,Invoice7813,None
E5828,Supplier2,None
E5828,Payment6071,None
E3823,Invoice356,None
E3823,Supplier36,None
E3823,Payment1695,None
E3922,Invoice1202,None
E3922,Supplier23,None
E3922,Payment2328,None
E2299,Invoice2009,None
E2299,Supplier45,None
E2299,Payment1217,None
E6792,Invoice1764,None
E6792,Supplier25,None
E6792,Payment283,None
E7644,Invoice4779,None
E7644,Supplier41,None
E7644,Payment2975,None
E2741,Invoice54,None
E2741,Supplier31,None
E2741,Payment3469,None
E8107,Invoice4870,None
E8107,Supplier16,None
E8107,Payment3483,None
E4099,Invoice5954,None
E4099,Supplier44,None
E4099,Payment7100,None
E4081,Invoice7548,None
E4081,Supplier17,None
E4081,Payment750,None
E5698,Invoice3446,None
E5698,Supplier44,None
E5698,Payment2365,None
E135,Invoice8491,None
E135,Supplier20,None
E135,Payment6910,None
E2409,Invoice3348,None
E2409,Supplier32,None
E2409,Payment6985,None
E5555,Invoice9062,None
E5555,Supplier25,None
E5555,Payment429,None
E5041,Invoice9373,None
E5041,Supplier22,None
E5041,Payment545,None
E2651,Invoice9816,None
E2651,Supplier18,None
E2651,Payment2583,None
E3412,Invoice8808,None
E3412,Supplier48,None
E3412,Payment6558,None
E5855,Invoice8853,None
E5855,Supplier17,None
E5855,Payment1037,None
E4492,Invoice169,None
E4492,Supplier37,None
E4492,Payment2997,None
E1930,Invoice3074,None
E1930,Supplier39,None
E1930,Payment7705,None
E7292,Invoice8640,None
E7292,Supplier6,None
E7292,Payment793,None
E7227,Invoice4104,None
E7227,Supplier10,None
E7227,Payment4470,None
E7943,Invoice9568,None
E7943,Supplier6,None
E7943,Payment2954,None
E5012,Invoice4060,None
E5012,Supplier48,None
E5012,Payment2842,None
E2936,Invoice3292,None
E2936,Supplier50,None
E2936,Payment8987,None
E5214,Invoice7867,None
E5214,Supplier40,None
E5214,Payment1677,None
E5369,Invoice8776,None
E5369,Supplier47,None
E5369,Payment1986,None
E2364,Invoice5042,None
E2364,Supplier10,None
E2364,Payment5637,None
E6487,Invoice1741,None
E6487,Supplier43,None
E6487,Payment9300,None
E2532,Invoice7343,None
E2532,Supplier15,None
E2532,Payment8900,None
E1637,Invoice3582,None
E1637,Supplier39,None
E1637,Payment1448,None
E8060,Invoice4613,None
E8060,Supplier8,None
E8060,Payment350,None
