object_id,object_type,total_amount,status
PO3411,Purchase Order,15486.820000000002,Created
GRN4125,Goods Receipt,,
Invoice8363,Invoice,,
Payment4833,Payment,,
PO751,Purchase Order,7406.88,Created
GRN7903,Goods Receipt,,
Invoice4687,Invoice,,
Payment350,Payment,,
PO7304,Purchase Order,6070.89,Created
GRN1832,Goods Receipt,,
Invoice687,Invoice,,
Payment1199,Payment,,
PO9809,Purchase Order,983.32,Created
GRN9607,Goods Receipt,,
Invoice9410,Invoice,,
Payment4959,Payment,,
PO9981,Purchase Order,22523.72,Created
GRN470,Goods Receipt,,
Invoice1571,Invoice,,
Payment3385,Payment,,
PO9506,Purchase Order,8012.09,Created
GRN4569,Goods Receipt,,
Invoice6071,Invoice,,
Payment6099,Payment,,
PO7204,Purchase Order,15103.41,Created
GRN4796,Goods Receipt,,
Invoice5613,Invoice,,
Payment706,Payment,,
PO6714,Purchase Order,2723.72,Created
GRN499,Goods Receipt,,
Invoice5206,Invoice,,
Payment290,Payment,,
PO1984,Purchase Order,4412.58,Created
GRN4364,Goods Receipt,,
Invoice5448,Invoice,,
Payment1110,Payment,,
PO7329,Purchase Order,3252.9,Created
GRN5125,Goods Receipt,,
Invoice1980,Invoice,,
Payment8086,Payment,,
PO8720,Purchase Order,6159.2,Created
GRN8463,Goods Receipt,,
Invoice9437,Invoice,,
Payment3231,Payment,,
PO1803,Purchase Order,15999.05,Created
GRN6871,Goods Receipt,,
Invoice5999,Invoice,,
Payment1504,Payment,,
PO8662,Purchase Order,11053.42,Created
GRN9762,Goods Receipt,,
Invoice6949,Invoice,,
Payment9880,Payment,,
PO1660,Purchase Order,27218.82,Created
GRN2216,Goods Receipt,,
Invoice567,Invoice,,
Payment3114,Payment,,
PO7594,Purchase Order,7838.87,Created
GRN85,Goods Receipt,,
Invoice8491,Invoice,,
Payment6910,Payment,,
PO2357,Purchase Order,8123.46,Created
GRN4398,Goods Receipt,,
Invoice5186,Invoice,,
Payment986,Payment,,
PO5353,Purchase Order,5826.62,Created
GRN2701,Goods Receipt,,
Invoice3067,Invoice,,
Payment8638,Payment,,
PO1800,Purchase Order,12062.2,Created
GRN4930,Goods Receipt,,
Invoice8686,Invoice,,
Payment9105,Payment,,
PO5791,Purchase Order,4947.31,Created
GRN5531,Goods Receipt,,
Invoice3405,Invoice,,
Payment3279,Payment,,
PO2691,Purchase Order,2070.78,Created
GRN2645,Goods Receipt,,
Invoice5468,Invoice,,
Payment539,Payment,,
PO9055,Purchase Order,11909.49,Created
GRN683,Goods Receipt,,
Invoice5006,Invoice,,
Payment759,Payment,,
PO143,Purchase Order,15685.87,Created
GRN311,Goods Receipt,,
Invoice2496,Invoice,,
Payment9772,Payment,,
PO310,Purchase Order,3970.81,Created
GRN439,Goods Receipt,,
Invoice6461,Invoice,,
Payment9262,Payment,,
PO83,Purchase Order,3749.24,Created
GRN7825,Goods Receipt,,
Invoice9926,Invoice,,
Payment8315,Payment,,
PO565,Purchase Order,4653.96,Created
GRN6365,Goods Receipt,,
Invoice4826,Invoice,,
Payment6441,Payment,,
PO9326,Purchase Order,29814.68,Created
GRN3939,Goods Receipt,,
Invoice9037,Invoice,,
Payment2299,Payment,,
PO7766,Purchase Order,5245.76,Created
GRN7325,Goods Receipt,,
Invoice6981,Invoice,,
Payment8757,Payment,,
PO1521,Purchase Order,12740.329999999998,Created
GRN2825,Goods Receipt,,
Invoice3257,Invoice,,
Payment2449,Payment,,
PO3704,Purchase Order,5595.46,Created
GRN4968,Goods Receipt,,
Invoice2509,Invoice,,
Payment9696,Payment,,
PO8512,Purchase Order,3457.05,Created
GRN3114,Goods Receipt,,
Invoice2139,Invoice,,
Payment373,Payment,,
PO7675,Purchase Order,13654.169999999998,Created
GRN4622,Goods Receipt,,
Invoice4781,Invoice,,
Payment5371,Payment,,
PO8937,Purchase Order,3201.07,Created
GRN7582,Goods Receipt,,
Invoice2403,Invoice,,
Payment346,Payment,,
PO6312,Purchase Order,2672.04,Created
GRN2293,Goods Receipt,,
Invoice5317,Invoice,,
Payment666,Payment,,
PO3211,Purchase Order,6609.24,Created
GRN2116,Goods Receipt,,
Invoice8524,Invoice,,
Payment3667,Payment,,
PO6416,Purchase Order,16145.919999999998,Created
GRN8386,Goods Receipt,,
Invoice1296,Invoice,,
Payment9235,Payment,,
PO7514,Purchase Order,4470.75,Created
GRN9600,Goods Receipt,,
Invoice7361,Invoice,,
Payment2012,Payment,,
PO8446,Purchase Order,6685.44,Created
GRN9108,Goods Receipt,,
Invoice3808,Invoice,,
Payment6595,Payment,,
PO8759,Purchase Order,13053.12,Created
GRN6776,Goods Receipt,,
Invoice4254,Invoice,,
Payment7308,Payment,,
PO7249,Purchase Order,2886.17,Created
GRN2378,Goods Receipt,,
Invoice4843,Invoice,,
Payment8026,Payment,,
PO1139,Purchase Order,26684.35,Created
GRN5645,Goods Receipt,,
Invoice4779,Invoice,,
Payment5883,Payment,,
PO8639,Purchase Order,19252.49,Created
GRN7960,Goods Receipt,,
Invoice6933,Invoice,,
Payment7897,Payment,,
PO3043,Purchase Order,9986.84,Created
GRN8382,Goods Receipt,,
Invoice2924,Invoice,,
Payment4058,Payment,,
PO7916,Purchase Order,3625.03,Created
GRN1898,Goods Receipt,,
Invoice6696,Invoice,,
Payment7245,Payment,,
PO5785,Purchase Order,7121.1,Created
GRN3310,Goods Receipt,,
Invoice9370,Invoice,,
Payment8503,Payment,,
PO9607,Purchase Order,10968.72,Created
GRN7541,Goods Receipt,,
Invoice4622,Invoice,,
Payment3046,Payment,,
GRN8996,Goods Receipt,,
Invoice8758,Invoice,,
Payment6678,Payment,,
PO1360,Purchase Order,3552.77,Created
GRN8749,Goods Receipt,,
Invoice5385,Invoice,,
Payment4772,Payment,,
PO4707,Purchase Order,3992.77,Created
GRN1632,Goods Receipt,,
Invoice6962,Invoice,,
Payment4016,Payment,,
PO162,Purchase Order,9253.93,Created
GRN8441,Goods Receipt,,
Invoice9989,Invoice,,
Payment8007,Payment,,
PO5040,Purchase Order,2297.13,Created
GRN9530,Goods Receipt,,
Invoice6703,Invoice,,
Payment6741,Payment,,
PO1858,Purchase Order,7843.94,Created
GRN5940,Goods Receipt,,
Invoice9570,Invoice,,
Payment6611,Payment,,
PO2896,Purchase Order,12332.52,Created
GRN4729,Goods Receipt,,
Invoice1554,Invoice,,
Payment5106,Payment,,
PO6495,Purchase Order,5135.79,Created
GRN5314,Goods Receipt,,
Invoice892,Invoice,,
Payment3516,Payment,,
PO2224,Purchase Order,2923.05,Created
GRN5477,Goods Receipt,,
Invoice3969,Invoice,,
Payment1174,Payment,,
PO215,Purchase Order,4895.59,Created
GRN1591,Goods Receipt,,
Invoice8068,Invoice,,
Payment7494,Payment,,
PO704,Purchase Order,26858.0,Created
GRN3315,Goods Receipt,,
Invoice7620,Invoice,,
Payment8012,Payment,,
PO9048,Purchase Order,16091.06,Created
GRN8544,Goods Receipt,,
Invoice698,Invoice,,
Payment8037,Payment,,
PO9880,Purchase Order,3357.08,Created
GRN8195,Goods Receipt,,
Invoice7474,Invoice,,
Payment2773,Payment,,
PO177,Purchase Order,5952.82,Created
GRN8179,Goods Receipt,,
Invoice7039,Invoice,,
Payment5305,Payment,,
PO3080,Purchase Order,4313.61,Created
GRN2313,Goods Receipt,,
Invoice4840,Invoice,,
Payment2901,Payment,,
PO4643,Purchase Order,4506.02,Created
GRN2795,Goods Receipt,,
Invoice64,Invoice,,
Payment6782,Payment,,
PO1025,Purchase Order,14292.579999999998,Created
GRN820,Goods Receipt,,
Invoice3498,Invoice,,
Payment5309,Payment,,
PO1077,Purchase Order,9173.65,Created
GRN1836,Goods Receipt,,
Invoice7938,Invoice,,
Payment9744,Payment,,
PO8186,Purchase Order,5693.14,Created
GRN8627,Goods Receipt,,
Invoice7373,Invoice,,
Payment2048,Payment,,
PO4259,Purchase Order,26888.57,Created
GRN3587,Goods Receipt,,
Invoice2467,Invoice,,
Payment6075,Payment,,
PO4807,Purchase Order,31574.91,Created
GRN1821,Goods Receipt,,
Invoice6994,Invoice,,
Payment3142,Payment,,
PO5936,Purchase Order,14218.0,Created
GRN3153,Goods Receipt,,
Invoice9194,Invoice,,
Payment7277,Payment,,
PO5795,Purchase Order,35712.31,Created
GRN5242,Goods Receipt,,
Invoice3062,Invoice,,
Payment4541,Payment,,
PO1562,Purchase Order,4257.73,Created
GRN7777,Goods Receipt,,
Invoice435,Invoice,,
Payment4768,Payment,,
PO2122,Purchase Order,3743.79,Created
GRN3862,Goods Receipt,,
Invoice6144,Invoice,,
PO1689,Purchase Order,4930.44,Created
GRN9998,Goods Receipt,,
Invoice5311,Invoice,,
Payment2331,Payment,,
PO566,Purchase Order,12121.55,Created
GRN570,Goods Receipt,,
Invoice6667,Invoice,,
Payment884,Payment,,
PO298,Purchase Order,7748.4,Created
GRN943,Goods Receipt,,
Invoice3003,Invoice,,
Payment3809,Payment,,
PO4465,Purchase Order,6433.92,Created
GRN6401,Goods Receipt,,
Invoice7256,Invoice,,
Payment7971,Payment,,
PO2196,Purchase Order,2135.45,Created
GRN1932,Goods Receipt,,
Invoice3991,Invoice,,
Payment2461,Payment,,
PO3101,Purchase Order,5555.61,Created
GRN2469,Goods Receipt,,
Invoice5473,Invoice,,
Payment807,Payment,,
PO3297,Purchase Order,26195.14,Created
GRN1517,Goods Receipt,,
Invoice4440,Invoice,,
Payment7880,Payment,,
PO700,Purchase Order,32931.67,Created
GRN9054,Goods Receipt,,
Invoice1869,Invoice,,
Payment6745,Payment,,
PO2766,Purchase Order,6304.54,Created
GRN8540,Goods Receipt,,
Invoice7716,Invoice,,
Payment9270,Payment,,
PO308,Purchase Order,22395.699999999997,Created
GRN2308,Goods Receipt,,
Invoice6621,Invoice,,
Payment9455,Payment,,
PO259,Purchase Order,18401.04,Created
GRN9972,Goods Receipt,,
Invoice4261,Invoice,,
Payment4706,Payment,,
PO2874,Purchase Order,2667.13,Created
GRN565,Goods Receipt,,
Invoice7721,Invoice,,
Payment813,Payment,,
PO9525,Purchase Order,2346.34,Created
GRN8125,Goods Receipt,,
Invoice1033,Invoice,,
Payment3265,Payment,,
PO1679,Purchase Order,9549.87,Created
GRN5060,Goods Receipt,,
Invoice9422,Invoice,,
Payment8553,Payment,,
PO874,Purchase Order,4686.139999999999,Created
GRN6432,Goods Receipt,,
Invoice8500,Invoice,,
Payment9552,Payment,,
PO9296,Purchase Order,4880.96,Created
GRN9922,Goods Receipt,,
Invoice5499,Invoice,,
Payment8360,Payment,,
PO5283,Purchase Order,17446.95,Created
GRN3036,Goods Receipt,,
Invoice8498,Invoice,,
Payment6426,Payment,,
PO1952,Purchase Order,4399.17,Created
GRN6238,Goods Receipt,,
Invoice7772,Invoice,,
Payment5907,Payment,,
PO4343,Purchase Order,8938.2,Created
GRN6155,Goods Receipt,,
Invoice770,Invoice,,
Payment7024,Payment,,
PO5360,Purchase Order,18147.06,Created
GRN7198,Goods Receipt,,
Invoice402,Invoice,,
Payment3173,Payment,,
PO4630,Purchase Order,3264.45,Created
GRN391,Goods Receipt,,
Invoice1676,Invoice,,
Payment2394,Payment,,
PO6355,Purchase Order,27687.32,Created
GRN7163,Goods Receipt,,
Invoice3338,Invoice,,
Payment9595,Payment,,
PO8019,Purchase Order,6727.34,Created
GRN4455,Goods Receipt,,
Invoice4484,Invoice,,
Payment3020,Payment,,
PO2317,Purchase Order,24511.57,Created
GRN9126,Goods Receipt,,
Invoice6572,Invoice,,
Payment3404,Payment,,
PO7539,Purchase Order,8052.46,Created
GRN344,Goods Receipt,,
Invoice300,Invoice,,
Payment4614,Payment,,
PO2243,Purchase Order,26614.88,Created
GRN7514,Goods Receipt,,
Invoice40,Invoice,,
Payment297,Payment,,
PO2085,Purchase Order,4677.71,Created
GRN6793,Goods Receipt,,
Invoice6027,Invoice,,
Payment9593,Payment,,
PO3070,Purchase Order,8065.16,Created
GRN1409,Goods Receipt,,
Invoice5847,Invoice,,
Payment5695,Payment,,
PO3844,Purchase Order,20597.75,Created
GRN9448,Goods Receipt,,
Invoice3867,Invoice,,
Payment168,Payment,,
PO6695,Purchase Order,32898.259999999995,Created
GRN2732,Goods Receipt,,
Invoice9290,Invoice,,
Payment9812,Payment,,
PO1356,Purchase Order,5481.35,Created
GRN4706,Goods Receipt,,
Invoice7616,Invoice,,
Payment7303,Payment,,
PO314,Purchase Order,4194.21,Created
GRN732,Goods Receipt,,
Invoice7128,Invoice,,
Payment1953,Payment,,
PO1666,Purchase Order,5598.63,Created
GRN4787,Goods Receipt,,
Invoice9541,Invoice,,
Payment475,Payment,,
PO4616,Purchase Order,2482.77,Created
GRN4701,Goods Receipt,,
Invoice7098,Invoice,,
Payment5449,Payment,,
PO1923,Purchase Order,5181.17,Created
GRN1510,Goods Receipt,,
Invoice6718,Invoice,,
Payment8449,Payment,,
PO1591,Purchase Order,5605.13,Created
GRN9398,Goods Receipt,,
Invoice7359,Invoice,,
Payment3984,Payment,,
PO9814,Purchase Order,4896.34,Created
GRN1847,Goods Receipt,,
Invoice3324,Invoice,,
Payment3669,Payment,,
PO5287,Purchase Order,17746.77,Created
GRN6228,Goods Receipt,,
Invoice9226,Invoice,,
Payment3126,Payment,,
PO6894,Purchase Order,26033.5,Created
GRN4175,Goods Receipt,,
Invoice3492,Invoice,,
Payment8264,Payment,,
PO7654,Purchase Order,30114.65,Created
GRN4379,Goods Receipt,,
Invoice4160,Invoice,,
Payment2883,Payment,,
PO4523,Purchase Order,15083.69,Created
GRN1648,Goods Receipt,,
Invoice2102,Invoice,,
Payment8880,Payment,,
PO2362,Purchase Order,8150.88,Created
GRN8433,Goods Receipt,,
Invoice3891,Invoice,,
Payment2945,Payment,,
PO9984,Purchase Order,20304.09,Created
GRN288,Goods Receipt,,
Invoice1307,Invoice,,
Payment5065,Payment,,
PO8873,Purchase Order,4546.09,Created
GRN1701,Goods Receipt,,
Invoice3975,Invoice,,
Payment8250,Payment,,
PO4803,Purchase Order,17603.45,Created
GRN2542,Goods Receipt,,
Invoice8418,Invoice,,
Payment8709,Payment,,
PO9493,Purchase Order,25198.039999999997,Created
GRN2162,Goods Receipt,,
Invoice4903,Invoice,,
Payment1691,Payment,,
PO6158,Purchase Order,12115.03,Created
GRN6000,Goods Receipt,,
Invoice868,Invoice,,
Payment5161,Payment,,
PO8024,Purchase Order,5309.64,Created
GRN1682,Goods Receipt,,
Invoice7856,Invoice,,
Payment6159,Payment,,
PO6307,Purchase Order,15557.82,Created
GRN7837,Goods Receipt,,
Invoice5545,Invoice,,
Payment4494,Payment,,
PO8618,Purchase Order,9942.16,Created
GRN2314,Goods Receipt,,
Invoice2808,Invoice,,
Payment3797,Payment,,
PO3112,Purchase Order,7134.8,Created
GRN5359,Goods Receipt,,
Invoice3972,Invoice,,
Payment6334,Payment,,
PO9811,Purchase Order,31954.21,Created
GRN6711,Goods Receipt,,
Invoice4504,Invoice,,
Payment6857,Payment,,
PO2676,Purchase Order,9558.51,Created
GRN9353,Goods Receipt,,
Invoice3662,Invoice,,
Payment5561,Payment,,
PO9389,Purchase Order,20575.449999999997,Created
GRN2000,Goods Receipt,,
Invoice3647,Invoice,,
Payment8404,Payment,,
PO7965,Purchase Order,2860.37,Created
GRN3404,Goods Receipt,,
Invoice6983,Invoice,,
Payment5023,Payment,,
PO5147,Purchase Order,19172.89,Created
GRN6239,Goods Receipt,,
Invoice2540,Invoice,,
Payment3455,Payment,,
PO2193,Purchase Order,13029.81,Created
GRN8231,Goods Receipt,,
Invoice3468,Invoice,,
Payment3856,Payment,,
PO1547,Purchase Order,9772.42,Created
GRN7347,Goods Receipt,,
Invoice8652,Invoice,,
Payment8362,Payment,,
PO5145,Purchase Order,3698.54,Created
GRN8049,Goods Receipt,,
Invoice4647,Invoice,,
Payment4603,Payment,,
PO7610,Purchase Order,26196.72,Created
GRN8078,Goods Receipt,,
Invoice3823,Invoice,,
Payment2923,Payment,,
PO4347,Purchase Order,18023.35,Created
GRN3484,Goods Receipt,,
Invoice9338,Invoice,,
Payment7148,Payment,,
PO7674,Purchase Order,6424.28,Created
GRN2599,Goods Receipt,,
Invoice9307,Invoice,,
Payment2079,Payment,,
PO7903,Purchase Order,10143.68,Created
GRN9132,Goods Receipt,,
Invoice4248,Invoice,,
Payment1841,Payment,,
PO3708,Purchase Order,4081.41,Created
GRN9932,Goods Receipt,,
Invoice9476,Invoice,,
PO1909,Purchase Order,4874.75,Created
GRN3005,Goods Receipt,,
Invoice2980,Invoice,,
Payment9269,Payment,,
PO3861,Purchase Order,5348.3,Created
GRN8152,Goods Receipt,,
Invoice6814,Invoice,,
Payment777,Payment,,
PO5267,Purchase Order,13400.0,Created
GRN6926,Goods Receipt,,
Invoice7247,Invoice,,
Payment6005,Payment,,
PO8010,Purchase Order,7775.73,Created
GRN1348,Goods Receipt,,
Invoice5381,Invoice,,
Payment6852,Payment,,
PO4448,Purchase Order,14453.99,Created
GRN8178,Goods Receipt,,
Invoice24,Invoice,,
Payment4680,Payment,,
PO723,Purchase Order,22390.39,Created
GRN1772,Goods Receipt,,
Invoice3321,Invoice,,
Payment680,Payment,,
PO4776,Purchase Order,3359.51,Created
GRN4356,Goods Receipt,,
Invoice5066,Invoice,,
Payment6953,Payment,,
PO7414,Purchase Order,26668.769999999997,Created
GRN4227,Goods Receipt,,
Invoice7189,Invoice,,
Payment4060,Payment,,
PO5313,Purchase Order,36561.1,Created
GRN5943,Goods Receipt,,
Invoice7258,Invoice,,
Payment5209,Payment,,
PO6815,Purchase Order,20395.42,Created
GRN8993,Goods Receipt,,
Invoice1693,Invoice,,
Payment2880,Payment,,
PO7078,Purchase Order,6124.67,Created
GRN9387,Goods Receipt,,
Invoice4296,Invoice,,
Payment9183,Payment,,
PO9488,Purchase Order,9681.73,Created
GRN363,Goods Receipt,,
Invoice5002,Invoice,,
Payment8029,Payment,,
PO89,Purchase Order,17955.980000000003,Created
GRN5864,Goods Receipt,,
Invoice4317,Invoice,,
Payment785,Payment,,
PO3627,Purchase Order,12985.9,Created
GRN8307,Goods Receipt,,
Invoice7276,Invoice,,
Payment7286,Payment,,
PO7161,Purchase Order,6826.82,Created
GRN5201,Goods Receipt,,
Invoice8080,Invoice,,
Payment5290,Payment,,
PO4525,Purchase Order,4777.68,Created
GRN1264,Goods Receipt,,
Invoice7789,Invoice,,
Payment6343,Payment,,
PO2969,Purchase Order,5002.67,Created
GRN6069,Goods Receipt,,
Invoice1943,Invoice,,
Payment4722,Payment,,
PO3891,Purchase Order,33444.62,Created
GRN9456,Goods Receipt,,
Invoice8193,Invoice,,
Payment6437,Payment,,
PO9552,Purchase Order,4210.37,Created
Invoice2724,Invoice,,
Payment4273,Payment,,
PO1996,Purchase Order,18308.08,Created
GRN1321,Goods Receipt,,
Invoice9523,Invoice,,
Payment689,Payment,,
PO7152,Purchase Order,4154.16,Created
GRN4301,Goods Receipt,,
Invoice7907,Invoice,,
PO6020,Purchase Order,7273.96,Created
GRN8475,Goods Receipt,,
Invoice4771,Invoice,,
Payment8094,Payment,,
PO9592,Purchase Order,25158.159999999996,Created
GRN1084,Goods Receipt,,
Invoice433,Invoice,,
Payment8120,Payment,,
PO9902,Purchase Order,29811.6,Created
GRN5388,Goods Receipt,,
Invoice8128,Invoice,,
Payment7491,Payment,,
PO7050,Purchase Order,25006.61,Created
GRN2769,Goods Receipt,,
Invoice5547,Invoice,,
Payment1207,Payment,,
PO3661,Purchase Order,10275.46,Created
GRN4865,Goods Receipt,,
Invoice7384,Invoice,,
Payment5792,Payment,,
PO8887,Purchase Order,5867.91,Created
GRN537,Goods Receipt,,
Invoice2976,Invoice,,
Payment3007,Payment,,
PO1070,Purchase Order,5232.14,Created
GRN7162,Goods Receipt,,
Invoice7393,Invoice,,
Payment3354,Payment,,
PO4508,Purchase Order,4737.79,Created
GRN4822,Goods Receipt,,
Invoice2122,Invoice,,
Payment2022,Payment,,
PO6910,Purchase Order,19756.4,Created
GRN6137,Goods Receipt,,
Invoice6604,Invoice,,
Payment3517,Payment,,
PO760,Purchase Order,6708.26,Created
GRN8518,Goods Receipt,,
Invoice4661,Invoice,,
Payment8154,Payment,,
PO397,Purchase Order,2726.25,Created
GRN6423,Goods Receipt,,
Invoice8317,Invoice,,
Payment3779,Payment,,
PO422,Purchase Order,30456.29,Created
GRN7399,Goods Receipt,,
Invoice7982,Invoice,,
Payment5036,Payment,,
PO3848,Purchase Order,3152.75,Created
GRN9794,Goods Receipt,,
Invoice8263,Invoice,,
Payment6259,Payment,,
GRN6145,Goods Receipt,,
Invoice6303,Invoice,,
Payment1555,Payment,,
PO3109,Purchase Order,7530.46,Created
GRN3865,Goods Receipt,,
Invoice3710,Invoice,,
Payment9711,Payment,,
PO4655,Purchase Order,4956.13,Created
GRN8568,Goods Receipt,,
Invoice5678,Invoice,,
Payment6413,Payment,,
PO3242,Purchase Order,19150.68,Created
GRN1189,Goods Receipt,,
Invoice2212,Invoice,,
Payment2249,Payment,,
PO5032,Purchase Order,41345.81,Created
GRN1984,Goods Receipt,,
Invoice1482,Invoice,,
Payment3321,Payment,,
PO5932,Purchase Order,5668.8,Created
GRN7838,Goods Receipt,,
PO7264,Purchase Order,3974.23,Created
GRN853,Goods Receipt,,
Invoice7196,Invoice,,
Payment6314,Payment,,
PO3786,Purchase Order,18408.99,Created
GRN5210,Goods Receipt,,
Invoice4708,Invoice,,
Payment9733,Payment,,
PO5520,Purchase Order,7319.54,Created
GRN2255,Goods Receipt,,
Invoice5041,Invoice,,
Payment1708,Payment,,
PO9559,Purchase Order,3541.14,Created
GRN2722,Goods Receipt,,
Invoice6695,Invoice,,
Payment9659,Payment,,
PO5660,Purchase Order,5755.87,Created
GRN8673,Goods Receipt,,
Invoice3582,Invoice,,
Payment1448,Payment,,
PO9079,Purchase Order,4480.36,Created
GRN6621,Goods Receipt,,
Invoice2657,Invoice,,
Payment206,Payment,,
PO2170,Purchase Order,12276.78,Created
GRN9098,Goods Receipt,,
Invoice3179,Invoice,,
Payment4322,Payment,,
PO4866,Purchase Order,6016.41,Created
GRN547,Goods Receipt,,
Invoice4268,Invoice,,
Payment7421,Payment,,
PO1357,Purchase Order,27838.55,Created
GRN8806,Goods Receipt,,
Invoice3424,Invoice,,
Payment695,Payment,,
PO180,Purchase Order,3650.57,Created
GRN2620,Goods Receipt,,
Invoice8870,Invoice,,
Payment6097,Payment,,
PO783,Purchase Order,11327.74,Created
GRN9662,Goods Receipt,,
Invoice2542,Invoice,,
Payment9472,Payment,,
PO3963,Purchase Order,26778.45,Created
GRN5462,Goods Receipt,,
Invoice4619,Invoice,,
PO6241,Purchase Order,4944.9,Created
GRN8860,Goods Receipt,,
Invoice5235,Invoice,,
Payment6107,Payment,,
PO562,Purchase Order,7650.26,Created
GRN9396,Goods Receipt,,
Invoice4406,Invoice,,
Payment1576,Payment,,
PO6570,Purchase Order,16417.66,Created
GRN5485,Goods Receipt,,
Invoice4249,Invoice,,
Payment644,Payment,,
PO9983,Purchase Order,622.01,Created
GRN9505,Goods Receipt,,
Invoice7797,Invoice,,
Payment2101,Payment,,
PO7660,Purchase Order,4642.28,Created
GRN9799,Goods Receipt,,
Invoice1668,Invoice,,
Payment4720,Payment,,
PO4898,Purchase Order,24188.660000000003,Created
GRN7232,Goods Receipt,,
Invoice3847,Invoice,,
Payment5952,Payment,,
PO1432,Purchase Order,36279.53,Created
GRN593,Goods Receipt,,
Invoice3856,Invoice,,
Payment5972,Payment,,
PO3466,Purchase Order,16902.23,Created
GRN6055,Goods Receipt,,
Invoice1289,Invoice,,
Payment690,Payment,,
PO8344,Purchase Order,11740.67,Created
GRN9415,Goods Receipt,,
Invoice9585,Invoice,,
Payment835,Payment,,
PO2567,Purchase Order,27773.15,Created
GRN3919,Goods Receipt,,
Invoice9376,Invoice,,
Payment4615,Payment,,
PO7961,Purchase Order,24240.230000000003,Created
GRN3711,Goods Receipt,,
Invoice7435,Invoice,,
Payment4716,Payment,,
PO9276,Purchase Order,6230.55,Created
GRN5752,Goods Receipt,,
Invoice7734,Invoice,,
Payment8585,Payment,,
PO8544,Purchase Order,16362.73,Created
GRN6479,Goods Receipt,,
Invoice3520,Invoice,,
Payment7012,Payment,,
PO587,Purchase Order,14208.65,Created
GRN5438,Goods Receipt,,
Invoice1523,Invoice,,
Payment981,Payment,,
PO6479,Purchase Order,9196.28,Created
GRN6546,Goods Receipt,,
Invoice7328,Invoice,,
Payment4904,Payment,,
PO2076,Purchase Order,31596.28,Created
GRN1043,Goods Receipt,,
Invoice1272,Invoice,,
Payment1756,Payment,,
PO1815,Purchase Order,3796.7,Created
GRN7884,Goods Receipt,,
Invoice7717,Invoice,,
Payment9214,Payment,,
PO8254,Purchase Order,8313.76,Created
GRN1634,Goods Receipt,,
Invoice7743,Invoice,,
Payment7016,Payment,,
PO9648,Purchase Order,13803.21,Created
GRN6685,Goods Receipt,,
Invoice8517,Invoice,,
Payment8110,Payment,,
PO4702,Purchase Order,1923.81,Created
GRN865,Goods Receipt,,
Invoice5063,Invoice,,
Payment103,Payment,,
PO4634,Purchase Order,14115.0,Created
GRN6616,Goods Receipt,,
Invoice2888,Invoice,,
Payment3907,Payment,,
PO8007,Purchase Order,6930.83,Created
GRN1720,Goods Receipt,,
Invoice1183,Invoice,,
Payment4164,Payment,,
PO3762,Purchase Order,6184.21,Created
GRN8742,Goods Receipt,,
Invoice9553,Invoice,,
Payment2556,Payment,,
PO1727,Purchase Order,17090.15,Created
GRN8398,Goods Receipt,,
Invoice3074,Invoice,,
Payment7705,Payment,,
PO6229,Purchase Order,21752.78,Created
GRN9852,Goods Receipt,,
Invoice2611,Invoice,,
Payment5639,Payment,,
PO8602,Purchase Order,19212.57,Created
GRN3181,Goods Receipt,,
Invoice2941,Invoice,,
Payment4947,Payment,,
PO5671,Purchase Order,28825.04,Created
Invoice8354,Invoice,,
Payment9563,Payment,,
PO3950,Purchase Order,1811.35,Created
GRN8645,Goods Receipt,,
Invoice3232,Invoice,,
Payment669,Payment,,
PO4440,Purchase Order,23451.019999999997,Created
GRN2523,Goods Receipt,,
Invoice5746,Invoice,,
Payment2066,Payment,,
PO6500,Purchase Order,24432.4,Created
GRN2961,Goods Receipt,,
Invoice5548,Invoice,,
Payment963,Payment,,
PO9639,Purchase Order,4726.62,Created
GRN7258,Goods Receipt,,
Invoice4014,Invoice,,
Payment8832,Payment,,
PO3034,Purchase Order,18978.99,Created
GRN8844,Goods Receipt,,
Invoice4022,Invoice,,
Payment4189,Payment,,
PO9145,Purchase Order,8771.39,Created
GRN6542,Goods Receipt,,
Payment9345,Payment,,
PO4504,Purchase Order,19790.82,Created
GRN9733,Goods Receipt,,
Invoice2637,Invoice,,
PO5723,Purchase Order,10420.13,Created
GRN2508,Goods Receipt,,
Invoice4678,Invoice,,
Payment4332,Payment,,
PO6825,Purchase Order,4397.44,Created
GRN3169,Goods Receipt,,
Invoice2780,Invoice,,
Payment2401,Payment,,
PO2524,Purchase Order,11145.36,Created
GRN5216,Goods Receipt,,
Invoice9145,Invoice,,
Payment5750,Payment,,
PO3226,Purchase Order,7648.1,Created
GRN7993,Goods Receipt,,
Invoice7750,Invoice,,
Payment119,Payment,,
PO8157,Purchase Order,21399.84,Created
GRN635,Goods Receipt,,
Invoice3801,Invoice,,
Payment3054,Payment,,
PO4740,Purchase Order,7337.46,Created
GRN6808,Goods Receipt,,
Invoice2228,Invoice,,
Payment6352,Payment,,
PO4869,Purchase Order,18636.14,Created
GRN6970,Goods Receipt,,
Invoice2436,Invoice,,
Payment8955,Payment,,
PO9381,Purchase Order,2740.85,Created
GRN5091,Goods Receipt,,
Invoice1950,Invoice,,
Payment1217,Payment,,
PO8498,Purchase Order,4926.28,Created
GRN6497,Goods Receipt,,
Invoice5378,Invoice,,
Payment2130,Payment,,
PO612,Purchase Order,16446.510000000002,Created
GRN7579,Goods Receipt,,
Invoice3376,Invoice,,
Payment2339,Payment,,
PO2816,Purchase Order,6408.07,Created
GRN2302,Goods Receipt,,
Invoice9346,Invoice,,
Payment8430,Payment,,
PO1847,Purchase Order,4446.3,Created
GRN3993,Goods Receipt,,
Invoice755,Invoice,,
Payment2107,Payment,,
PO6595,Purchase Order,6357.03,Created
GRN6688,Goods Receipt,,
Invoice4221,Invoice,,
Payment6108,Payment,,
PO690,Purchase Order,12436.91,Created
GRN4931,Goods Receipt,,
Invoice8362,Invoice,,
Payment9660,Payment,,
PO4719,Purchase Order,23095.35,Created
GRN5496,Goods Receipt,,
Invoice4716,Invoice,,
Payment185,Payment,,
PO6847,Purchase Order,19176.02,Created
GRN9751,Goods Receipt,,
Invoice4370,Invoice,,
Payment5658,Payment,,
PO2453,Purchase Order,4125.51,Created
GRN9052,Goods Receipt,,
Invoice3787,Invoice,,
Payment6220,Payment,,
PO7680,Purchase Order,8485.61,Created
GRN6964,Goods Receipt,,
Invoice9055,Invoice,,
Payment4459,Payment,,
PO7814,Purchase Order,8542.87,Created
GRN9059,Goods Receipt,,
Invoice5264,Invoice,,
Payment7105,Payment,,
PO3689,Purchase Order,9347.09,Created
GRN4202,Goods Receipt,,
Invoice5918,Invoice,,
Payment9221,Payment,,
PO5800,Purchase Order,3092.95,Created
GRN2289,Goods Receipt,,
Invoice2159,Invoice,,
Payment5790,Payment,,
PO7879,Purchase Order,10540.64,Created
GRN8466,Goods Receipt,,
Invoice1784,Invoice,,
Payment4639,Payment,,
PO4018,Purchase Order,5491.58,Created
GRN8500,Goods Receipt,,
Invoice8077,Invoice,,
Payment9540,Payment,,
PO8210,Purchase Order,5587.63,Created
GRN1535,Goods Receipt,,
Invoice3786,Invoice,,
Payment7749,Payment,,
PO7137,Purchase Order,3880.61,Created
GRN4079,Goods Receipt,,
Invoice9358,Invoice,,
Payment7325,Payment,,
PO4755,Purchase Order,28083.210000000003,Created
GRN3570,Goods Receipt,,
Invoice7270,Invoice,,
Payment5882,Payment,,
PO2566,Purchase Order,33786.189999999995,Created
GRN7055,Goods Receipt,,
Invoice8983,Invoice,,
Payment797,Payment,,
PO3122,Purchase Order,3154.33,Created
GRN9462,Goods Receipt,,
Invoice3953,Invoice,,
Payment4409,Payment,,
PO6508,Purchase Order,2572.71,Created
GRN7175,Goods Receipt,,
Invoice2009,Invoice,,
PO1137,Purchase Order,17613.72,Created
GRN268,Goods Receipt,,
Invoice314,Invoice,,
Payment8764,Payment,,
PO506,Purchase Order,34853.14,Created
GRN7765,Goods Receipt,,
Invoice309,Invoice,,
Payment1950,Payment,,
PO2937,Purchase Order,7216.68,Created
GRN2944,Goods Receipt,,
Invoice6741,Invoice,,
Payment4252,Payment,,
PO183,Purchase Order,8957.630000000001,Created
GRN5573,Goods Receipt,,
Invoice4985,Invoice,,
Payment2235,Payment,,
PO6131,Purchase Order,7151.42,Created
GRN5965,Goods Receipt,,
Invoice2309,Invoice,,
Payment5151,Payment,,
PO9056,Purchase Order,6185.3,Created
GRN3407,Goods Receipt,,
Payment7566,Payment,,
PO2124,Purchase Order,18202.91,Created
GRN6506,Goods Receipt,,
Invoice5042,Invoice,,
Payment5637,Payment,,
PO3051,Purchase Order,7151.71,Created
GRN3004,Goods Receipt,,
Invoice1315,Invoice,,
Payment5964,Payment,,
PO1817,Purchase Order,10614.27,Created
GRN3197,Goods Receipt,,
Invoice3722,Invoice,,
Payment3791,Payment,,
PO4509,Purchase Order,25752.73,Created
GRN6948,Goods Receipt,,
Invoice5392,Invoice,,
Payment8877,Payment,,
PO4725,Purchase Order,17281.260000000002,Created
GRN8800,Goods Receipt,,
Invoice2764,Invoice,,
Payment1862,Payment,,
PO3001,Purchase Order,19921.38,Created
GRN9849,Goods Receipt,,
Invoice3348,Invoice,,
Payment6985,Payment,,
PO1931,Purchase Order,19134.22,Created
GRN8429,Goods Receipt,,
Invoice7720,Invoice,,
Payment5446,Payment,,
PO4266,Purchase Order,640.35,Created
GRN5743,Goods Receipt,,
Invoice3590,Invoice,,
Payment6190,Payment,,
PO7733,Purchase Order,19455.48,Created
GRN2655,Goods Receipt,,
Invoice5934,Invoice,,
Payment9561,Payment,,
PO3818,Purchase Order,6835.6,Created
GRN1086,Goods Receipt,,
Invoice9877,Invoice,,
Payment8236,Payment,,
PO5942,Purchase Order,2835.63,Created
GRN2369,Goods Receipt,,
Invoice5258,Invoice,,
Payment588,Payment,,
PO425,Purchase Order,3100.41,Created
GRN8680,Goods Receipt,,
Invoice8505,Invoice,,
Payment4047,Payment,,
PO4715,Purchase Order,5179.99,Created
GRN910,Goods Receipt,,
Invoice5095,Invoice,,
Payment5612,Payment,,
PO3833,Purchase Order,1477.18,Created
GRN1009,Goods Receipt,,
Invoice1355,Invoice,,
Payment2310,Payment,,
PO6223,Purchase Order,4669.53,Created
GRN2446,Goods Receipt,,
Invoice2299,Invoice,,
Payment7213,Payment,,
PO4697,Purchase Order,13632.06,Created
GRN5608,Goods Receipt,,
Invoice1370,Invoice,,
Payment2736,Payment,,
PO795,Purchase Order,5020.88,Created
GRN1609,Goods Receipt,,
Invoice4215,Invoice,,
Payment4801,Payment,,
PO1193,Purchase Order,4009.5,Created
GRN2529,Goods Receipt,,
Invoice3937,Invoice,,
Payment860,Payment,,
PO6038,Purchase Order,15297.41,Created
GRN1488,Goods Receipt,,
Invoice7343,Invoice,,
Payment8900,Payment,,
PO7279,Purchase Order,21792.109999999997,Created
GRN7723,Goods Receipt,,
Invoice9156,Invoice,,
PO8191,Purchase Order,2320.8,Created
GRN1111,Goods Receipt,,
Invoice4121,Invoice,,
Payment6232,Payment,,
PO5209,Purchase Order,6214.4,Created
GRN4083,Goods Receipt,,
Invoice8464,Invoice,,
PO633,Purchase Order,2501.19,Created
GRN7221,Goods Receipt,,
Invoice6224,Invoice,,
Payment916,Payment,,
PO313,Purchase Order,4500.68,Created
GRN9802,Goods Receipt,,
Invoice9299,Invoice,,
Payment8164,Payment,,
PO5336,Purchase Order,30974.66,Created
GRN4886,Goods Receipt,,
Invoice9292,Invoice,,
Payment984,Payment,,
PO9904,Purchase Order,21889.46,Created
Invoice9505,Invoice,,
Payment5622,Payment,,
PO6380,Purchase Order,8445.83,Created
GRN8725,Goods Receipt,,
Invoice6810,Invoice,,
Payment8967,Payment,,
PO7538,Purchase Order,28898.51,Created
GRN3259,Goods Receipt,,
Invoice4555,Invoice,,
Payment5892,Payment,,
PO2879,Purchase Order,5487.780000000001,Created
GRN8881,Goods Receipt,,
Payment6217,Payment,,
PO2523,Purchase Order,32715.2,Created
GRN72,Goods Receipt,,
Invoice4702,Invoice,,
Payment3222,Payment,,
PO5655,Purchase Order,28165.87,Created
GRN7362,Goods Receipt,,
Invoice1019,Invoice,,
Payment9727,Payment,,
PO131,Purchase Order,28983.96,Created
GRN3468,Goods Receipt,,
Invoice9816,Invoice,,
Payment2583,Payment,,
PO9734,Purchase Order,3995.81,Created
GRN5843,Goods Receipt,,
Invoice4260,Invoice,,
Payment7789,Payment,,
PO1368,Purchase Order,29623.36,Created
GRN1303,Goods Receipt,,
Invoice7164,Invoice,,
Payment6522,Payment,,
PO3735,Purchase Order,12905.75,Created
GRN2061,Goods Receipt,,
Payment7182,Payment,,
PO1144,Purchase Order,12315.5,Created
GRN4921,Goods Receipt,,
Invoice4001,Invoice,,
Payment3178,Payment,,
PO3680,Purchase Order,7297.95,Created
GRN6157,Goods Receipt,,
Invoice8052,Invoice,,
Payment9150,Payment,,
PO1192,Purchase Order,5671.22,Created
GRN9057,Goods Receipt,,
Invoice4677,Invoice,,
Payment1075,Payment,,
PO9468,Purchase Order,25482.31,Created
GRN3533,Goods Receipt,,
Invoice342,Invoice,,
Payment7488,Payment,,
PO1457,Purchase Order,4345.69,Created
GRN3493,Goods Receipt,,
Invoice3500,Invoice,,
Payment3313,Payment,,
PO4858,Purchase Order,15661.87,Created
GRN6263,Goods Receipt,,
Invoice2112,Invoice,,
Payment9836,Payment,,
PO4777,Purchase Order,5804.04,Created
GRN5243,Goods Receipt,,
Invoice54,Invoice,,
Payment3469,Payment,,
PO9372,Purchase Order,15652.81,Created
GRN9775,Goods Receipt,,
Invoice1565,Invoice,,
Payment1591,Payment,,
PO523,Purchase Order,6181.1,Created
GRN1659,Goods Receipt,,
Invoice3609,Invoice,,
Payment9211,Payment,,
PO9154,Purchase Order,19970.02,Created
GRN5193,Goods Receipt,,
Invoice3844,Invoice,,
Payment9041,Payment,,
PO9274,Purchase Order,22469.48,Created
Invoice7401,Invoice,,
Payment1608,Payment,,
PO2897,Purchase Order,2194.64,Created
GRN1233,Goods Receipt,,
Invoice8350,Invoice,,
Payment778,Payment,,
PO6459,Purchase Order,31196.359999999997,Created
GRN1855,Goods Receipt,,
Invoice4387,Invoice,,
Payment549,Payment,,
PO1444,Purchase Order,7360.45,Created
GRN7507,Goods Receipt,,
Invoice8497,Invoice,,
Payment9051,Payment,,
PO5801,Purchase Order,9002.86,Created
GRN6523,Goods Receipt,,
Invoice7811,Invoice,,
Payment4361,Payment,,
PO5810,Purchase Order,9133.84,Created
GRN52,Goods Receipt,,
Invoice5821,Invoice,,
Payment3862,Payment,,
PO4520,Purchase Order,3083.6,Created
GRN7952,Goods Receipt,,
Invoice1012,Invoice,,
Payment4565,Payment,,
PO9668,Purchase Order,6732.56,Created
GRN1922,Goods Receipt,,
Invoice4448,Invoice,,
Payment4913,Payment,,
PO8958,Purchase Order,19765.7,Created
GRN4905,Goods Receipt,,
Payment2364,Payment,,
PO3983,Purchase Order,26704.06,Created
GRN4747,Goods Receipt,,
Invoice6487,Invoice,,
Payment1547,Payment,,
PO2510,Purchase Order,11801.82,Created
GRN9306,Goods Receipt,,
Invoice552,Invoice,,
Payment4483,Payment,,
PO4352,Purchase Order,2570.94,Created
GRN1339,Goods Receipt,,
Invoice7282,Invoice,,
Payment2460,Payment,,
PO3747,Purchase Order,22614.19,Created
GRN5483,Goods Receipt,,
Invoice6057,Invoice,,
PO5075,Purchase Order,21387.53,Created
GRN2829,Goods Receipt,,
Invoice948,Invoice,,
Payment1927,Payment,,
PO6434,Purchase Order,5699.73,Created
GRN2343,Goods Receipt,,
Invoice8040,Invoice,,
Payment9959,Payment,,
PO1388,Purchase Order,24402.29,Created
GRN3242,Goods Receipt,,
Invoice5360,Invoice,,
Payment9437,Payment,,
PO2002,Purchase Order,2028.06,Created
GRN8355,Goods Receipt,,
Invoice3355,Invoice,,
Payment4119,Payment,,
PO8315,Purchase Order,9237.26,Created
GRN9919,Goods Receipt,,
Invoice3292,Invoice,,
Payment8987,Payment,,
PO7791,Purchase Order,4460.82,Created
GRN2780,Goods Receipt,,
Invoice7080,Invoice,,
Payment4885,Payment,,
PO7853,Purchase Order,26749.73,Created
GRN9916,Goods Receipt,,
Invoice6727,Invoice,,
Payment4901,Payment,,
PO5649,Purchase Order,7856.01,Created
GRN8394,Goods Receipt,,
Invoice7161,Invoice,,
Payment5503,Payment,,
PO5219,Purchase Order,3937.85,Created
GRN5779,Goods Receipt,,
Invoice8807,Invoice,,
Payment6103,Payment,,
PO6670,Purchase Order,4235.57,Created
GRN7363,Goods Receipt,,
Payment817,Payment,,
PO7443,Purchase Order,27802.87,Created
GRN6006,Goods Receipt,,
Invoice8834,Invoice,,
Payment6608,Payment,,
PO1261,Purchase Order,1990.98,Created
GRN1126,Goods Receipt,,
Invoice4789,Invoice,,
Payment214,Payment,,
PO9504,Purchase Order,17659.23,Created
GRN6395,Goods Receipt,,
Invoice7465,Invoice,,
Payment9728,Payment,,
PO2941,Purchase Order,28219.960000000003,Created
GRN693,Goods Receipt,,
Payment8231,Payment,,
PO8930,Purchase Order,1178.64,Created
GRN5727,Goods Receipt,,
Invoice2049,Invoice,,
Payment4827,Payment,,
PO8200,Purchase Order,3107.01,Created
GRN6413,Goods Receipt,,
Invoice277,Invoice,,
Payment7238,Payment,,
PO574,Purchase Order,10145.91,Created
GRN2760,Goods Receipt,,
Invoice4321,Invoice,,
Payment4822,Payment,,
PO2247,Purchase Order,4191.75,Created
GRN1851,Goods Receipt,,
Invoice4757,Invoice,,
Payment3320,Payment,,
PO6203,Purchase Order,13320.69,Created
GRN6024,Goods Receipt,,
Invoice9506,Invoice,,
Payment6957,Payment,,
PO1395,Purchase Order,6678.35,Created
GRN1801,Goods Receipt,,
Invoice665,Invoice,,
Payment6267,Payment,,
PO2657,Purchase Order,9543.12,Created
GRN5964,Goods Receipt,,
Invoice5100,Invoice,,
Payment1244,Payment,,
PO1838,Purchase Order,12939.02,Created
GRN3319,Goods Receipt,,
Invoice3264,Invoice,,
Payment2023,Payment,,
PO8064,Purchase Order,4778.56,Created
GRN1497,Goods Receipt,,
Invoice251,Invoice,,
Payment151,Payment,,
PO5108,Purchase Order,13607.7,Created
GRN7125,Goods Receipt,,
Invoice6829,Invoice,,
Payment3701,Payment,,
PO8250,Purchase Order,4453.26,Created
GRN8177,Goods Receipt,,
Invoice8693,Invoice,,
Payment9550,Payment,,
PO6393,Purchase Order,4827.4,Created
GRN1323,Goods Receipt,,
Invoice9146,Invoice,,
Payment1763,Payment,,
PO6888,Purchase Order,25939.8,Created
GRN2315,Goods Receipt,,
Invoice4043,Invoice,,
Payment3595,Payment,,
PO1926,Purchase Order,4487.7,Created
GRN6311,Goods Receipt,,
Invoice9285,Invoice,,
Payment9603,Payment,,
PO3196,Purchase Order,6789.89,Created
GRN81,Goods Receipt,,
Invoice6765,Invoice,,
Payment1663,Payment,,
PO1917,Purchase Order,6856.2,Created
GRN4064,Goods Receipt,,
Invoice182,Invoice,,
Payment4115,Payment,,
PO7291,Purchase Order,17945.86,Created
GRN8104,Goods Receipt,,
Invoice8964,Invoice,,
Payment4789,Payment,,
PO2712,Purchase Order,15999.58,Created
GRN3154,Goods Receipt,,
Invoice3900,Invoice,,
Payment4854,Payment,,
PO9837,Purchase Order,13439.7,Created
GRN8589,Goods Receipt,,
Invoice586,Invoice,,
Payment8593,Payment,,
PO7055,Purchase Order,7410.92,Created
GRN8209,Goods Receipt,,
Invoice7681,Invoice,,
Payment6706,Payment,,
PO4307,Purchase Order,1495.67,Created
GRN5595,Goods Receipt,,
Invoice603,Invoice,,
Payment1264,Payment,,
PO698,Purchase Order,4913.85,Created
GRN5163,Goods Receipt,,
Invoice6118,Invoice,,
Payment1566,Payment,,
PO9535,Purchase Order,21308.96,Created
GRN3306,Goods Receipt,,
Invoice9211,Invoice,,
Payment9825,Payment,,
PO407,Purchase Order,34396.55,Created
Invoice5977,Invoice,,
Payment27,Payment,,
PO8850,Purchase Order,9972.3,Created
GRN2839,Goods Receipt,,
Invoice5769,Invoice,,
Payment3172,Payment,,
PO4235,Purchase Order,2558.55,Created
GRN7194,Goods Receipt,,
Payment3715,Payment,,
PO8841,Purchase Order,22422.99,Created
GRN9855,Goods Receipt,,
Invoice7583,Invoice,,
Payment9197,Payment,,
PO7907,Purchase Order,11596.65,Created
GRN9510,Goods Receipt,,
Invoice1490,Invoice,,
Payment7364,Payment,,
PO6518,Purchase Order,28525.72,Created
GRN5348,Goods Receipt,,
Invoice6182,Invoice,,
Payment5884,Payment,,
PO9585,Purchase Order,18290.29,Created
GRN7808,Goods Receipt,,
Invoice234,Invoice,,
Payment8865,Payment,,
PO3249,Purchase Order,3956.08,Created
GRN2642,Goods Receipt,,
Invoice6080,Invoice,,
Payment2323,Payment,,
PO3650,Purchase Order,10438.26,Created
GRN27,Goods Receipt,,
Invoice3104,Invoice,,
Payment9795,Payment,,
PO4590,Purchase Order,19336.97,Created
GRN8149,Goods Receipt,,
Invoice5302,Invoice,,
Payment4562,Payment,,
PO8963,Purchase Order,20692.23,Created
GRN5699,Goods Receipt,,
Invoice2686,Invoice,,
Payment4697,Payment,,
PO2660,Purchase Order,29534.71,Created
GRN5818,Goods Receipt,,
Invoice7535,Invoice,,
Payment2523,Payment,,
PO8540,Purchase Order,4293.25,Created
GRN214,Goods Receipt,,
Invoice6285,Invoice,,
Payment4408,Payment,,
PO7333,Purchase Order,10852.98,Created
GRN5317,Goods Receipt,,
Invoice1343,Invoice,,
Payment3223,Payment,,
PO7125,Purchase Order,8256.07,Created
GRN7210,Goods Receipt,,
Invoice1224,Invoice,,
Payment8507,Payment,,
PO4813,Purchase Order,25958.26,Created
GRN6909,Goods Receipt,,
Invoice6626,Invoice,,
Payment7902,Payment,,
PO6340,Purchase Order,10869.34,Created
GRN35,Goods Receipt,,
Invoice8469,Invoice,,
Payment6819,Payment,,
PO2973,Purchase Order,15168.99,Created
GRN4752,Goods Receipt,,
Invoice7817,Invoice,,
Payment7309,Payment,,
PO213,Purchase Order,10281.77,Created
GRN1604,Goods Receipt,,
Invoice9960,Invoice,,
Payment7138,Payment,,
PO5743,Purchase Order,3207.19,Created
GRN6451,Goods Receipt,,
Invoice8808,Invoice,,
Payment6558,Payment,,
PO3924,Purchase Order,3062.59,Created
GRN8605,Goods Receipt,,
Invoice7776,Invoice,,
Payment8544,Payment,,
PO3024,Purchase Order,31526.729999999996,Created
GRN4971,Goods Receipt,,
Invoice6958,Invoice,,
Payment5997,Payment,,
PO6032,Purchase Order,10450.61,Created
GRN8829,Goods Receipt,,
Invoice9813,Invoice,,
Payment6604,Payment,,
PO3332,Purchase Order,5422.22,Created
GRN898,Goods Receipt,,
Invoice3207,Invoice,,
PO8925,Purchase Order,13108.61,Created
GRN4793,Goods Receipt,,
Invoice266,Invoice,,
Payment4434,Payment,,
PO1276,Purchase Order,35118.25,Created
GRN4966,Goods Receipt,,
Invoice2969,Invoice,,
Payment4359,Payment,,
PO1990,Purchase Order,5515.12,Created
GRN325,Goods Receipt,,
Invoice5983,Invoice,,
Payment1568,Payment,,
PO6654,Purchase Order,12906.08,Created
GRN1612,Goods Receipt,,
Invoice4773,Invoice,,
Payment4069,Payment,,
PO3590,Purchase Order,5315.14,Created
GRN3463,Goods Receipt,,
Invoice5765,Invoice,,
Payment84,Payment,,
PO5732,Purchase Order,8636.81,Created
GRN763,Goods Receipt,,
Invoice35,Invoice,,
Payment6470,Payment,,
PO8408,Purchase Order,6398.93,Created
GRN6770,Goods Receipt,,
Invoice9259,Invoice,,
Payment5135,Payment,,
PO2399,Purchase Order,27788.29,Created
GRN4800,Goods Receipt,,
Invoice6869,Invoice,,
Payment8723,Payment,,
PO6360,Purchase Order,1115.03,Created
GRN2574,Goods Receipt,,
Payment7669,Payment,,
PO7340,Purchase Order,4851.58,Created
GRN3061,Goods Receipt,,
Invoice863,Invoice,,
Payment4041,Payment,,
PO2754,Purchase Order,11500.46,Created
GRN8417,Goods Receipt,,
Invoice1636,Invoice,,
Payment2095,Payment,,
PO4049,Purchase Order,9085.83,Created
GRN5416,Goods Receipt,,
Invoice2171,Invoice,,
Payment8076,Payment,,
PO8006,Purchase Order,18808.24,Created
Invoice7301,Invoice,,
Payment9926,Payment,,
PO9311,Purchase Order,6298.41,Created
GRN8227,Goods Receipt,,
Invoice9169,Invoice,,
Payment7373,Payment,,
PO6473,Purchase Order,3258.25,Created
GRN844,Goods Receipt,,
Invoice8895,Invoice,,
Payment6248,Payment,,
PO6975,Purchase Order,21434.6,Created
GRN4231,Goods Receipt,,
Invoice3097,Invoice,,
Payment5172,Payment,,
PO4980,Purchase Order,3567.28,Created
GRN7739,Goods Receipt,,
Invoice3877,Invoice,,
Payment3598,Payment,,
PO427,Purchase Order,6346.27,Created
GRN5771,Goods Receipt,,
Invoice7961,Invoice,,
Payment4350,Payment,,
PO9808,Purchase Order,4064.1,Created
GRN4916,Goods Receipt,,
Invoice7983,Invoice,,
Payment3970,Payment,,
PO6933,Purchase Order,3527.33,Created
GRN7543,Goods Receipt,,
Invoice640,Invoice,,
Payment3453,Payment,,
PO938,Purchase Order,9908.71,Created
GRN3851,Goods Receipt,,
Invoice4972,Invoice,,
Payment3199,Payment,,
PO6962,Purchase Order,32922.01,Created
GRN843,Goods Receipt,,
Invoice4693,Invoice,,
Payment4205,Payment,,
PO3124,Purchase Order,14251.9,Created
GRN6671,Goods Receipt,,
Invoice1218,Invoice,,
Payment7010,Payment,,
PO7262,Purchase Order,15349.21,Created
GRN1062,Goods Receipt,,
Invoice695,Invoice,,
Payment1262,Payment,,
PO9025,Purchase Order,3203.5,Created
GRN7606,Goods Receipt,,
Invoice7678,Invoice,,
Payment6265,Payment,,
PO3757,Purchase Order,5574.8,Created
Invoice4902,Invoice,,
Payment2464,Payment,,
PO414,Purchase Order,5337.67,Created
GRN1444,Goods Receipt,,
Invoice1439,Invoice,,
Payment1114,Payment,,
PO289,Purchase Order,12193.92,Created
GRN8366,Goods Receipt,,
Invoice1967,Invoice,,
Payment6066,Payment,,
PO3285,Purchase Order,14439.44,Created
GRN9883,Goods Receipt,,
Invoice6446,Invoice,,
Payment5185,Payment,,
PO3010,Purchase Order,805.34,Created
GRN815,Goods Receipt,,
Invoice5667,Invoice,,
Payment2159,Payment,,
PO8542,Purchase Order,23163.68,Created
GRN1196,Goods Receipt,,
Invoice944,Invoice,,
Payment1985,Payment,,
PO8028,Purchase Order,4983.2,Created
GRN6043,Goods Receipt,,
Invoice171,Invoice,,
Payment5692,Payment,,
PO5173,Purchase Order,4927.1,Created
GRN7305,Goods Receipt,,
Invoice8340,Invoice,,
Payment7846,Payment,,
PO2603,Purchase Order,4277.74,Created
GRN6041,Goods Receipt,,
Payment6787,Payment,,
PO1855,Purchase Order,5569.73,Created
GRN7799,Goods Receipt,,
Invoice4130,Invoice,,
Payment4012,Payment,,
PO2297,Purchase Order,5515.51,Created
GRN2609,Goods Receipt,,
Invoice7548,Invoice,,
Payment3060,Payment,,
PO8441,Purchase Order,30940.28,Created
GRN7301,Goods Receipt,,
Invoice5487,Invoice,,
Payment167,Payment,,
PO3431,Purchase Order,5160.66,Created
GRN8792,Goods Receipt,,
Invoice9086,Invoice,,
Payment4486,Payment,,
PO1757,Purchase Order,4868.86,Created
GRN5372,Goods Receipt,,
Invoice5295,Invoice,,
Payment7314,Payment,,
PO4561,Purchase Order,34092.06,Created
GRN516,Goods Receipt,,
Invoice480,Invoice,,
Payment2282,Payment,,
PO7936,Purchase Order,5747.77,Created
GRN8583,Goods Receipt,,
Invoice356,Invoice,,
Payment1695,Payment,,
PO9030,Purchase Order,4868.08,Created
GRN6911,Goods Receipt,,
Invoice3868,Invoice,,
Payment9506,Payment,,
PO6365,Purchase Order,7242.12,Created
GRN4121,Goods Receipt,,
Invoice6530,Invoice,,
Payment3637,Payment,,
PO1342,Purchase Order,2448.35,Created
GRN4272,Goods Receipt,,
Invoice7178,Invoice,,
Payment4511,Payment,,
PO4220,Purchase Order,3297.66,Created
GRN875,Goods Receipt,,
Invoice5300,Invoice,,
PO1391,Purchase Order,23257.39,Created
GRN4393,Goods Receipt,,
Invoice124,Invoice,,
Payment635,Payment,,
PO4562,Purchase Order,2563.04,Created
GRN9778,Goods Receipt,,
Invoice9274,Invoice,,
Payment9467,Payment,,
PO3430,Purchase Order,1499.31,Created
GRN1835,Goods Receipt,,
Invoice6328,Invoice,,
Payment5734,Payment,,
PO8134,Purchase Order,2354.85,Created
GRN9085,Goods Receipt,,
Invoice3245,Invoice,,
Payment7514,Payment,,
PO2019,Purchase Order,4199.55,Created
GRN5127,Goods Receipt,,
Invoice9390,Invoice,,
Payment5797,Payment,,
PO590,Purchase Order,17878.79,Created
GRN7459,Goods Receipt,,
Invoice2591,Invoice,,
Payment4262,Payment,,
PO3030,Purchase Order,6492.78,Created
GRN2019,Goods Receipt,,
Invoice1202,Invoice,,
Payment2328,Payment,,
PO9313,Purchase Order,4825.93,Created
GRN3749,Goods Receipt,,
Invoice8344,Invoice,,
Payment1282,Payment,,
PO5997,Purchase Order,20297.55,Created
GRN961,Goods Receipt,,
Invoice817,Invoice,,
Payment394,Payment,,
PO4450,Purchase Order,25780.179999999997,Created
GRN8818,Goods Receipt,,
Invoice9709,Invoice,,
Payment7945,Payment,,
PO5739,Purchase Order,4017.43,Created
GRN760,Goods Receipt,,
Invoice9758,Invoice,,
Payment8238,Payment,,
PO8753,Purchase Order,1772.3,Created
GRN2942,Goods Receipt,,
Invoice8912,Invoice,,
Payment8748,Payment,,
PO3803,Purchase Order,7347.64,Created
GRN7725,Goods Receipt,,
Invoice6095,Invoice,,
Payment7253,Payment,,
PO6620,Purchase Order,5467.18,Created
GRN3192,Goods Receipt,,
Invoice9529,Invoice,,
Payment4627,Payment,,
PO9043,Purchase Order,12637.87,Created
GRN3070,Goods Receipt,,
Invoice7490,Invoice,,
Payment7646,Payment,,
PO7893,Purchase Order,17503.1,Created
GRN5402,Goods Receipt,,
Invoice4217,Invoice,,
Payment9763,Payment,,
PO7816,Purchase Order,23241.07,Created
GRN5524,Goods Receipt,,
Invoice6211,Invoice,,
Payment9913,Payment,,
PO2161,Purchase Order,10792.98,Created
GRN6338,Goods Receipt,,
Invoice2452,Invoice,,
Payment6135,Payment,,
GRN2107,Goods Receipt,,
Invoice3603,Invoice,,
Payment4306,Payment,,
PO502,Purchase Order,25235.86,Created
GRN8702,Goods Receipt,,
Invoice6504,Invoice,,
Payment6970,Payment,,
PO8277,Purchase Order,10741.77,Created
GRN3190,Goods Receipt,,
Invoice7365,Invoice,,
Payment1680,Payment,,
PO1573,Purchase Order,30455.67,Created
GRN6340,Goods Receipt,,
Invoice3657,Invoice,,
Payment6051,Payment,,
PO6111,Purchase Order,3871.49,Created
GRN3892,Goods Receipt,,
Invoice8132,Invoice,,
Payment6328,Payment,,
PO7892,Purchase Order,12221.1,Created
GRN2661,Goods Receipt,,
Payment750,Payment,,
PO7639,Purchase Order,15723.68,Created
GRN8170,Goods Receipt,,
Invoice4748,Invoice,,
Payment7626,Payment,,
PO2675,Purchase Order,30785.8,Created
GRN3956,Goods Receipt,,
Invoice5954,Invoice,,
Payment7100,Payment,,
PO8075,Purchase Order,12112.56,Created
GRN9580,Goods Receipt,,
Invoice1388,Invoice,,
Payment4776,Payment,,
PO9703,Purchase Order,7574.7,Created
GRN2227,Goods Receipt,,
Invoice2342,Invoice,,
Payment7645,Payment,,
PO7752,Purchase Order,7718.87,Created
GRN8922,Goods Receipt,,
Invoice5124,Invoice,,
Payment9167,Payment,,
PO9446,Purchase Order,16503.06,Created
GRN8559,Goods Receipt,,
Invoice5338,Invoice,,
Payment723,Payment,,
GRN2173,Goods Receipt,,
Invoice4011,Invoice,,
Payment4493,Payment,,
PO273,Purchase Order,5077.0,Created
GRN2274,Goods Receipt,,
Invoice4873,Invoice,,
Payment1908,Payment,,
PO4355,Purchase Order,725.83,Created
GRN3750,Goods Receipt,,
Invoice7531,Invoice,,
Payment6369,Payment,,
PO9591,Purchase Order,4987.99,Created
GRN2297,Goods Receipt,,
Invoice2692,Invoice,,
Payment1311,Payment,,
PO8673,Purchase Order,21335.59,Created
GRN6988,Goods Receipt,,
Invoice3682,Invoice,,
Payment7639,Payment,,
PO1408,Purchase Order,8788.65,Created
GRN9801,Goods Receipt,,
Invoice254,Invoice,,
Payment2352,Payment,,
PO2086,Purchase Order,7129.26,Created
GRN8614,Goods Receipt,,
Invoice1351,Invoice,,
Payment5867,Payment,,
PO2961,Purchase Order,6366.58,Created
GRN7560,Goods Receipt,,
Invoice3494,Invoice,,
Payment5761,Payment,,
PO2467,Purchase Order,9118.72,Created
GRN3891,Goods Receipt,,
Invoice9203,Invoice,,
Payment8279,Payment,,
PO4594,Purchase Order,2954.76,Created
GRN8608,Goods Receipt,,
Invoice8423,Invoice,,
Payment4268,Payment,,
PO8531,Purchase Order,7712.01,Created
GRN7267,Goods Receipt,,
Invoice4436,Invoice,,
Payment9798,Payment,,
PO733,Purchase Order,31188.7,Created
GRN1987,Goods Receipt,,
Invoice1729,Invoice,,
Payment7285,Payment,,
PO8222,Purchase Order,1724.93,Created
GRN377,Goods Receipt,,
Invoice5784,Invoice,,
Payment3529,Payment,,
PO8600,Purchase Order,32809.21,Created
GRN2102,Goods Receipt,,
Invoice6951,Invoice,,
Payment9338,Payment,,
PO7711,Purchase Order,20653.89,Created
GRN9680,Goods Receipt,,
Invoice5188,Invoice,,
Payment2492,Payment,,
PO3635,Purchase Order,4816.41,Created
GRN9486,Goods Receipt,,
Invoice7573,Invoice,,
Payment8326,Payment,,
PO5050,Purchase Order,4434.66,Created
GRN6261,Goods Receipt,,
Invoice2936,Invoice,,
Payment7938,Payment,,
PO6328,Purchase Order,3897.4,Created
GRN9341,Goods Receipt,,
Invoice4282,Invoice,,
Payment5813,Payment,,
PO9588,Purchase Order,4597.09,Created
GRN573,Goods Receipt,,
Invoice1493,Invoice,,
Payment3283,Payment,,
PO9740,Purchase Order,13196.73,Created
GRN4076,Goods Receipt,,
Invoice3528,Invoice,,
Payment6466,Payment,,
PO8059,Purchase Order,6272.42,Created
GRN5029,Goods Receipt,,
Invoice6261,Invoice,,
Payment7510,Payment,,
PO4751,Purchase Order,20014.96,Created
GRN982,Goods Receipt,,
Invoice7291,Invoice,,
Payment3577,Payment,,
PO5254,Purchase Order,13575.18,Created
GRN5251,Goods Receipt,,
Invoice7229,Invoice,,
Payment8869,Payment,,
PO5757,Purchase Order,8756.13,Created
GRN1417,Goods Receipt,,
Invoice7651,Invoice,,
Payment3524,Payment,,
PO7904,Purchase Order,12709.240000000002,Created
GRN9122,Goods Receipt,,
Invoice2125,Invoice,,
Payment6664,Payment,,
PO3873,Purchase Order,4819.81,Created
GRN5470,Goods Receipt,,
Invoice3223,Invoice,,
Payment8674,Payment,,
PO6329,Purchase Order,23397.95,Created
GRN5442,Goods Receipt,,
Invoice1414,Invoice,,
Payment7660,Payment,,
PO3808,Purchase Order,2961.29,Created
GRN5491,Goods Receipt,,
Invoice6311,Invoice,,
PO3302,Purchase Order,4174.46,Created
GRN8164,Goods Receipt,,
Invoice8320,Invoice,,
Payment9479,Payment,,
PO4479,Purchase Order,23391.06,Created
GRN5813,Goods Receipt,,
Invoice3436,Invoice,,
PO2741,Purchase Order,2955.52,Created
GRN1432,Goods Receipt,,
Invoice4816,Invoice,,
Payment4028,Payment,,
PO5820,Purchase Order,4746.48,Created
GRN4316,Goods Receipt,,
Invoice3464,Invoice,,
Payment2223,Payment,,
PO6602,Purchase Order,35113.21000000001,Created
GRN8200,Goods Receipt,,
Invoice6688,Invoice,,
Payment7240,Payment,,
PO829,Purchase Order,7447.74,Created
GRN8607,Goods Receipt,,
Invoice8427,Invoice,,
Payment4161,Payment,,
PO4821,Purchase Order,4691.51,Created
GRN6039,Goods Receipt,,
Invoice9688,Invoice,,
Payment6958,Payment,,
PO4173,Purchase Order,21831.97,Created
GRN8254,Goods Receipt,,
Invoice3728,Invoice,,
Payment9715,Payment,,
PO1028,Purchase Order,17409.47,Created
GRN1022,Goods Receipt,,
Invoice5527,Invoice,,
Payment1840,Payment,,
PO1116,Purchase Order,6177.16,Created
GRN5440,Goods Receipt,,
Invoice6876,Invoice,,
Payment1424,Payment,,
PO6269,Purchase Order,4880.17,Created
GRN5908,Goods Receipt,,
Invoice169,Invoice,,
Payment2997,Payment,,
PO9995,Purchase Order,25629.409999999996,Created
GRN8,Goods Receipt,,
Invoice4465,Invoice,,
Payment7215,Payment,,
PO124,Purchase Order,5923.53,Created
GRN2209,Goods Receipt,,
Invoice3247,Invoice,,
Payment3597,Payment,,
PO8921,Purchase Order,10315.83,Created
GRN2666,Goods Receipt,,
Invoice5917,Invoice,,
Payment7028,Payment,,
PO6246,Purchase Order,4792.65,Created
GRN1716,Goods Receipt,,
Invoice1971,Invoice,,
Payment3650,Payment,,
PO9390,Purchase Order,24779.58,Created
GRN104,Goods Receipt,,
Payment9579,Payment,,
PO1610,Purchase Order,9105.54,Created
GRN3591,Goods Receipt,,
Invoice8420,Invoice,,
Payment7498,Payment,,
PO7072,Purchase Order,24388.91,Created
GRN4846,Goods Receipt,,
Invoice3921,Invoice,,
Payment9143,Payment,,
PO8181,Purchase Order,5944.51,Created
GRN8574,Goods Receipt,,
Invoice4439,Invoice,,
Payment4698,Payment,,
PO720,Purchase Order,5073.13,Created
GRN5624,Goods Receipt,,
Invoice216,Invoice,,
Payment3678,Payment,,
PO7667,Purchase Order,31282.490000000005,Created
GRN1767,Goods Receipt,,
Invoice1580,Invoice,,
Payment3980,Payment,,
PO7856,Purchase Order,1399.63,Created
GRN7142,Goods Receipt,,
Invoice6112,Invoice,,
Payment7575,Payment,,
PO6169,Purchase Order,4540.48,Created
GRN6628,Goods Receipt,,
Invoice7053,Invoice,,
Payment77,Payment,,
PO8982,Purchase Order,5266.41,Created
GRN6899,Goods Receipt,,
Invoice4174,Invoice,,
Payment6222,Payment,,
PO1145,Purchase Order,3613.84,Created
GRN7307,Goods Receipt,,
Invoice7766,Invoice,,
Payment6859,Payment,,
PO4782,Purchase Order,8507.44,Created
GRN6634,Goods Receipt,,
Invoice9478,Invoice,,
Payment7485,Payment,,
PO9553,Purchase Order,4918.27,Created
Invoice8906,Invoice,,
Payment1404,Payment,,
Invoice8943,Invoice,,
PO140,Purchase Order,15331.72,Created
GRN2188,Goods Receipt,,
Invoice8119,Invoice,,
Payment3609,Payment,,
PO5308,Purchase Order,2361.97,Created
GRN7385,Goods Receipt,,
Invoice8995,Invoice,,
Payment7258,Payment,,
PO3059,Purchase Order,3101.64,Created
GRN112,Goods Receipt,,
Invoice9282,Invoice,,
Payment9033,Payment,,
PO7499,Purchase Order,10421.14,Created
GRN9177,Goods Receipt,,
Invoice5962,Invoice,,
PO6439,Purchase Order,5502.57,Created
GRN9985,Goods Receipt,,
Invoice8361,Invoice,,
Payment8196,Payment,,
PO6667,Purchase Order,7728.36,Created
GRN7919,Goods Receipt,,
Invoice2301,Invoice,,
Payment6279,Payment,,
PO941,Purchase Order,7117.16,Created
GRN4738,Goods Receipt,,
Invoice4763,Invoice,,
Payment5239,Payment,,
PO8543,Purchase Order,953.29,Created
GRN3199,Goods Receipt,,
Invoice4478,Invoice,,
PO9499,Purchase Order,31391.43,Created
GRN5033,Goods Receipt,,
Invoice930,Invoice,,
Payment4275,Payment,,
PO7424,Purchase Order,6510.87,Created
GRN8133,Goods Receipt,,
Invoice6023,Invoice,,
Payment5476,Payment,,
PO9072,Purchase Order,3694.21,Created
GRN98,Goods Receipt,,
Invoice4517,Invoice,,
Payment7783,Payment,,
PO4798,Purchase Order,2242.47,Created
GRN6427,Goods Receipt,,
Invoice2668,Invoice,,
Payment9254,Payment,,
PO2892,Purchase Order,7022.5,Created
GRN4686,Goods Receipt,,
Invoice7517,Invoice,,
Payment9484,Payment,,
PO2957,Purchase Order,7110.76,Created
GRN3342,Goods Receipt,,
Invoice2797,Invoice,,
Payment2151,Payment,,
PO1246,Purchase Order,1882.75,Created
GRN8602,Goods Receipt,,
Invoice5843,Invoice,,
Payment3990,Payment,,
PO8489,Purchase Order,6958.65,Created
GRN8764,Goods Receipt,,
Invoice8623,Invoice,,
Payment976,Payment,,
PO5553,Purchase Order,38467.78,Created
GRN5603,Goods Receipt,,
Invoice2932,Invoice,,
Payment2014,Payment,,
PO9839,Purchase Order,16596.18,Created
GRN5956,Goods Receipt,,
Invoice118,Invoice,,
Payment8743,Payment,,
PO1132,Purchase Order,6492.61,Created
GRN4177,Goods Receipt,,
Invoice4161,Invoice,,
PO7959,Purchase Order,22903.73,Created
GRN5778,Goods Receipt,,
Invoice4553,Invoice,,
Payment5763,Payment,,
PO5670,Purchase Order,34016.55,Created
GRN3302,Goods Receipt,,
Invoice61,Invoice,,
Payment451,Payment,,
PO5615,Purchase Order,4294.87,Created
GRN9062,Goods Receipt,,
Invoice2736,Invoice,,
Payment5347,Payment,,
PO4460,Purchase Order,26128.63,Created
GRN934,Goods Receipt,,
Payment5116,Payment,,
PO6168,Purchase Order,5209.860000000001,Created
GRN1288,Goods Receipt,,
Invoice6497,Invoice,,
Payment7578,Payment,,
PO6746,Purchase Order,5529.5,Created
GRN3318,Goods Receipt,,
Invoice4279,Invoice,,
Payment5325,Payment,,
PO3040,Purchase Order,5777.04,Created
GRN1711,Goods Receipt,,
Invoice4087,Invoice,,
Payment6371,Payment,,
PO5406,Purchase Order,30550.9,Created
GRN9472,Goods Receipt,,
Invoice8596,Invoice,,
Payment699,Payment,,
PO5679,Purchase Order,21437.71,Created
Invoice1251,Invoice,,
Payment5381,Payment,,
PO2465,Purchase Order,9258.4,Created
GRN2436,Goods Receipt,,
Invoice6259,Invoice,,
Payment5300,Payment,,
PO132,Purchase Order,23847.26,Created
GRN6021,Goods Receipt,,
Invoice9757,Invoice,,
Payment9358,Payment,,
PO799,Purchase Order,5752.28,Created
GRN1637,Goods Receipt,,
Invoice2016,Invoice,,
Payment4920,Payment,,
PO6052,Purchase Order,24379.15,Created
GRN5796,Goods Receipt,,
Invoice2507,Invoice,,
Payment8889,Payment,,
PO7062,Purchase Order,33448.200000000004,Created
GRN2328,Goods Receipt,,
Invoice566,Invoice,,
PO4955,Purchase Order,15482.89,Created
GRN3543,Goods Receipt,,
Invoice7665,Invoice,,
Payment495,Payment,,
PO2457,Purchase Order,7725.42,Created
GRN6211,Goods Receipt,,
Invoice3540,Invoice,,
Payment6374,Payment,,
PO9796,Purchase Order,4414.03,Created
GRN7167,Goods Receipt,,
Invoice1261,Invoice,,
Payment8074,Payment,,
PO6174,Purchase Order,19999.13,Created
GRN2665,Goods Receipt,,
Invoice7206,Invoice,,
Payment5524,Payment,,
PO7716,Purchase Order,25496.31,Created
GRN7658,Goods Receipt,,
Invoice6006,Invoice,,
Payment7553,Payment,,
PO5455,Purchase Order,5761.98,Created
GRN2743,Goods Receipt,,
Invoice4060,Invoice,,
Payment2842,Payment,,
PO6140,Purchase Order,19871.82,Created
GRN9621,Goods Receipt,,
Invoice4298,Invoice,,
Payment8776,Payment,,
PO6611,Purchase Order,8272.18,Created
GRN100,Goods Receipt,,
Invoice9457,Invoice,,
Payment3997,Payment,,
PO5078,Purchase Order,8708.53,Created
GRN1896,Goods Receipt,,
Invoice9373,Invoice,,
Payment545,Payment,,
PO5830,Purchase Order,12534.49,Created
Invoice2413,Invoice,,
Payment1581,Payment,,
PO14,Purchase Order,4918.07,Created
GRN7974,Goods Receipt,,
Invoice2136,Invoice,,
Payment6591,Payment,,
PO9408,Purchase Order,24016.67,Created
GRN6409,Goods Receipt,,
Invoice8611,Invoice,,
Payment8242,Payment,,
PO8814,Purchase Order,11531.09,Created
GRN1678,Goods Receipt,,
Invoice6854,Invoice,,
Payment7455,Payment,,
PO4237,Purchase Order,5757.5,Created
GRN5205,Goods Receipt,,
Invoice4593,Invoice,,
Payment1329,Payment,,
PO1404,Purchase Order,33098.12,Created
Invoice7551,Invoice,,
Payment5409,Payment,,
PO6272,Purchase Order,12193.679999999998,Created
GRN1237,Goods Receipt,,
Invoice8414,Invoice,,
Payment5727,Payment,,
PO542,Purchase Order,4609.37,Created
GRN4638,Goods Receipt,,
Invoice9487,Invoice,,
Payment8890,Payment,,
PO3322,Purchase Order,21561.18,Created
GRN3558,Goods Receipt,,
Invoice2740,Invoice,,
Payment1189,Payment,,
GRN2821,Goods Receipt,,
Invoice125,Invoice,,
Payment5341,Payment,,
PO6057,Purchase Order,25711.1,Created
GRN7583,Goods Receipt,,
Invoice5940,Invoice,,
Payment276,Payment,,
PO2684,Purchase Order,5175.38,Created
GRN7326,Goods Receipt,,
Invoice37,Invoice,,
Payment9909,Payment,,
PO1017,Purchase Order,6527.07,Created
GRN3112,Goods Receipt,,
Invoice8342,Invoice,,
Payment1665,Payment,,
PO2749,Purchase Order,24266.13,Created
GRN5814,Goods Receipt,,
Invoice9222,Invoice,,
Payment4861,Payment,,
PO1512,Purchase Order,5628.02,Created
GRN3290,Goods Receipt,,
Invoice4353,Invoice,,
Payment213,Payment,,
PO7391,Purchase Order,4303.11,Created
GRN6058,Goods Receipt,,
Invoice937,Invoice,,
Payment3176,Payment,,
PO3357,Purchase Order,8467.35,Created
GRN9589,Goods Receipt,,
Payment9653,Payment,,
PO4646,Purchase Order,20990.97,Created
GRN2448,Goods Receipt,,
Invoice7937,Invoice,,
Payment3527,Payment,,
PO3416,Purchase Order,5527.65,Created
GRN1789,Goods Receipt,,
Invoice7867,Invoice,,
Payment1677,Payment,,
PO6204,Purchase Order,416.05,Created
GRN4292,Goods Receipt,,
Invoice8442,Invoice,,
Payment7524,Payment,,
PO7027,Purchase Order,6626.81,Created
GRN769,Goods Receipt,,
Invoice3041,Invoice,,
Payment4630,Payment,,
PO1002,Purchase Order,30340.870000000003,Created
GRN8708,Goods Receipt,,
Payment6982,Payment,,
PO2861,Purchase Order,5797.5,Created
GRN2516,Goods Receipt,,
Invoice6950,Invoice,,
PO3340,Purchase Order,3186.13,Created
GRN5285,Goods Receipt,,
Invoice6329,Invoice,,
Payment5060,Payment,,
PO1597,Purchase Order,12854.4,Created
GRN8833,Goods Receipt,,
Payment5920,Payment,,
PO3581,Purchase Order,6904.47,Created
GRN2248,Goods Receipt,,
Invoice8369,Invoice,,
Payment8079,Payment,,
PO4624,Purchase Order,6029.12,Created
GRN2164,Goods Receipt,,
Invoice8170,Invoice,,
Payment5438,Payment,,
PO2851,Purchase Order,11219.31,Created
GRN9392,Goods Receipt,,
Invoice4507,Invoice,,
Payment9354,Payment,,
PO7120,Purchase Order,4287.37,Created
GRN7688,Goods Receipt,,
Invoice2761,Invoice,,
Payment310,Payment,,
PO2057,Purchase Order,4892.31,Created
GRN3900,Goods Receipt,,
Invoice4351,Invoice,,
PO8847,Purchase Order,26443.599999999995,Created
GRN2449,Goods Receipt,,
Invoice2741,Invoice,,
Payment7044,Payment,,
PO19,Purchase Order,33629.26,Created
GRN8913,Goods Receipt,,
Invoice4253,Invoice,,
Payment3978,Payment,,
PO4573,Purchase Order,7148.12,Created
GRN3477,Goods Receipt,,
Invoice3789,Invoice,,
PO7990,Purchase Order,5532.02,Created
GRN8989,Goods Receipt,,
Invoice4934,Invoice,,
Payment3397,Payment,,
GRN8481,Goods Receipt,,
Invoice5633,Invoice,,
Payment4351,Payment,,
PO3709,Purchase Order,2149.74,Created
GRN7387,Goods Receipt,,
Invoice8776,Invoice,,
Payment1986,Payment,,
PO4204,Purchase Order,6245.39,Created
GRN485,Goods Receipt,,
Invoice4451,Invoice,,
Payment7804,Payment,,
PO3168,Purchase Order,8166.35,Created
GRN8699,Goods Receipt,,
Invoice6651,Invoice,,
PO1713,Purchase Order,29453.03,Created
GRN7949,Goods Receipt,,
Invoice8779,Invoice,,
Payment2758,Payment,,
PO1752,Purchase Order,875.55,Created
GRN8160,Goods Receipt,,
Invoice2279,Invoice,,
Payment55,Payment,,
PO6692,Purchase Order,10978.04,Created
GRN9366,Goods Receipt,,
Payment9707,Payment,,
PO6,Purchase Order,2795.11,Created
GRN39,Goods Receipt,,
Invoice1121,Invoice,,
Payment9640,Payment,,
PO2801,Purchase Order,21896.12,Created
GRN8790,Goods Receipt,,
Invoice5328,Invoice,,
Payment8611,Payment,,
PO1799,Purchase Order,10294.33,Created
GRN5107,Goods Receipt,,
Invoice6919,Invoice,,
Payment7620,Payment,,
PO9243,Purchase Order,8855.93,Created
GRN1156,Goods Receipt,,
Invoice9049,Invoice,,
Payment4977,Payment,,
PO8236,Purchase Order,3830.98,Created
GRN7861,Goods Receipt,,
Invoice7425,Invoice,,
Payment3795,Payment,,
PO5278,Purchase Order,20983.93,Created
GRN6147,Goods Receipt,,
Invoice9937,Invoice,,
Payment9457,Payment,,
PO833,Purchase Order,25424.839999999997,Created
GRN8373,Goods Receipt,,
Invoice6445,Invoice,,
Payment2279,Payment,,
PO1714,Purchase Order,8810.77,Created
Payment3750,Payment,,
PO8733,Purchase Order,6267.28,Created
GRN1737,Goods Receipt,,
Invoice7011,Invoice,,
Payment2197,Payment,,
GRN8482,Goods Receipt,,
Invoice5044,Invoice,,
PO4493,Purchase Order,15235.02,Created
GRN3144,Goods Receipt,,
Invoice9892,Invoice,,
Payment6082,Payment,,
PO1481,Purchase Order,19141.48,Created
GRN7018,Goods Receipt,,
Invoice7285,Invoice,,
Payment7979,Payment,,
PO2322,Purchase Order,13473.7,Created
GRN9210,Goods Receipt,,
Invoice5848,Invoice,,
Payment6324,Payment,,
PO3920,Purchase Order,12153.9,Created
GRN4105,Goods Receipt,,
Invoice5728,Invoice,,
Payment2139,Payment,,
PO4633,Purchase Order,19561.93,Created
GRN8770,Goods Receipt,,
Invoice9062,Invoice,,
Payment429,Payment,,
PO430,Purchase Order,24730.32,Created
GRN850,Goods Receipt,,
Invoice8409,Invoice,,
Payment6212,Payment,,
PO2507,Purchase Order,5817.51,Created
GRN3490,Goods Receipt,,
Invoice1919,Invoice,,
PO7622,Purchase Order,12256.98,Created
GRN6767,Goods Receipt,,
Invoice9525,Invoice,,
Payment8969,Payment,,
PO980,Purchase Order,1154.12,Created
GRN2078,Goods Receipt,,
Invoice7633,Invoice,,
Payment6795,Payment,,
PO2237,Purchase Order,3441.31,Created
GRN8063,Goods Receipt,,
Invoice351,Invoice,,
Payment8481,Payment,,
PO3091,Purchase Order,14424.69,Created
GRN6886,Goods Receipt,,
Invoice2909,Invoice,,
Payment4226,Payment,,
PO9569,Purchase Order,7974.08,Created
GRN1560,Goods Receipt,,
Invoice7020,Invoice,,
Payment7445,Payment,,
PO2463,Purchase Order,3876.83,Created
GRN4123,Goods Receipt,,
Payment6317,Payment,,
PO2800,Purchase Order,4465.34,Created
GRN3385,Goods Receipt,,
Invoice3558,Invoice,,
Payment4415,Payment,,
Invoice1992,Invoice,,
Payment9645,Payment,,
GRN8088,Goods Receipt,,
Invoice7138,Invoice,,
Payment608,Payment,,
PO2423,Purchase Order,4459.54,Created
GRN4137,Goods Receipt,,
Invoice5840,Invoice,,
Payment1100,Payment,,
PO3020,Purchase Order,16642.42,Created
GRN9036,Goods Receipt,,
Invoice2371,Invoice,,
Payment4839,Payment,,
PO1580,Purchase Order,5559.56,Created
GRN4377,Goods Receipt,,
Invoice5218,Invoice,,
Payment7696,Payment,,
PO3465,Purchase Order,4969.87,Created
GRN612,Goods Receipt,,
Invoice3446,Invoice,,
Payment2365,Payment,,
PO2073,Purchase Order,5353.66,Created
GRN4677,Goods Receipt,,
Invoice238,Invoice,,
Payment3511,Payment,,
GRN2798,Goods Receipt,,
Invoice3345,Invoice,,
Payment7041,Payment,,
PO7428,Purchase Order,5211.4,Created
GRN3412,Goods Receipt,,
Invoice2024,Invoice,,
Payment4065,Payment,,
PO2740,Purchase Order,3532.38,Created
GRN9229,Goods Receipt,,
Invoice7380,Invoice,,
Payment4374,Payment,,
PO1433,Purchase Order,20336.2,Created
GRN6772,Goods Receipt,,
Invoice8452,Invoice,,
Payment768,Payment,,
GRN1225,Goods Receipt,,
Invoice8695,Invoice,,
Payment8891,Payment,,
PO8314,Purchase Order,7602.280000000001,Created
GRN8493,Goods Receipt,,
Invoice5330,Invoice,,
Payment6101,Payment,,
PO1128,Purchase Order,23686.63,Created
GRN880,Goods Receipt,,
Invoice9788,Invoice,,
Payment274,Payment,,
PO3106,Purchase Order,19193.96,Created
GRN4043,Goods Receipt,,
Payment3485,Payment,,
PO8912,Purchase Order,28964.339999999997,Created
GRN7528,Goods Receipt,,
Invoice8888,Invoice,,
Payment3817,Payment,,
GRN9037,Goods Receipt,,
Payment5874,Payment,,
PO8288,Purchase Order,3432.22,Created
GRN6563,Goods Receipt,,
Invoice2289,Invoice,,
Payment4212,Payment,,
PO7430,Purchase Order,23621.83,Created
GRN3826,Goods Receipt,,
Invoice8774,Invoice,,
Payment8452,Payment,,
PO4731,Purchase Order,39000.21,Created
GRN5651,Goods Receipt,,
Invoice7813,Invoice,,
Payment6071,Payment,,
PO5541,Purchase Order,19593.44,Created
GRN7609,Goods Receipt,,
Invoice655,Invoice,,
Payment2830,Payment,,
PO109,Purchase Order,21471.64,Created
GRN453,Goods Receipt,,
Invoice3058,Invoice,,
Payment1831,Payment,,
PO9574,Purchase Order,18124.88,Created
GRN9245,Goods Receipt,,
Invoice8853,Invoice,,
Payment1037,Payment,,
PO4760,Purchase Order,13087.64,Created
Invoice2092,Invoice,,
Payment5801,Payment,,
PO253,Purchase Order,10280.48,Created
GRN8451,Goods Receipt,,
Invoice8707,Invoice,,
Payment3051,Payment,,
PO764,Purchase Order,19213.46,Created
GRN5079,Goods Receipt,,
Invoice5496,Invoice,,
PO6663,Purchase Order,1380.01,Created
GRN2236,Goods Receipt,,
Invoice3962,Invoice,,
Payment3240,Payment,,
PO7729,Purchase Order,7041.11,Created
GRN169,Goods Receipt,,
Invoice1516,Invoice,,
Payment6325,Payment,,
PO9226,Purchase Order,25778.21,Created
GRN8159,Goods Receipt,,
Invoice8156,Invoice,,
Payment7348,Payment,,
PO8520,Purchase Order,3031.25,Created
GRN8461,Goods Receipt,,
Payment5673,Payment,,
GRN9009,Goods Receipt,,
Invoice4404,Invoice,,
Payment7788,Payment,,
PO2189,Purchase Order,5696.06,Created
GRN3855,Goods Receipt,,
Invoice6623,Invoice,,
Payment7772,Payment,,
PO3223,Purchase Order,29939.81,Created
Payment1310,Payment,,
PO2778,Purchase Order,21775.79,Created
GRN2984,Goods Receipt,,
Invoice5507,Invoice,,
Payment6290,Payment,,
PO2812,Purchase Order,6601.46,Created
GRN9946,Goods Receipt,,
Invoice217,Invoice,,
Payment9972,Payment,,
GRN6358,Goods Receipt,,
Invoice1926,Invoice,,
Payment1667,Payment,,
PO1581,Purchase Order,13251.82,Created
GRN4422,Goods Receipt,,
Invoice8846,Invoice,,
Payment2471,Payment,,
GRN4730,Goods Receipt,,
Invoice2252,Invoice,,
Payment7424,Payment,,
PO8924,Purchase Order,12859.22,Created
GRN8091,Goods Receipt,,
Invoice1896,Invoice,,
Payment9775,Payment,,
PO6286,Purchase Order,9664.31,Created
GRN7126,Goods Receipt,,
Invoice7303,Invoice,,
Payment4481,Payment,,
PO2764,Purchase Order,5898.98,Created
GRN9157,Goods Receipt,,
Invoice9137,Invoice,,
Payment2038,Payment,,
PO3639,Purchase Order,6031.2,Created
Invoice8880,Invoice,,
Payment7649,Payment,,
PO2511,Purchase Order,14193.26,Created
GRN5835,Goods Receipt,,
Payment2767,Payment,,
PO6571,Purchase Order,3156.47,Created
GRN2296,Goods Receipt,,
Invoice3928,Invoice,,
Payment266,Payment,,
PO5076,Purchase Order,6870.98,Created
GRN574,Goods Receipt,,
Invoice187,Invoice,,
Payment2999,Payment,,
PO1538,Purchase Order,6922.25,Created
GRN9857,Goods Receipt,,
Invoice2426,Invoice,,
Payment5041,Payment,,
PO9606,Purchase Order,5554.35,Created
GRN60,Goods Receipt,,
Invoice7172,Invoice,,
Payment9806,Payment,,
PO841,Purchase Order,5848.389999999999,Created
GRN771,Goods Receipt,,
Invoice7233,Invoice,,
Payment7543,Payment,,
PO8834,Purchase Order,18424.16,Created
GRN2979,Goods Receipt,,
Invoice8085,Invoice,,
Payment427,Payment,,
PO1045,Purchase Order,4759.59,Created
Invoice1864,Invoice,,
Payment3691,Payment,,
PO9179,Purchase Order,13812.250000000002,Created
GRN7228,Goods Receipt,,
Invoice4886,Invoice,,
Payment6920,Payment,,
PO6090,Purchase Order,30712.31,Created
GRN1265,Goods Receipt,,
Invoice9738,Invoice,,
Payment4853,Payment,,
PO279,Purchase Order,4203.75,Created
GRN6042,Goods Receipt,,
Invoice2903,Invoice,,
Payment9546,Payment,,
PO1138,Purchase Order,23813.31,Created
GRN5386,Goods Receipt,,
Invoice2350,Invoice,,
Payment1923,Payment,,
PO4300,Purchase Order,10128.74,Created
GRN6976,Goods Receipt,,
Invoice5478,Invoice,,
PO4088,Purchase Order,3645.23,Created
GRN7083,Goods Receipt,,
Invoice5739,Invoice,,
Payment3228,Payment,,
PO292,Purchase Order,14371.41,Created
GRN6859,Goods Receipt,,
Invoice7362,Invoice,,
Payment6607,Payment,,
PO7521,Purchase Order,23467.35,Created
GRN7266,Goods Receipt,,
Invoice6922,Invoice,,
Payment4527,Payment,,
PO9594,Purchase Order,6750.41,Created
GRN1049,Goods Receipt,,
Invoice6903,Invoice,,
Payment3573,Payment,,
PO2638,Purchase Order,7758.39,Created
GRN2625,Goods Receipt,,
PO8255,Purchase Order,12540.32,Created
GRN3095,Goods Receipt,,
Invoice5741,Invoice,,
Payment7190,Payment,,
PO1124,Purchase Order,4323.62,Created
GRN7786,Goods Receipt,,
Invoice453,Invoice,,
Payment2243,Payment,,
PO820,Purchase Order,36184.48,Created
GRN3995,Goods Receipt,,
Payment7704,Payment,,
PO6882,Purchase Order,3022.2,Created
Invoice3004,Invoice,,
Payment1220,Payment,,
PO1877,Purchase Order,5386.06,Created
GRN656,Goods Receipt,,
Invoice712,Invoice,,
Payment8234,Payment,,
PO6550,Purchase Order,8037.39,Created
GRN9293,Goods Receipt,,
Invoice5951,Invoice,,
Payment5207,Payment,,
PO1981,Purchase Order,30995.449999999997,Created
GRN4187,Goods Receipt,,
Invoice8924,Invoice,,
Payment7991,Payment,,
PO8606,Purchase Order,4048.06,Created
GRN7407,Goods Receipt,,
Invoice4102,Invoice,,
Payment6401,Payment,,
PO3478,Purchase Order,14972.75,Created
GRN5520,Goods Receipt,,
Invoice9368,Invoice,,
Payment4214,Payment,,
PO771,Purchase Order,6163.51,Created
GRN3697,Goods Receipt,,
Invoice8981,Invoice,,
Payment1378,Payment,,
PO7566,Purchase Order,16541.27,Created
GRN2076,Goods Receipt,,
Payment2542,Payment,,
PO5994,Purchase Order,16986.24,Created
Invoice2655,Invoice,,
Payment4927,Payment,,
PO8,Purchase Order,30190.42,Created
GRN158,Goods Receipt,,
Invoice6764,Invoice,,
Payment4849,Payment,,
PO2795,Purchase Order,4214.65,Created
GRN1892,Goods Receipt,,
Invoice1847,Invoice,,
Payment1440,Payment,,
PO1430,Purchase Order,5263.99,Created
GRN4303,Goods Receipt,,
Invoice2942,Invoice,,
Payment805,Payment,,
PO2591,Purchase Order,4780.63,Created
GRN1285,Goods Receipt,,
Invoice4839,Invoice,,
Payment9023,Payment,,
PO1149,Purchase Order,20326.86,Created
Invoice1597,Invoice,,
PO3316,Purchase Order,30386.44,Created
GRN9294,Goods Receipt,,
Invoice1900,Invoice,,
Payment3,Payment,,
PO6574,Purchase Order,4446.16,Created
GRN1366,Goods Receipt,,
Invoice6026,Invoice,,
Payment4864,Payment,,
PO3373,Purchase Order,40292.25,Created
GRN184,Goods Receipt,,
Payment2681,Payment,,
PO5792,Purchase Order,24515.23,Created
GRN8935,Goods Receipt,,
Invoice5118,Invoice,,
Payment116,Payment,,
PO4044,Purchase Order,32650.76,Created
GRN4439,Goods Receipt,,
Invoice4615,Invoice,,
Payment627,Payment,,
PO1899,Purchase Order,32726.17,Created
Invoice1801,Invoice,,
Payment7295,Payment,,
GRN5156,Goods Receipt,,
Invoice4052,Invoice,,
PO334,Purchase Order,4534.27,Created
GRN5808,Goods Receipt,,
Invoice6068,Invoice,,
Payment7183,Payment,,
PO8271,Purchase Order,11237.18,Created
GRN1715,Goods Receipt,,
Invoice1346,Invoice,,
Payment46,Payment,,
GRN3963,Goods Receipt,,
Invoice2216,Invoice,,
Payment7128,Payment,,
PO6485,Purchase Order,26957.87,Created
GRN8547,Goods Receipt,,
Invoice2156,Invoice,,
Payment4424,Payment,,
PO7649,Purchase Order,17638.620000000003,Created
GRN7751,Goods Receipt,,
Invoice1677,Invoice,,
Payment903,Payment,,
PO9250,Purchase Order,17017.379999999997,Created
GRN7491,Goods Receipt,,
Invoice6772,Invoice,,
Payment7465,Payment,,
PO5381,Purchase Order,28881.69,Created
GRN3287,Goods Receipt,,
Invoice1741,Invoice,,
Payment9300,Payment,,
PO6133,Purchase Order,2494.97,Created
GRN5629,Goods Receipt,,
Invoice9311,Invoice,,
Payment4305,Payment,,
PO6527,Purchase Order,4333.42,Created
GRN7148,Goods Receipt,,
Invoice2132,Invoice,,
Payment4030,Payment,,
PO8575,Purchase Order,26281.800000000003,Created
GRN5367,Goods Receipt,,
Invoice4222,Invoice,,
Payment9573,Payment,,
PO9305,Purchase Order,7202.68,Created
GRN4739,Goods Receipt,,
Invoice3727,Invoice,,
Payment4567,Payment,,
PO5523,Purchase Order,6244.57,Created
GRN4732,Goods Receipt,,
Invoice9352,Invoice,,
Payment8313,Payment,,
PO1435,Purchase Order,31440.0,Created
GRN9480,Goods Receipt,,
Invoice3799,Invoice,,
Payment3059,Payment,,
PO3790,Purchase Order,6487.96,Created
GRN5556,Goods Receipt,,
Invoice5640,Invoice,,
Payment3143,Payment,,
PO886,Purchase Order,4052.75,Created
GRN6870,Goods Receipt,,
Invoice5346,Invoice,,
Payment9714,Payment,,
PO5104,Purchase Order,7815.87,Created
GRN1508,Goods Receipt,,
Payment9748,Payment,,
PO7105,Purchase Order,6376.13,Created
GRN7955,Goods Receipt,,
Invoice6447,Invoice,,
PO3519,Purchase Order,2350.98,Created
GRN8199,Goods Receipt,,
Invoice4284,Invoice,,
Payment6305,Payment,,
GRN9767,Goods Receipt,,
Invoice2143,Invoice,,
Payment9855,Payment,,
PO7371,Purchase Order,11334.86,Created
GRN5340,Goods Receipt,,
Invoice3902,Invoice,,
Payment9490,Payment,,
PO3385,Purchase Order,20389.35,Created
GRN1140,Goods Receipt,,
Invoice5939,Invoice,,
Payment1804,Payment,,
PO4324,Purchase Order,15421.9,Created
GRN6456,Goods Receipt,,
Invoice5464,Invoice,,
Payment7113,Payment,,
PO4730,Purchase Order,23704.380000000005,Created
GRN280,Goods Receipt,,
Invoice5030,Invoice,,
Payment5500,Payment,,
PO859,Purchase Order,8479.65,Created
GRN8585,Goods Receipt,,
Invoice9038,Invoice,,
Payment257,Payment,,
PO9675,Purchase Order,31467.15,Created
GRN1504,Goods Receipt,,
Invoice4326,Invoice,,
Payment8959,Payment,,
PO3601,Purchase Order,2714.87,Created
GRN1231,Goods Receipt,,
Invoice4694,Invoice,,
Payment1192,Payment,,
PO5396,Purchase Order,29348.87,Created
GRN2748,Goods Receipt,,
Invoice578,Invoice,,
Payment2886,Payment,,
PO6831,Purchase Order,19838.089999999997,Created
GRN5662,Goods Receipt,,
Invoice1549,Invoice,,
Payment5391,Payment,,
PO6690,Purchase Order,6459.64,Created
GRN7598,Goods Receipt,,
Invoice4627,Invoice,,
Payment5890,Payment,,
PO3912,Purchase Order,2722.06,Created
GRN6864,Goods Receipt,,
Invoice1934,Invoice,,
Payment7647,Payment,,
PO5927,Purchase Order,30838.56,Created
GRN8822,Goods Receipt,,
Invoice3574,Invoice,,
Payment4475,Payment,,
PO1318,Purchase Order,10733.66,Created
GRN3829,Goods Receipt,,
Invoice7715,Invoice,,
Payment8840,Payment,,
PO353,Purchase Order,5592.64,Created
Invoice7523,Invoice,,
Payment7432,Payment,,
PO5318,Purchase Order,244.89,Created
GRN3179,Goods Receipt,,
Invoice7026,Invoice,,
Payment56,Payment,,
PO9232,Purchase Order,25600.5,Created
GRN5993,Goods Receipt,,
Invoice3866,Invoice,,
Payment9194,Payment,,
PO2386,Purchase Order,3076.56,Created
Invoice178,Invoice,,
Payment3263,Payment,,
GRN717,Goods Receipt,,
Invoice8190,Invoice,,
Payment3109,Payment,,
PO7332,Purchase Order,5275.43,Created
GRN4163,Goods Receipt,,
Invoice3642,Invoice,,
PO6857,Purchase Order,15085.44,Created
GRN9312,Goods Receipt,,
Invoice366,Invoice,,
Payment5102,Payment,,
PO5385,Purchase Order,13964.2,Created
GRN7982,Goods Receipt,,
Invoice1764,Invoice,,
Payment283,Payment,,
PO2790,Purchase Order,175.94,Created
GRN2740,Goods Receipt,,
Invoice8121,Invoice,,
Payment1622,Payment,,
PO2483,Purchase Order,16101.2,Created
GRN9004,Goods Receipt,,
Invoice1111,Invoice,,
PO8447,Purchase Order,7890.14,Created
GRN5794,Goods Receipt,,
Invoice1317,Invoice,,
Payment3285,Payment,,
PO3564,Purchase Order,6984.46,Created
GRN3392,Goods Receipt,,
Invoice2453,Invoice,,
Payment7815,Payment,,
GRN6149,Goods Receipt,,
Invoice5647,Invoice,,
Payment8497,Payment,,
PO996,Purchase Order,28542.01,Created
GRN9338,Goods Receipt,,
Invoice9550,Invoice,,
Payment6169,Payment,,
PO6351,Purchase Order,16843.53,Created
Invoice8843,Invoice,,
Payment4034,Payment,,
PO6563,Purchase Order,21285.9,Created
Invoice4101,Invoice,,
Payment890,Payment,,
PO2808,Purchase Order,16539.97,Created
GRN8721,Goods Receipt,,
Invoice3417,Invoice,,
Payment143,Payment,,
PO5307,Purchase Order,7064.75,Created
GRN6313,Goods Receipt,,
Invoice7341,Invoice,,
Payment7204,Payment,,
PO9299,Purchase Order,38835.75,Created
GRN8129,Goods Receipt,,
Invoice7593,Invoice,,
Payment4617,Payment,,
PO1805,Purchase Order,5330.55,Created
GRN247,Goods Receipt,,
Invoice8720,Invoice,,
Payment7269,Payment,,
PO1890,Purchase Order,21037.45,Created
GRN6866,Goods Receipt,,
Invoice4420,Invoice,,
Payment5011,Payment,,
PO9291,Purchase Order,4104.34,Created
GRN414,Goods Receipt,,
Invoice6042,Invoice,,
Payment1711,Payment,,
PO6264,Purchase Order,28106.44,Created
GRN682,Goods Receipt,,
Invoice4457,Invoice,,
Payment1268,Payment,,
PO1284,Purchase Order,4344.62,Created
GRN926,Goods Receipt,,
Invoice7105,Invoice,,
Payment7701,Payment,,
PO8885,Purchase Order,11079.25,Created
GRN6626,Goods Receipt,,
Invoice3713,Invoice,,
Payment379,Payment,,
PO662,Purchase Order,6240.53,Created
GRN1779,Goods Receipt,,
Invoice1887,Invoice,,
Payment882,Payment,,
PO472,Purchase Order,4120.83,Created
GRN8162,Goods Receipt,,
Invoice4302,Invoice,,
Payment2496,Payment,,
PO937,Purchase Order,29428.199999999997,Created
Invoice5117,Invoice,,
Payment2626,Payment,,
PO9352,Purchase Order,8830.73,Created
GRN8105,Goods Receipt,,
Invoice2153,Invoice,,
Payment3621,Payment,,
PO3975,Purchase Order,15865.58,Created
GRN5917,Goods Receipt,,
Invoice1362,Invoice,,
Payment2194,Payment,,
PO6577,Purchase Order,11300.8,Created
Invoice9418,Invoice,,
Payment6079,Payment,,
PO4581,Purchase Order,8488.42,Created
GRN6750,Goods Receipt,,
Invoice7088,Invoice,,
Payment3777,Payment,,
PO839,Purchase Order,22851.8,Created
GRN9606,Goods Receipt,,
Invoice3790,Invoice,,
Payment7790,Payment,,
PO4410,Purchase Order,37362.79,Created
GRN4600,Goods Receipt,,
Invoice7622,Invoice,,
Payment7061,Payment,,
PO1173,Purchase Order,5517.4,Created
GRN1844,Goods Receipt,,
Invoice8919,Invoice,,
Payment3247,Payment,,
PO4528,Purchase Order,4859.2,Created
GRN106,Goods Receipt,,
Invoice1359,Invoice,,
Payment1006,Payment,,
PO2178,Purchase Order,4190.03,Created
GRN6288,Goods Receipt,,
Invoice1110,Invoice,,
Payment7132,Payment,,
PO1663,Purchase Order,5214.5,Created
GRN4755,Goods Receipt,,
Invoice2352,Invoice,,
Payment3940,Payment,,
PO4264,Purchase Order,6032.04,Created
GRN9579,Goods Receipt,,
Invoice6280,Invoice,,
Payment3543,Payment,,
PO3450,Purchase Order,37031.649999999994,Created
GRN4040,Goods Receipt,,
Invoice6853,Invoice,,
Payment6742,Payment,,
PO4436,Purchase Order,4237.29,Created
GRN451,Goods Receipt,,
Invoice2543,Invoice,,
Payment3221,Payment,,
PO3981,Purchase Order,28447.69,Created
GRN7635,Goods Receipt,,
Invoice5894,Invoice,,
Payment1688,Payment,,
PO2703,Purchase Order,10369.19,Created
GRN7500,Goods Receipt,,
Invoice9762,Invoice,,
Payment8671,Payment,,
PO6645,Purchase Order,8419.36,Created
GRN8363,Goods Receipt,,
Invoice2949,Invoice,,
PO7165,Purchase Order,19919.55,Created
GRN4173,Goods Receipt,,
Invoice1444,Invoice,,
Payment3112,Payment,,
PO5448,Purchase Order,6413.95,Created
GRN5376,Goods Receipt,,
Invoice3045,Invoice,,
Payment5812,Payment,,
PO586,Purchase Order,8120.41,Created
GRN6128,Goods Receipt,,
Invoice9005,Invoice,,
Payment2443,Payment,,
PO742,Purchase Order,21683.36,Created
GRN8853,Goods Receipt,,
Invoice7559,Invoice,,
PO1978,Purchase Order,6910.74,Created
GRN1718,Goods Receipt,,
Invoice5645,Invoice,,
PO9874,Purchase Order,22119.43,Created
GRN5622,Goods Receipt,,
Invoice793,Invoice,,
Payment7200,Payment,,
GRN4051,Goods Receipt,,
Invoice4746,Invoice,,
Payment4583,Payment,,
PO4772,Purchase Order,6451.39,Created
GRN3341,Goods Receipt,,
Invoice5069,Invoice,,
Payment6503,Payment,,
PO4208,Purchase Order,4705.86,Created
GRN3442,Goods Receipt,,
Invoice4176,Invoice,,
Payment1454,Payment,,
PO9477,Purchase Order,14149.54,Created
GRN3833,Goods Receipt,,
Invoice4104,Invoice,,
Payment4470,Payment,,
PO9138,Purchase Order,20190.23,Created
GRN6258,Goods Receipt,,
Invoice457,Invoice,,
Payment8138,Payment,,
PO6157,Purchase Order,26206.53,Created
GRN8962,Goods Receipt,,
Invoice7077,Invoice,,
Payment9036,Payment,,
PO6208,Purchase Order,8808.380000000001,Created
GRN5516,Goods Receipt,,
Invoice747,Invoice,,
PO8783,Purchase Order,33037.17,Created
GRN2067,Goods Receipt,,
Invoice1347,Invoice,,
PO8632,Purchase Order,31492.48,Created
GRN9167,Goods Receipt,,
Invoice3736,Invoice,,
Payment4908,Payment,,
PO9032,Purchase Order,13980.07,Created
GRN9788,Goods Receipt,,
Invoice2626,Invoice,,
Payment4595,Payment,,
PO4501,Purchase Order,14168.95,Created
Invoice8640,Invoice,,
Payment793,Payment,,
PO9803,Purchase Order,7115.41,Created
GRN7285,Goods Receipt,,
Invoice6744,Invoice,,
Payment2283,Payment,,
PO1748,Purchase Order,6096.53,Created
GRN9562,Goods Receipt,,
Invoice3927,Invoice,,
Payment2817,Payment,,
PO4659,Purchase Order,5582.98,Created
GRN6555,Goods Receipt,,
Payment4609,Payment,,
GRN9401,Goods Receipt,,
Invoice4659,Invoice,,
Payment4944,Payment,,
PO9584,Purchase Order,15316.24,Created
GRN8283,Goods Receipt,,
Invoice7752,Invoice,,
Payment9950,Payment,,
PO1095,Purchase Order,2861.16,Created
GRN8216,Goods Receipt,,
Invoice9965,Invoice,,
Payment2739,Payment,,
PO730,Purchase Order,579.33,Created
GRN2219,Goods Receipt,,
Invoice151,Invoice,,
Payment6495,Payment,,
PO6998,Purchase Order,7202.93,Created
GRN8117,Goods Receipt,,
Invoice4501,Invoice,,
Payment3091,Payment,,
PO8428,Purchase Order,22112.089999999997,Created
Payment3352,Payment,,
PO6636,Purchase Order,4744.94,Created
GRN7637,Goods Receipt,,
Invoice3534,Invoice,,
Payment3107,Payment,,
PO6378,Purchase Order,5340.55,Created
GRN4153,Goods Receipt,,
Invoice4421,Invoice,,
Payment2894,Payment,,
PO482,Purchase Order,3963.71,Created
GRN1360,Goods Receipt,,
Invoice9040,Invoice,,
Payment9047,Payment,,
PO8448,Purchase Order,3216.52,Created
GRN7920,Goods Receipt,,
Invoice3934,Invoice,,
Payment4136,Payment,,
PO411,Purchase Order,23709.29,Created
Invoice7868,Invoice,,
Payment6341,Payment,,
PO4251,Purchase Order,23713.59,Created
GRN8266,Goods Receipt,,
Invoice8680,Invoice,,
Payment9469,Payment,,
PO2814,Purchase Order,2873.84,Created
GRN8220,Goods Receipt,,
Invoice3152,Invoice,,
Payment7998,Payment,,
GRN4685,Goods Receipt,,
Invoice5968,Invoice,,
Payment8275,Payment,,
PO7148,Purchase Order,19630.55,Created
GRN9895,Goods Receipt,,
Invoice4311,Invoice,,
Payment2006,Payment,,
PO4835,Purchase Order,36237.27,Created
GRN8575,Goods Receipt,,
Invoice9644,Invoice,,
Payment6439,Payment,,
PO7511,Purchase Order,28474.46,Created
GRN323,Goods Receipt,,
Invoice2663,Invoice,,
Payment7471,Payment,,
PO4177,Purchase Order,444.35,Created
GRN8711,Goods Receipt,,
Payment5027,Payment,,
PO9948,Purchase Order,24657.03,Created
GRN1059,Goods Receipt,,
Invoice9431,Invoice,,
Payment3092,Payment,,
PO6597,Purchase Order,4006.17,Created
GRN959,Goods Receipt,,
Invoice6475,Invoice,,
Payment2010,Payment,,
PO7230,Purchase Order,11272.09,Created
GRN5021,Goods Receipt,,
Invoice2518,Invoice,,
Payment9766,Payment,,
PO3543,Purchase Order,29022.89,Created
GRN4207,Goods Receipt,,
Invoice2494,Invoice,,
Payment3891,Payment,,
PO6361,Purchase Order,2722.52,Created
GRN269,Goods Receipt,,
Invoice1151,Invoice,,
PO8726,Purchase Order,30329.11,Created
GRN867,Goods Receipt,,
Invoice82,Invoice,,
Payment1523,Payment,,
PO238,Purchase Order,6675.47,Created
GRN8577,Goods Receipt,,
Invoice9907,Invoice,,
Payment7021,Payment,,
PO800,Purchase Order,5177.38,Created
GRN1275,Goods Receipt,,
Invoice7065,Invoice,,
Payment866,Payment,,
PO5224,Purchase Order,28686.24,Created
GRN6643,Goods Receipt,,
Invoice2561,Invoice,,
Payment4738,Payment,,
PO8426,Purchase Order,4001.4,Created
GRN1464,Goods Receipt,,
Payment8389,Payment,,
PO1115,Purchase Order,1803.74,Created
GRN309,Goods Receipt,,
Invoice6168,Invoice,,
Payment6402,Payment,,
GRN9734,Goods Receipt,,
Invoice5249,Invoice,,
Payment4394,Payment,,
PO539,Purchase Order,8393.54,Created
GRN9487,Goods Receipt,,
Invoice5823,Invoice,,
Payment67,Payment,,
PO6412,Purchase Order,21113.54,Created
GRN6440,Goods Receipt,,
Payment9285,Payment,,
PO3624,Purchase Order,3345.52,Created
GRN2099,Goods Receipt,,
Invoice5126,Invoice,,
Payment7711,Payment,,
PO5550,Purchase Order,5517.09,Created
GRN3720,Goods Receipt,,
Invoice6163,Invoice,,
Payment6294,Payment,,
PO6503,Purchase Order,2167.66,Created
GRN6597,Goods Receipt,,
Payment2975,Payment,,
PO9996,Purchase Order,5526.91,Created
GRN1971,Goods Receipt,,
Invoice46,Invoice,,
Payment1229,Payment,,
PO9139,Purchase Order,14118.23,Created
GRN6577,Goods Receipt,,
Invoice2986,Invoice,,
Payment3436,Payment,,
GRN7323,Goods Receipt,,
Invoice5573,Invoice,,
Payment1054,Payment,,
PO521,Purchase Order,5789.51,Created
GRN2999,Goods Receipt,,
Invoice7408,Invoice,,
Payment1083,Payment,,
PO5049,Purchase Order,32181.300000000003,Created
GRN4466,Goods Receipt,,
Invoice5707,Invoice,,
Payment9353,Payment,,
PO2531,Purchase Order,6427.34,Created
GRN2384,Goods Receipt,,
Invoice9923,Invoice,,
Payment585,Payment,,
PO1110,Purchase Order,31354.94,Created
GRN89,Goods Receipt,,
Payment6214,Payment,,
PO1218,Purchase Order,6407.77,Created
GRN5269,Goods Receipt,,
Invoice9967,Invoice,,
Payment599,Payment,,
PO5198,Purchase Order,6951.57,Created
GRN1329,Goods Receipt,,
Invoice2775,Invoice,,
Payment4088,Payment,,
PO6193,Purchase Order,28444.370000000003,Created
GRN5347,Goods Receipt,,
Invoice765,Invoice,,
Payment4311,Payment,,
PO6683,Purchase Order,20847.43,Created
GRN6391,Goods Receipt,,
Invoice7266,Invoice,,
Payment4523,Payment,,
PO6960,Purchase Order,5586.76,Created
GRN7749,Goods Receipt,,
Invoice6882,Invoice,,
Payment5714,Payment,,
PO5896,Purchase Order,21081.73,Created
Invoice9054,Invoice,,
Payment5945,Payment,,
PO3789,Purchase Order,22111.35,Created
GRN1791,Goods Receipt,,
Invoice5779,Invoice,,
Payment8794,Payment,,
PO3215,Purchase Order,27538.92,Created
GRN3752,Goods Receipt,,
Invoice2008,Invoice,,
Payment6493,Payment,,
PO8053,Purchase Order,5165.26,Created
Invoice6677,Invoice,,
Payment6497,Payment,,
PO2155,Purchase Order,4185.16,Created
GRN2906,Goods Receipt,,
Invoice6233,Invoice,,
Payment9557,Payment,,
PO9690,Purchase Order,6324.01,Created
GRN9983,Goods Receipt,,
Invoice2454,Invoice,,
Payment1781,Payment,,
PO702,Purchase Order,19537.43,Created
Invoice593,Invoice,,
Payment114,Payment,,
PO5042,Purchase Order,3807.18,Created
Invoice2101,Invoice,,
Payment2892,Payment,,
PO9420,Purchase Order,25684.629999999997,Created
GRN1199,Goods Receipt,,
Invoice6999,Invoice,,
Payment2124,Payment,,
PO244,Purchase Order,25464.609999999997,Created
GRN1132,Goods Receipt,,
Invoice7890,Invoice,,
Payment4856,Payment,,
PO3229,Purchase Order,3406.52,Created
GRN8322,Goods Receipt,,
Invoice7632,Invoice,,
Payment8682,Payment,,
PO4558,Purchase Order,13104.22,Created
GRN6571,Goods Receipt,,
Invoice2051,Invoice,,
Payment2539,Payment,,
PO9966,Purchase Order,23661.51,Created
GRN2930,Goods Receipt,,
Invoice977,Invoice,,
Payment1015,Payment,,
PO359,Purchase Order,4959.72,Created
GRN6764,Goods Receipt,,
Invoice3913,Invoice,,
Payment3899,Payment,,
PO5934,Purchase Order,15971.46,Created
GRN1998,Goods Receipt,,
Invoice7541,Invoice,,
Payment6408,Payment,,
PO3502,Purchase Order,6747.29,Created
GRN1000,Goods Receipt,,
Invoice9901,Invoice,,
Payment6446,Payment,,
PO8646,Purchase Order,5284.32,Created
Invoice5668,Invoice,,
Payment8925,Payment,,
PO1423,Purchase Order,3836.74,Created
GRN6665,Goods Receipt,,
Invoice551,Invoice,,
Payment8018,Payment,,
PO5167,Purchase Order,5694.93,Created
Invoice4591,Invoice,,
Payment2337,Payment,,
PO5529,Purchase Order,24090.789999999997,Created
GRN621,Goods Receipt,,
Invoice997,Invoice,,
Payment5595,Payment,,
PO7179,Purchase Order,3478.65,Created
GRN9836,Goods Receipt,,
Invoice9568,Invoice,,
Payment2954,Payment,,
PO2251,Purchase Order,4422.02,Created
GRN6811,Goods Receipt,,
Invoice6912,Invoice,,
Payment8446,Payment,,
PO541,Purchase Order,6884.74,Created
GRN3776,Goods Receipt,,
Invoice4524,Invoice,,
Payment5443,Payment,,
PO4189,Purchase Order,6028.71,Created
GRN5351,Goods Receipt,,
Invoice9178,Invoice,,
Payment2457,Payment,,
GRN3058,Goods Receipt,,
Invoice3583,Invoice,,
Payment6849,Payment,,
PO5166,Purchase Order,23161.39,Created
GRN2861,Goods Receipt,,
Invoice3071,Invoice,,
Payment7049,Payment,,
PO1352,Purchase Order,11562.07,Created
GRN2561,Goods Receipt,,
Invoice9807,Invoice,,
Payment5323,Payment,,
PO420,Purchase Order,21565.77,Created
GRN750,Goods Receipt,,
Invoice3592,Invoice,,
PO8340,Purchase Order,15051.72,Created
GRN7129,Goods Receipt,,
Invoice5000,Invoice,,
Payment3290,Payment,,
PO7665,Purchase Order,13276.11,Created
GRN197,Goods Receipt,,
Invoice5651,Invoice,,
Payment4316,Payment,,
PO2599,Purchase Order,4959.46,Created
Invoice6913,Invoice,,
Payment5766,Payment,,
GRN2097,Goods Receipt,,
Invoice2114,Invoice,,
Payment2426,Payment,,
PO2544,Purchase Order,8600.61,Created
GRN6768,Goods Receipt,,
Invoice108,Invoice,,
Payment9917,Payment,,
PO5441,Purchase Order,6031.82,Created
GRN2756,Goods Receipt,,
Invoice4613,Invoice,,
PO9784,Purchase Order,16778.4,Created
Payment3125,Payment,,
PO2693,Purchase Order,3242.5,Created
GRN598,Goods Receipt,,
Invoice8122,Invoice,,
Payment1471,Payment,,
PO668,Purchase Order,4191.39,Created
Invoice3358,Invoice,,
Payment1798,Payment,,
PO4379,Purchase Order,6063.37,Created
GRN6283,Goods Receipt,,
Invoice8179,Invoice,,
Payment6588,Payment,,
PO2090,Purchase Order,5422.27,Created
GRN7862,Goods Receipt,,
Invoice4870,Invoice,,
Payment3483,Payment,,
PO5736,Purchase Order,19011.500000000004,Created
GRN9476,Goods Receipt,,
Invoice9549,Invoice,,
PO2468,Purchase Order,18841.51,Created
GRN2805,Goods Receipt,,
Payment9679,Payment,,
PO9729,Purchase Order,7678.37,Created
GRN3690,Goods Receipt,,
Invoice630,Invoice,,
Payment5996,Payment,,
PO9047,Purchase Order,11138.29,Created
Invoice3605,Invoice,,
Payment2403,Payment,,
PO4971,Purchase Order,30110.47,Created
GRN6813,Goods Receipt,,
Invoice6700,Invoice,,
Payment838,Payment,,
PO8165,Purchase Order,28635.59,Created
GRN5003,Goods Receipt,,
Payment6293,Payment,,
PO3841,Purchase Order,4195.03,Created
GRN6884,Goods Receipt,,
Invoice6483,Invoice,,
Payment2367,Payment,,
PO8365,Purchase Order,2793.68,Created
GRN534,Goods Receipt,,
Invoice473,Invoice,,
Payment907,Payment,,
GRN870,Goods Receipt,,
Invoice1712,Invoice,,
Payment7638,Payment,,
PO2046,Purchase Order,14549.23,Created
GRN3020,Goods Receipt,,
Invoice821,Invoice,,
Payment9641,Payment,,
PO1853,Purchase Order,5390.77,Created
GRN4495,Goods Receipt,,
Invoice6866,Invoice,,
Payment4988,Payment,,
PO8296,Purchase Order,7717.19,Created
GRN4699,Goods Receipt,,
Invoice1832,Invoice,,
Payment6237,Payment,,
PO4211,Purchase Order,1265.82,Created
GRN9063,Goods Receipt,,
Payment4599,Payment,,
PO942,Purchase Order,3247.9,Created
GRN6491,Goods Receipt,,
Invoice9483,Invoice,,
Payment8661,Payment,,
PO393,Purchase Order,25315.040000000005,Created
GRN5887,Goods Receipt,,
Invoice6593,Invoice,,
Payment1474,Payment,,
PO6411,Purchase Order,9631.87,Created
GRN9206,Goods Receipt,,
Invoice2691,Invoice,,
Payment8583,Payment,,
PO4838,Purchase Order,6236.85,Created
GRN8987,Goods Receipt,,
Invoice121,Invoice,,
Payment9431,Payment,,
PO447,Purchase Order,8882.41,Created
GRN3600,Goods Receipt,,
Invoice9035,Invoice,,
Payment9665,Payment,,
PO3311,Purchase Order,5929.3,Created
GRN8056,Goods Receipt,,
Invoice2573,Invoice,,
Payment474,Payment,,
PO3968,Purchase Order,13859.81,Created
GRN5957,Goods Receipt,,
Invoice3890,Invoice,,
Payment9118,Payment,,
PO7524,Purchase Order,6571.15,Created
GRN4574,Goods Receipt,,
Invoice5649,Invoice,,
Payment5719,Payment,,
PR1,Purchase Requisition,4708.92,
PR2,Purchase Requisition,7406.88,
PR3,Purchase Requisition,6070.89,
PR4,Purchase Requisition,983.32,
PR5,Purchase Requisition,5807.13,
PR6,Purchase Requisition,8012.09,
PR7,Purchase Requisition,5949.42,
PR8,Purchase Requisition,1297.58,
PR9,Purchase Requisition,4412.58,
PR10,Purchase Requisition,3252.9,
PR11,Purchase Requisition,2858.74,
PR12,Purchase Requisition,3712.94,
PR13,Purchase Requisition,6668.97,
PR14,Purchase Requisition,6072.67,
PR15,Purchase Requisition,7012.72,
PR16,Purchase Requisition,2761.26,
PR17,Purchase Requisition,8123.46,
PR18,Purchase Requisition,5826.62,
PR19,Purchase Requisition,2239.26,
PR20,Purchase Requisition,4947.31,
PR21,Purchase Requisition,2070.78,
PR22,Purchase Requisition,7199.61,
PR23,Purchase Requisition,9877.56,
PR24,Purchase Requisition,3970.81,
PR25,Purchase Requisition,3749.24,
PR26,Purchase Requisition,4653.96,
PR27,Purchase Requisition,4856.16,
PR28,Purchase Requisition,5245.76,
PR29,Purchase Requisition,5979.53,
PR30,Purchase Requisition,5595.46,
PR31,Purchase Requisition,2873.66,
PR32,Purchase Requisition,6996.94,
PR33,Purchase Requisition,3201.07,
PR34,Purchase Requisition,2672.04,
PR35,Purchase Requisition,6609.24,
PR36,Purchase Requisition,4319.71,
PR37,Purchase Requisition,4470.75,
PR38,Purchase Requisition,6685.44,
PR39,Purchase Requisition,7705.76,
PR40,Purchase Requisition,2886.17,
PR41,Purchase Requisition,6945.97,
PR42,Purchase Requisition,6942.75,
PR43,Purchase Requisition,5660.82,
PR44,Purchase Requisition,9740.54,
PR45,Purchase Requisition,4275.65,
PR46,Purchase Requisition,3625.03,
PR47,Purchase Requisition,7121.1,
PR48,Purchase Requisition,5370.09,
PR49,Purchase Requisition,4378.71,
PR50,Purchase Requisition,3552.77,
PR51,Purchase Requisition,3992.77,
PR52,Purchase Requisition,9253.93,
PR53,Purchase Requisition,2297.13,
PR54,Purchase Requisition,7843.94,
PR55,Purchase Requisition,4792.24,
PR56,Purchase Requisition,5353.0,
PR57,Purchase Requisition,5135.79,
PR58,Purchase Requisition,2923.05,
PR59,Purchase Requisition,4895.59,
PR60,Purchase Requisition,4243.0,
PR61,Purchase Requisition,7645.23,
PR62,Purchase Requisition,3357.08,
PR63,Purchase Requisition,5952.82,
PR64,Purchase Requisition,4313.61,
PR65,Purchase Requisition,4506.02,
PR66,Purchase Requisition,6863.69,
PR67,Purchase Requisition,9173.65,
PR68,Purchase Requisition,5693.14,
PR69,Purchase Requisition,5287.65,
PR70,Purchase Requisition,4804.62,
PR71,Purchase Requisition,3474.82,
PR72,Purchase Requisition,4152.4,
PR73,Purchase Requisition,4257.73,
PR74,Purchase Requisition,3743.79,
PR75,Purchase Requisition,4930.44,
PR76,Purchase Requisition,6476.05,
PR77,Purchase Requisition,826.15,
PR78,Purchase Requisition,6433.92,
PR79,Purchase Requisition,2135.45,
PR80,Purchase Requisition,5555.61,
PR81,Purchase Requisition,1913.12,
PR82,Purchase Requisition,2279.42,
PR83,Purchase Requisition,6304.54,
PR84,Purchase Requisition,5165.28,
PR85,Purchase Requisition,5663.61,
PR86,Purchase Requisition,2667.13,
PR87,Purchase Requisition,2346.34,
PR88,Purchase Requisition,9549.87,
PR89,Purchase Requisition,1253.92,
PR90,Purchase Requisition,3446.81,
PR91,Purchase Requisition,3205.37,
PR92,Purchase Requisition,4399.17,
PR93,Purchase Requisition,3803.48,
PR94,Purchase Requisition,5801.13,
PR95,Purchase Requisition,3264.45,
PR96,Purchase Requisition,7295.72,
PR97,Purchase Requisition,4230.89,
PR98,Purchase Requisition,3398.99,
PR99,Purchase Requisition,6727.34,
PR100,Purchase Requisition,3882.76,
PR101,Purchase Requisition,8052.46,
PR102,Purchase Requisition,4707.59,
PR103,Purchase Requisition,4677.71,
PR104,Purchase Requisition,8065.16,
PR105,Purchase Requisition,1337.95,
PR106,Purchase Requisition,5898.33,
PR107,Purchase Requisition,5481.35,
PR108,Purchase Requisition,2885.77,
PR109,Purchase Requisition,4078.31,
PR110,Purchase Requisition,4194.21,
PR111,Purchase Requisition,5598.63,
PR112,Purchase Requisition,5435.22,
PR113,Purchase Requisition,2482.77,
PR114,Purchase Requisition,5181.17,
PR115,Purchase Requisition,5605.13,
PR116,Purchase Requisition,4896.34,
PR117,Purchase Requisition,4807.29,
PR118,Purchase Requisition,5681.91,
PR119,Purchase Requisition,4245.47,
PR120,Purchase Requisition,6993.21,
PR121,Purchase Requisition,8150.88,
PR122,Purchase Requisition,9312.64,
PR123,Purchase Requisition,2181.82,
PR124,Purchase Requisition,4546.09,
PR125,Purchase Requisition,6009.63,
PR126,Purchase Requisition,4507.49,
PR127,Purchase Requisition,2319.43,
PR128,Purchase Requisition,10057.8,
PR129,Purchase Requisition,2380.02,
PR130,Purchase Requisition,9942.16,
PR131,Purchase Requisition,7134.8,
PR132,Purchase Requisition,3061.53,
PR133,Purchase Requisition,3512.48,
PR134,Purchase Requisition,6536.31,
PR135,Purchase Requisition,5208.27,
PR136,Purchase Requisition,3215.71,
PR137,Purchase Requisition,7978.57,
PR138,Purchase Requisition,4053.74,
PR139,Purchase Requisition,7512.41,
PR140,Purchase Requisition,2512.16,
PR141,Purchase Requisition,3698.54,
PR142,Purchase Requisition,2909.88,
PR143,Purchase Requisition,4771.73,
PR144,Purchase Requisition,6424.28,
PR145,Purchase Requisition,2915.25,
PR146,Purchase Requisition,4081.41,
PR147,Purchase Requisition,4874.75,
PR148,Purchase Requisition,5348.3,
PR149,Purchase Requisition,4905.67,
PR150,Purchase Requisition,7775.73,
PR151,Purchase Requisition,6594.5,
PR152,Purchase Requisition,6254.11,
PR153,Purchase Requisition,3359.51,
PR154,Purchase Requisition,5695.69,
PR155,Purchase Requisition,8234.24,
PR156,Purchase Requisition,4244.96,
PR157,Purchase Requisition,6124.67,
PR158,Purchase Requisition,2991.69,
PR159,Purchase Requisition,3572.94,
PR160,Purchase Requisition,4785.87,
PR161,Purchase Requisition,6826.82,
PR162,Purchase Requisition,4777.68,
PR163,Purchase Requisition,5002.67,
PR164,Purchase Requisition,5290.56,
PR165,Purchase Requisition,4210.37,
PR166,Purchase Requisition,8419.65,
PR167,Purchase Requisition,4154.16,
PR168,Purchase Requisition,7273.96,
PR169,Purchase Requisition,6808.11,
PR170,Purchase Requisition,6354.89,
PR171,Purchase Requisition,5589.89,
PR172,Purchase Requisition,5741.19,
PR173,Purchase Requisition,6351.91,
PR174,Purchase Requisition,5867.91,
PR175,Purchase Requisition,5232.14,
PR176,Purchase Requisition,4737.79,
PR177,Purchase Requisition,5733.46,
PR178,Purchase Requisition,6708.26,
PR179,Purchase Requisition,2726.25,
PR180,Purchase Requisition,5489.95,
PR181,Purchase Requisition,3152.75,
PR182,Purchase Requisition,4506.35,
PR183,Purchase Requisition,7530.46,
PR184,Purchase Requisition,4956.13,
PR185,Purchase Requisition,5626.01,
PR186,Purchase Requisition,6752.31,
PR187,Purchase Requisition,5668.8,
PR188,Purchase Requisition,3974.23,
PR189,Purchase Requisition,6944.71,
PR190,Purchase Requisition,7319.54,
PR191,Purchase Requisition,3541.14,
PR192,Purchase Requisition,5755.87,
PR193,Purchase Requisition,5508.58,
PR194,Purchase Requisition,4480.36,
PR195,Purchase Requisition,8801.96,
PR196,Purchase Requisition,6016.41,
PR197,Purchase Requisition,4368.98,
PR198,Purchase Requisition,3650.57,
PR199,Purchase Requisition,6718.37,
PR200,Purchase Requisition,5017.53,
PR201,Purchase Requisition,4407.66,
PR202,Purchase Requisition,1732.68,
PR203,Purchase Requisition,4905.31,
PR204,Purchase Requisition,4944.9,
PR205,Purchase Requisition,7650.26,
PR206,Purchase Requisition,3577.42,
PR207,Purchase Requisition,622.01,
PR208,Purchase Requisition,4642.28,
PR209,Purchase Requisition,3357.34,
PR210,Purchase Requisition,5527.19,
PR211,Purchase Requisition,5258.71,
PR212,Purchase Requisition,6770.8,
PR213,Purchase Requisition,7858.81,
PR214,Purchase Requisition,5022.81,
PR215,Purchase Requisition,2872.51,
PR216,Purchase Requisition,6230.55,
PR217,Purchase Requisition,4707.01,
PR218,Purchase Requisition,9077.68,
PR219,Purchase Requisition,4102.53,
PR220,Purchase Requisition,3055.22,
PR221,Purchase Requisition,6125.08,
PR222,Purchase Requisition,3796.7,
PR223,Purchase Requisition,2798.64,
PR224,Purchase Requisition,7024.48,
PR225,Purchase Requisition,1923.81,
PR226,Purchase Requisition,4567.22,
PR227,Purchase Requisition,6930.83,
PR228,Purchase Requisition,6184.21,
PR229,Purchase Requisition,5137.29,
PR230,Purchase Requisition,3384.04,
PR231,Purchase Requisition,4235.95,
PR232,Purchase Requisition,4783.48,
PR233,Purchase Requisition,5072.98,
PR234,Purchase Requisition,2294.66,
PR235,Purchase Requisition,1811.35,
PR236,Purchase Requisition,5676.73,
PR237,Purchase Requisition,1344.98,
PR238,Purchase Requisition,4506.76,
PR239,Purchase Requisition,6209.09,
PR240,Purchase Requisition,6441.28,
PR241,Purchase Requisition,5010.81,
PR242,Purchase Requisition,4726.62,
PR243,Purchase Requisition,6109.33,
PR244,Purchase Requisition,8771.39,
PR245,Purchase Requisition,4203.27,
PR246,Purchase Requisition,6166.48,
PR247,Purchase Requisition,4063.1,
PR248,Purchase Requisition,4397.44,
PR249,Purchase Requisition,4355.39,
PR250,Purchase Requisition,7648.1,
PR251,Purchase Requisition,3990.2,
PR252,Purchase Requisition,3706.92,
PR253,Purchase Requisition,7337.46,
PR254,Purchase Requisition,5513.96,
PR255,Purchase Requisition,2740.85,
PR256,Purchase Requisition,4926.28,
PR257,Purchase Requisition,7268.55,
PR258,Purchase Requisition,5027.51,
PR259,Purchase Requisition,6408.07,
PR260,Purchase Requisition,4446.3,
PR261,Purchase Requisition,6357.03,
PR262,Purchase Requisition,5684.6,
PR263,Purchase Requisition,6403.42,
PR264,Purchase Requisition,6227.08,
PR265,Purchase Requisition,4125.51,
PR266,Purchase Requisition,3091.56,
PR267,Purchase Requisition,8542.87,
PR268,Purchase Requisition,9347.09,
PR269,Purchase Requisition,3092.95,
PR270,Purchase Requisition,10540.64,
PR271,Purchase Requisition,5491.58,
PR272,Purchase Requisition,5587.63,
PR273,Purchase Requisition,3880.61,
PR274,Purchase Requisition,4190.13,
PR275,Purchase Requisition,5165.73,
PR276,Purchase Requisition,3154.33,
PR277,Purchase Requisition,3253.33,
PR278,Purchase Requisition,2572.71,
PR279,Purchase Requisition,2209.91,
PR280,Purchase Requisition,6447.54,
PR281,Purchase Requisition,5645.5,
PR282,Purchase Requisition,7216.68,
PR283,Purchase Requisition,3780.25,
PR284,Purchase Requisition,7151.42,
PR285,Purchase Requisition,6185.3,
PR286,Purchase Requisition,2305.63,
PR287,Purchase Requisition,7151.71,
PR288,Purchase Requisition,10614.27,
PR289,Purchase Requisition,7000.02,
PR290,Purchase Requisition,8646.34,
PR291,Purchase Requisition,5191.55,
PR292,Purchase Requisition,3951.79,
PR293,Purchase Requisition,640.35,
PR294,Purchase Requisition,7165.58,
PR295,Purchase Requisition,6947.68,
PR296,Purchase Requisition,6835.6,
PR297,Purchase Requisition,2835.63,
PR298,Purchase Requisition,3100.41,
PR299,Purchase Requisition,5179.99,
PR300,Purchase Requisition,1477.18,
PR301,Purchase Requisition,4669.53,
PR302,Purchase Requisition,7936.0,
PR303,Purchase Requisition,5873.06,
PR304,Purchase Requisition,3862.51,
PR305,Purchase Requisition,5020.88,
PR306,Purchase Requisition,4009.5,
PR307,Purchase Requisition,2857.41,
PR308,Purchase Requisition,5381.18,
PR309,Purchase Requisition,2320.8,
PR310,Purchase Requisition,6214.4,
PR311,Purchase Requisition,2501.19,
PR312,Purchase Requisition,4500.68,
PR313,Purchase Requisition,3340.33,
PR314,Purchase Requisition,2682.82,
PR315,Purchase Requisition,4410.62,
PR316,Purchase Requisition,8445.83,
PR317,Purchase Requisition,4650.06,
PR318,Purchase Requisition,1396.85,
PR319,Purchase Requisition,5185.09,
PR320,Purchase Requisition,4341.24,
PR321,Purchase Requisition,5122.34,
PR322,Purchase Requisition,3995.81,
PR323,Purchase Requisition,4345.35,
PR324,Purchase Requisition,2759.84,
PR325,Purchase Requisition,3845.03,
PR326,Purchase Requisition,6216.71,
PR327,Purchase Requisition,5671.22,
PR328,Purchase Requisition,4384.45,
PR329,Purchase Requisition,4345.69,
PR330,Purchase Requisition,7416.55,
PR331,Purchase Requisition,5804.04,
PR332,Purchase Requisition,2970.42,
PR333,Purchase Requisition,6181.1,
PR334,Purchase Requisition,5319.55,
PR335,Purchase Requisition,4480.04,
PR336,Purchase Requisition,2194.64,
PR337,Purchase Requisition,7951.02,
PR338,Purchase Requisition,4103.22,
PR339,Purchase Requisition,4509.1,
PR340,Purchase Requisition,7360.45,
PR341,Purchase Requisition,4118.63,
PR342,Purchase Requisition,6490.7,
PR343,Purchase Requisition,4593.36,
PR344,Purchase Requisition,3083.6,
PR345,Purchase Requisition,6732.56,
PR346,Purchase Requisition,6115.13,
PR347,Purchase Requisition,8189.51,
PR348,Purchase Requisition,5444.79,
PR349,Purchase Requisition,1948.93,
PR350,Purchase Requisition,3426.59,
PR351,Purchase Requisition,2734.17,
PR352,Purchase Requisition,5699.73,
PR353,Purchase Requisition,7902.71,
PR354,Purchase Requisition,2028.06,
PR355,Purchase Requisition,2073.48,
PR356,Purchase Requisition,4460.82,
PR357,Purchase Requisition,5401.69,
PR358,Purchase Requisition,5997.77,
PR359,Purchase Requisition,3454.48,
PR360,Purchase Requisition,3937.85,
PR361,Purchase Requisition,4235.57,
PR362,Purchase Requisition,3191.44,
PR363,Purchase Requisition,8491.06,
PR364,Purchase Requisition,7435.16,
PR365,Purchase Requisition,5816.26,
PR366,Purchase Requisition,8309.94,
PR367,Purchase Requisition,1178.64,
PR368,Purchase Requisition,3107.01,
PR369,Purchase Requisition,10145.91,
PR370,Purchase Requisition,4191.75,
PR371,Purchase Requisition,8885.56,
PR372,Purchase Requisition,6678.35,
PR373,Purchase Requisition,4405.83,
PR374,Purchase Requisition,2946.55,
PR375,Purchase Requisition,4778.56,
PR376,Purchase Requisition,8689.43,
PR377,Purchase Requisition,4453.26,
PR378,Purchase Requisition,4827.4,
PR379,Purchase Requisition,6036.94,
PR380,Purchase Requisition,4487.7,
PR381,Purchase Requisition,6789.89,
PR382,Purchase Requisition,6856.2,
PR383,Purchase Requisition,4541.87,
PR384,Purchase Requisition,6446.44,
PR385,Purchase Requisition,7143.19,
PR386,Purchase Requisition,7410.92,
PR387,Purchase Requisition,1495.67,
PR388,Purchase Requisition,4913.85,
PR389,Purchase Requisition,2632.49,
PR390,Purchase Requisition,3956.22,
PR391,Purchase Requisition,9972.3,
PR392,Purchase Requisition,5639.51,
PR393,Purchase Requisition,2558.55,
PR394,Purchase Requisition,4797.23,
PR395,Purchase Requisition,2404.28,
PR396,Purchase Requisition,2455.47,
PR397,Purchase Requisition,6261.55,
PR398,Purchase Requisition,3956.08,
PR399,Purchase Requisition,8199.0,
PR400,Purchase Requisition,4623.69,
PR401,Purchase Requisition,154.23,
PR402,Purchase Requisition,4192.44,
PR403,Purchase Requisition,4293.25,
PR404,Purchase Requisition,4534.82,
PR405,Purchase Requisition,2738.98,
PR406,Purchase Requisition,5704.26,
PR407,Purchase Requisition,6774.9,
PR408,Purchase Requisition,4042.52,
PR409,Purchase Requisition,3314.51,
PR410,Purchase Requisition,3232.47,
PR411,Purchase Requisition,1807.56,
PR412,Purchase Requisition,3062.59,
PR413,Purchase Requisition,5680.2,
PR414,Purchase Requisition,5159.79,
PR415,Purchase Requisition,5422.22,
PR416,Purchase Requisition,2366.92,
PR417,Purchase Requisition,9168.47,
PR418,Purchase Requisition,5515.12,
PR419,Purchase Requisition,6178.74,
PR420,Purchase Requisition,3859.75,
PR421,Purchase Requisition,5315.14,
PR422,Purchase Requisition,9242.05,
PR423,Purchase Requisition,8636.81,
PR424,Purchase Requisition,2332.18,
PR425,Purchase Requisition,5861.01,
PR426,Purchase Requisition,1115.03,
PR427,Purchase Requisition,4851.58,
PR428,Purchase Requisition,1475.09,
PR429,Purchase Requisition,1956.57,
PR430,Purchase Requisition,6867.69,
PR431,Purchase Requisition,6298.41,
PR432,Purchase Requisition,3258.25,
PR433,Purchase Requisition,3915.89,
PR434,Purchase Requisition,3567.28,
PR435,Purchase Requisition,6346.27,
PR436,Purchase Requisition,4064.1,
PR437,Purchase Requisition,3527.33,
PR438,Purchase Requisition,9908.71,
PR439,Purchase Requisition,7789.2,
PR440,Purchase Requisition,6011.82,
PR441,Purchase Requisition,2384.97,
PR442,Purchase Requisition,10001.85,
PR443,Purchase Requisition,3203.5,
PR444,Purchase Requisition,5574.8,
PR445,Purchase Requisition,5337.67,
PR446,Purchase Requisition,4709.88,
PR447,Purchase Requisition,5739.21,
PR448,Purchase Requisition,805.34,
PR449,Purchase Requisition,8369.11,
PR450,Purchase Requisition,4983.2,
PR451,Purchase Requisition,4927.1,
PR452,Purchase Requisition,284.69,
PR453,Purchase Requisition,5569.73,
PR454,Purchase Requisition,5515.51,
PR455,Purchase Requisition,4147.2,
PR456,Purchase Requisition,5160.66,
PR457,Purchase Requisition,4868.86,
PR458,Purchase Requisition,5888.13,
PR459,Purchase Requisition,5747.77,
PR460,Purchase Requisition,4868.08,
PR461,Purchase Requisition,4287.36,
PR462,Purchase Requisition,2448.35,
PR463,Purchase Requisition,3297.66,
PR464,Purchase Requisition,8290.09,
PR465,Purchase Requisition,2563.04,
PR466,Purchase Requisition,1499.31,
PR467,Purchase Requisition,2354.85,
PR468,Purchase Requisition,4199.55,
PR469,Purchase Requisition,1124.15,
PR470,Purchase Requisition,6492.78,
PR471,Purchase Requisition,4825.93,
PR472,Purchase Requisition,5878.53,
PR473,Purchase Requisition,4676.32,
PR474,Purchase Requisition,7206.1,
PR475,Purchase Requisition,4017.43,
PR476,Purchase Requisition,1772.3,
PR477,Purchase Requisition,7347.64,
PR478,Purchase Requisition,5467.18,
PR479,Purchase Requisition,8225.29,
PR480,Purchase Requisition,7508.02,
PR481,Purchase Requisition,3942.1,
PR482,Purchase Requisition,7692.67,
PR483,Purchase Requisition,5695.02,
PR484,Purchase Requisition,5291.41,
PR485,Purchase Requisition,4977.28,
PR486,Purchase Requisition,5050.33,
PR487,Purchase Requisition,4496.38,
PR488,Purchase Requisition,8118.83,
PR489,Purchase Requisition,3871.49,
PR490,Purchase Requisition,5028.95,
PR491,Purchase Requisition,1277.96,
PR492,Purchase Requisition,1152.25,
PR493,Purchase Requisition,4383.38,
PR494,Purchase Requisition,7574.7,
PR495,Purchase Requisition,7718.87,
PR496,Purchase Requisition,6073.97,
PR497,Purchase Requisition,3844.74,
PR498,Purchase Requisition,5309.64,
PR499,Purchase Requisition,5077.0,
PR500,Purchase Requisition,725.83,
PR501,Purchase Requisition,4987.99,
PR502,Purchase Requisition,6253.13,
PR503,Purchase Requisition,8788.65,
PR504,Purchase Requisition,7129.26,
PR505,Purchase Requisition,6366.58,
PR506,Purchase Requisition,3256.68,
PR507,Purchase Requisition,4143.01,
PR508,Purchase Requisition,2954.76,
PR509,Purchase Requisition,4692.9,
PR510,Purchase Requisition,7712.01,
PR511,Purchase Requisition,3573.08,
PR512,Purchase Requisition,1724.93,
PR513,Purchase Requisition,4062.4,
PR514,Purchase Requisition,6778.73,
PR515,Purchase Requisition,4816.41,
PR516,Purchase Requisition,4434.66,
PR517,Purchase Requisition,3897.4,
PR518,Purchase Requisition,4597.09,
PR519,Purchase Requisition,3873.97,
PR520,Purchase Requisition,6272.42,
PR521,Purchase Requisition,6026.25,
PR522,Purchase Requisition,4401.53,
PR523,Purchase Requisition,8756.13,
PR524,Purchase Requisition,7286.97,
PR525,Purchase Requisition,4819.81,
PR526,Purchase Requisition,6051.3,
PR527,Purchase Requisition,2961.29,
PR528,Purchase Requisition,4174.46,
PR529,Purchase Requisition,7388.34,
PR530,Purchase Requisition,2955.52,
PR531,Purchase Requisition,4746.48,
PR532,Purchase Requisition,3784.38,
PR533,Purchase Requisition,6048.11,
PR534,Purchase Requisition,4691.51,
PR535,Purchase Requisition,7013.17,
PR536,Purchase Requisition,2502.77,
PR537,Purchase Requisition,6177.16,
PR538,Purchase Requisition,4880.17,
PR539,Purchase Requisition,4235.44,
PR540,Purchase Requisition,5923.53,
PR541,Purchase Requisition,4706.74,
PR542,Purchase Requisition,4792.65,
PR543,Purchase Requisition,4630.25,
PR544,Purchase Requisition,4980.03,
PR545,Purchase Requisition,3517.65,
PR546,Purchase Requisition,3496.16,
PR547,Purchase Requisition,5073.13,
PR548,Purchase Requisition,1081.24,
PR549,Purchase Requisition,1399.63,
PR550,Purchase Requisition,4540.48,
PR551,Purchase Requisition,5266.41,
PR552,Purchase Requisition,3613.84,
PR553,Purchase Requisition,8507.44,
PR554,Purchase Requisition,3977.25,
PR555,Purchase Requisition,4918.27,
PR556,Purchase Requisition,3151.6,
PR557,Purchase Requisition,8269.85,
PR558,Purchase Requisition,5109.98,
PR559,Purchase Requisition,7480.3,
PR560,Purchase Requisition,5767.02,
PR561,Purchase Requisition,3959.99,
PR562,Purchase Requisition,5502.57,
PR563,Purchase Requisition,7728.36,
PR564,Purchase Requisition,7117.16,
PR565,Purchase Requisition,953.29,
PR566,Purchase Requisition,4931.3,
PR567,Purchase Requisition,6510.87,
PR568,Purchase Requisition,3694.21,
PR569,Purchase Requisition,2242.47,
PR570,Purchase Requisition,7022.5,
PR571,Purchase Requisition,4660.39,
PR572,Purchase Requisition,7110.76,
PR573,Purchase Requisition,4162.97,
PR574,Purchase Requisition,1882.75,
PR575,Purchase Requisition,6958.65,
PR576,Purchase Requisition,4279.51,
PR577,Purchase Requisition,4525.18,
PR578,Purchase Requisition,6492.61,
PR579,Purchase Requisition,7120.32,
PR580,Purchase Requisition,3955.29,
PR581,Purchase Requisition,5767.26,
PR582,Purchase Requisition,4294.87,
PR583,Purchase Requisition,1474.26,
PR584,Purchase Requisition,3808.69,
PR585,Purchase Requisition,2651.31,
PR586,Purchase Requisition,4900.77,
PR587,Purchase Requisition,5529.5,
PR588,Purchase Requisition,5777.04,
PR589,Purchase Requisition,6223.35,
PR590,Purchase Requisition,4706.63,
PR591,Purchase Requisition,9258.4,
PR592,Purchase Requisition,9231.6,
PR593,Purchase Requisition,5752.28,
PR594,Purchase Requisition,5701.27,
PR595,Purchase Requisition,4507.31,
PR596,Purchase Requisition,4997.62,
PR597,Purchase Requisition,2894.11,
PR598,Purchase Requisition,7725.42,
PR599,Purchase Requisition,4414.03,
PR600,Purchase Requisition,6430.27,
PR601,Purchase Requisition,4779.5,
PR602,Purchase Requisition,5761.98,
PR603,Purchase Requisition,5290.29,
PR604,Purchase Requisition,2690.72,
PR605,Purchase Requisition,4510.38,
PR606,Purchase Requisition,8708.53,
PR607,Purchase Requisition,3520.74,
PR608,Purchase Requisition,4918.07,
PR609,Purchase Requisition,4254.47,
PR610,Purchase Requisition,6255.66,
PR611,Purchase Requisition,5757.5,
PR612,Purchase Requisition,6976.31,
PR613,Purchase Requisition,9502.96,
PR614,Purchase Requisition,4609.37,
PR615,Purchase Requisition,8412.74,
PR616,Purchase Requisition,6665.96,
PR617,Purchase Requisition,6502.52,
PR618,Purchase Requisition,5175.38,
PR619,Purchase Requisition,6527.07,
PR620,Purchase Requisition,2079.49,
PR621,Purchase Requisition,4093.96,
PR622,Purchase Requisition,5628.02,
PR623,Purchase Requisition,4303.11,
PR624,Purchase Requisition,8467.35,
PR625,Purchase Requisition,2729.95,
PR626,Purchase Requisition,4189.7,
PR627,Purchase Requisition,416.05,
PR628,Purchase Requisition,6626.81,
PR629,Purchase Requisition,8067.82,
PR630,Purchase Requisition,5797.5,
PR631,Purchase Requisition,3186.13,
PR632,Purchase Requisition,4917.49,
PR633,Purchase Requisition,6904.47,
PR634,Purchase Requisition,6029.12,
PR635,Purchase Requisition,6318.54,
PR636,Purchase Requisition,4287.37,
PR637,Purchase Requisition,4325.04,
PR638,Purchase Requisition,4892.31,
PR639,Purchase Requisition,3996.09,
PR640,Purchase Requisition,4646.03,
PR641,Purchase Requisition,7148.12,
PR642,Purchase Requisition,5532.02,
PR643,Purchase Requisition,2723.72,
PR644,Purchase Requisition,2149.74,
PR645,Purchase Requisition,6245.39,
PR646,Purchase Requisition,8166.35,
PR647,Purchase Requisition,7163.78,
PR648,Purchase Requisition,875.55,
PR649,Purchase Requisition,6097.87,
PR650,Purchase Requisition,2795.11,
PR651,Purchase Requisition,4110.78,
PR652,Purchase Requisition,6330.62,
PR653,Purchase Requisition,4661.72,
PR654,Purchase Requisition,3830.98,
PR655,Purchase Requisition,5530.14,
PR656,Purchase Requisition,3805.75,
PR657,Purchase Requisition,8144.03,
PR658,Purchase Requisition,6799.43,
PR659,Purchase Requisition,6432.7,
PR660,Purchase Requisition,5496.26,
PR661,Purchase Requisition,6267.28,
PR662,Purchase Requisition,4903.17,
PR663,Purchase Requisition,4258.97,
PR664,Purchase Requisition,6584.06,
PR665,Purchase Requisition,4155.96,
PR666,Purchase Requisition,5339.39,
PR667,Purchase Requisition,6038.21,
PR668,Purchase Requisition,6377.53,
PR669,Purchase Requisition,5817.51,
PR670,Purchase Requisition,5533.7,
PR671,Purchase Requisition,5260.04,
PR672,Purchase Requisition,1154.12,
PR673,Purchase Requisition,3441.31,
PR674,Purchase Requisition,7588.4,
PR675,Purchase Requisition,10005.34,
PR676,Purchase Requisition,2274.35,
PR677,Purchase Requisition,3876.83,
PR678,Purchase Requisition,4465.34,
PR679,Purchase Requisition,2120.58,
PR680,Purchase Requisition,6159.2,
PR681,Purchase Requisition,8922.92,
PR682,Purchase Requisition,4459.54,
PR683,Purchase Requisition,1269.57,
PR684,Purchase Requisition,3794.45,
PR685,Purchase Requisition,5559.56,
PR686,Purchase Requisition,4969.87,
PR687,Purchase Requisition,5353.66,
PR688,Purchase Requisition,5142.03,
PR689,Purchase Requisition,5211.4,
PR690,Purchase Requisition,3532.38,
PR691,Purchase Requisition,2349.02,
PR692,Purchase Requisition,3794.67,
PR693,Purchase Requisition,3954.21,
PR694,Purchase Requisition,3816.92,
PR695,Purchase Requisition,6253.23,
PR696,Purchase Requisition,4665.25,
PR697,Purchase Requisition,4902.59,
PR698,Purchase Requisition,3101.64,
PR699,Purchase Requisition,2738.95,
PR700,Purchase Requisition,3432.22,
PR701,Purchase Requisition,7092.17,
PR702,Purchase Requisition,5865.62,
PR703,Purchase Requisition,7100.6,
PR704,Purchase Requisition,5145.56,
PR705,Purchase Requisition,4759.45,
PR706,Purchase Requisition,5922.06,
PR707,Purchase Requisition,5100.49,
PR708,Purchase Requisition,3652.08,
PR709,Purchase Requisition,1380.01,
PR710,Purchase Requisition,7041.11,
PR711,Purchase Requisition,7490.13,
PR712,Purchase Requisition,3031.25,
PR713,Purchase Requisition,3457.05,
PR714,Purchase Requisition,5696.06,
PR715,Purchase Requisition,5637.82,
PR716,Purchase Requisition,4203.84,
PR717,Purchase Requisition,5573.0,
PR718,Purchase Requisition,4940.4,
PR719,Purchase Requisition,6601.46,
PR720,Purchase Requisition,2361.97,
PR721,Purchase Requisition,5347.36,
PR722,Purchase Requisition,6398.93,
PR723,Purchase Requisition,4737.62,
PR724,Purchase Requisition,4316.95,
PR725,Purchase Requisition,5898.98,
PR726,Purchase Requisition,6031.2,
PR727,Purchase Requisition,2632.34,
PR728,Purchase Requisition,3156.47,
PR729,Purchase Requisition,6870.98,
PR730,Purchase Requisition,6922.25,
PR731,Purchase Requisition,1586.73,
PR732,Purchase Requisition,5554.35,
PR733,Purchase Requisition,4261.66,
PR734,Purchase Requisition,8418.82,
PR735,Purchase Requisition,5412.01,
PR736,Purchase Requisition,4759.59,
PR737,Purchase Requisition,3090.6,
PR738,Purchase Requisition,7168.49,
PR739,Purchase Requisition,5738.08,
PR740,Purchase Requisition,4203.75,
PR741,Purchase Requisition,3926.82,
PR742,Purchase Requisition,5037.26,
PR743,Purchase Requisition,4632.3,
PR744,Purchase Requisition,8015.45,
PR745,Purchase Requisition,3199.91,
PR746,Purchase Requisition,3645.23,
PR747,Purchase Requisition,6954.3,
PR748,Purchase Requisition,7826.72,
PR749,Purchase Requisition,6750.41,
PR750,Purchase Requisition,7758.39,
PR751,Purchase Requisition,4996.42,
PR752,Purchase Requisition,4323.62,
PR753,Purchase Requisition,4648.98,
PR754,Purchase Requisition,3022.2,
PR755,Purchase Requisition,5386.06,
PR756,Purchase Requisition,8037.39,
PR757,Purchase Requisition,5528.57,
PR758,Purchase Requisition,3429.05,
PR759,Purchase Requisition,4048.06,
PR760,Purchase Requisition,9303.95,
PR761,Purchase Requisition,6163.51,
PR762,Purchase Requisition,7268.95,
PR763,Purchase Requisition,4924.35,
PR764,Purchase Requisition,7177.17,
PR765,Purchase Requisition,6370.01,
PR766,Purchase Requisition,4214.65,
PR767,Purchase Requisition,5263.99,
PR768,Purchase Requisition,4780.63,
PR769,Purchase Requisition,5155.87,
PR770,Purchase Requisition,4712.89,
PR771,Purchase Requisition,4446.16,
PR772,Purchase Requisition,7181.21,
PR773,Purchase Requisition,6650.41,
PR774,Purchase Requisition,7729.18,
PR775,Purchase Requisition,4293.67,
PR776,Purchase Requisition,6330.57,
PR777,Purchase Requisition,4534.27,
PR778,Purchase Requisition,6071.92,
PR779,Purchase Requisition,1990.98,
PR780,Purchase Requisition,5711.19,
PR781,Purchase Requisition,3945.72,
PR782,Purchase Requisition,5938.16,
PR783,Purchase Requisition,5945.34,
PR784,Purchase Requisition,2494.97,
PR785,Purchase Requisition,4333.42,
PR786,Purchase Requisition,6132.07,
PR787,Purchase Requisition,2424.12,
PR788,Purchase Requisition,3761.8,
PR789,Purchase Requisition,7640.09,
PR790,Purchase Requisition,6487.96,
PR791,Purchase Requisition,4052.75,
PR792,Purchase Requisition,7815.87,
PR793,Purchase Requisition,6376.13,
PR794,Purchase Requisition,2350.98,
PR795,Purchase Requisition,9227.82,
PR796,Purchase Requisition,4880.96,
PR797,Purchase Requisition,3501.46,
PR798,Purchase Requisition,6057.39,
PR799,Purchase Requisition,7818.11,
PR800,Purchase Requisition,9243.16,
PR801,Purchase Requisition,2595.26,
PR802,Purchase Requisition,8479.65,
PR803,Purchase Requisition,4767.9,
PR804,Purchase Requisition,2714.87,
PR805,Purchase Requisition,6805.26,
PR806,Purchase Requisition,9232.37,
PR807,Purchase Requisition,2501.99,
PR808,Purchase Requisition,6459.64,
PR809,Purchase Requisition,2722.06,
PR810,Purchase Requisition,5223.78,
PR811,Purchase Requisition,3648.07,
PR812,Purchase Requisition,4117.55,
PR813,Purchase Requisition,244.89,
PR814,Purchase Requisition,4568.4,
PR815,Purchase Requisition,3076.56,
PR816,Purchase Requisition,4671.2,
PR817,Purchase Requisition,5275.43,
PR818,Purchase Requisition,6727.52,
PR819,Purchase Requisition,3512.69,
PR820,Purchase Requisition,5937.09,
PR821,Purchase Requisition,175.94,
PR822,Purchase Requisition,6883.31,
PR823,Purchase Requisition,7890.14,
PR824,Purchase Requisition,4331.36,
PR825,Purchase Requisition,4014.04,
PR826,Purchase Requisition,4569.09,
PR827,Purchase Requisition,7569.88,
PR828,Purchase Requisition,6697.62,
PR829,Purchase Requisition,6238.43,
PR830,Purchase Requisition,6686.5,
PR831,Purchase Requisition,7610.78,
PR832,Purchase Requisition,7064.75,
PR833,Purchase Requisition,2622.57,
PR834,Purchase Requisition,5330.55,
PR835,Purchase Requisition,2851.69,
PR836,Purchase Requisition,4104.34,
PR837,Purchase Requisition,3690.69,
PR838,Purchase Requisition,4344.62,
PR839,Purchase Requisition,6677.72,
PR840,Purchase Requisition,6240.53,
PR841,Purchase Requisition,4120.83,
PR842,Purchase Requisition,3574.39,
PR843,Purchase Requisition,5969.57,
PR844,Purchase Requisition,5147.29,
PR845,Purchase Requisition,5202.84,
PR846,Purchase Requisition,3992.04,
PR847,Purchase Requisition,3067.46,
PR848,Purchase Requisition,3751.9,
PR849,Purchase Requisition,5609.09,
PR850,Purchase Requisition,5517.4,
PR851,Purchase Requisition,4859.2,
PR852,Purchase Requisition,4190.03,
PR853,Purchase Requisition,5214.5,
PR854,Purchase Requisition,6032.04,
PR855,Purchase Requisition,7122.57,
PR856,Purchase Requisition,4237.29,
PR857,Purchase Requisition,6145.48,
PR858,Purchase Requisition,6055.58,
PR859,Purchase Requisition,8419.36,
PR860,Purchase Requisition,4683.67,
PR861,Purchase Requisition,5173.3,
PR862,Purchase Requisition,4587.22,
PR863,Purchase Requisition,5229.11,
PR864,Purchase Requisition,6413.95,
PR865,Purchase Requisition,4639.84,
PR866,Purchase Requisition,8144.07,
PR867,Purchase Requisition,150.91,
PR868,Purchase Requisition,6910.74,
PR869,Purchase Requisition,4502.52,
PR870,Purchase Requisition,8120.41,
PR871,Purchase Requisition,6451.39,
PR872,Purchase Requisition,4705.86,
PR873,Purchase Requisition,5135.79,
PR874,Purchase Requisition,3005.05,
PR875,Purchase Requisition,4610.31,
PR876,Purchase Requisition,5133.71,
PR877,Purchase Requisition,3925.15,
PR878,Purchase Requisition,7367.02,
PR879,Purchase Requisition,5777.48,
PR880,Purchase Requisition,8589.3,
PR881,Purchase Requisition,6141.06,
PR882,Purchase Requisition,7115.41,
PR883,Purchase Requisition,9013.75,
PR884,Purchase Requisition,6096.53,
PR885,Purchase Requisition,5582.98,
PR886,Purchase Requisition,7909.46,
PR887,Purchase Requisition,5270.05,
PR888,Purchase Requisition,2861.16,
PR889,Purchase Requisition,579.33,
PR890,Purchase Requisition,7202.93,
PR891,Purchase Requisition,4544.1,
PR892,Purchase Requisition,4744.94,
PR893,Purchase Requisition,5340.55,
PR894,Purchase Requisition,3963.71,
PR895,Purchase Requisition,3216.52,
PR896,Purchase Requisition,5308.75,
PR897,Purchase Requisition,6928.71,
PR898,Purchase Requisition,2873.84,
PR899,Purchase Requisition,3505.8,
PR900,Purchase Requisition,3265.39,
PR901,Purchase Requisition,4091.16,
PR902,Purchase Requisition,7140.53,
PR903,Purchase Requisition,444.35,
PR904,Purchase Requisition,5778.46,
PR905,Purchase Requisition,4006.17,
PR906,Purchase Requisition,2850.66,
PR907,Purchase Requisition,5860.08,
PR908,Purchase Requisition,8235.87,
PR909,Purchase Requisition,4955.77,
PR910,Purchase Requisition,3887.95,
PR911,Purchase Requisition,6675.47,
PR912,Purchase Requisition,5177.38,
PR913,Purchase Requisition,5324.77,
PR914,Purchase Requisition,4308.14,
PR915,Purchase Requisition,4001.4,
PR916,Purchase Requisition,1803.74,
PR917,Purchase Requisition,5969.98,
PR918,Purchase Requisition,4290.32,
PR919,Purchase Requisition,4242.01,
PR920,Purchase Requisition,8645.68,
PR921,Purchase Requisition,3345.52,
PR922,Purchase Requisition,6728.45,
PR923,Purchase Requisition,5517.09,
PR924,Purchase Requisition,2167.66,
PR925,Purchase Requisition,5526.91,
PR926,Purchase Requisition,3804.62,
PR927,Purchase Requisition,7715.56,
PR928,Purchase Requisition,5789.51,
PR929,Purchase Requisition,7051.89,
PR930,Purchase Requisition,7404.41,
PR931,Purchase Requisition,6427.34,
PR932,Purchase Requisition,3933.45,
PR933,Purchase Requisition,6407.77,
PR934,Purchase Requisition,6951.57,
PR935,Purchase Requisition,8563.92,
PR936,Purchase Requisition,6656.84,
PR937,Purchase Requisition,5586.76,
PR938,Purchase Requisition,6666.74,
PR939,Purchase Requisition,5934.74,
PR940,Purchase Requisition,6320.85,
PR941,Purchase Requisition,5165.26,
PR942,Purchase Requisition,4185.16,
PR943,Purchase Requisition,6324.01,
PR944,Purchase Requisition,7733.53,
PR945,Purchase Requisition,3807.18,
PR946,Purchase Requisition,5420.75,
PR947,Purchase Requisition,7148.23,
PR948,Purchase Requisition,3406.52,
PR949,Purchase Requisition,5582.01,
PR950,Purchase Requisition,4465.15,
PR951,Purchase Requisition,4959.72,
PR952,Purchase Requisition,720.94,
PR953,Purchase Requisition,3561.16,
PR954,Purchase Requisition,5284.32,
PR955,Purchase Requisition,3836.74,
PR956,Purchase Requisition,5694.93,
PR957,Purchase Requisition,3993.05,
PR958,Purchase Requisition,3478.65,
PR959,Purchase Requisition,4422.02,
PR960,Purchase Requisition,6884.74,
PR961,Purchase Requisition,6028.71,
PR962,Purchase Requisition,2722.52,
PR963,Purchase Requisition,2973.71,
PR964,Purchase Requisition,6533.12,
PR965,Purchase Requisition,4489.06,
PR966,Purchase Requisition,4615.4,
PR967,Purchase Requisition,4664.41,
PR968,Purchase Requisition,4959.46,
PR969,Purchase Requisition,2860.37,
PR970,Purchase Requisition,8600.61,
PR971,Purchase Requisition,6031.82,
PR972,Purchase Requisition,5050.16,
PR973,Purchase Requisition,6666.54,
PR974,Purchase Requisition,3242.5,
PR975,Purchase Requisition,4191.39,
PR976,Purchase Requisition,6063.37,
PR977,Purchase Requisition,5422.27,
PR978,Purchase Requisition,2032.31,
PR979,Purchase Requisition,8200.03,
PR980,Purchase Requisition,7678.37,
PR981,Purchase Requisition,5109.52,
PR982,Purchase Requisition,4131.08,
PR983,Purchase Requisition,1265.37,
PR984,Purchase Requisition,9710.78,
PR985,Purchase Requisition,4195.03,
PR986,Purchase Requisition,2793.68,
PR987,Purchase Requisition,6064.48,
PR988,Purchase Requisition,3006.21,
PR989,Purchase Requisition,5390.77,
PR990,Purchase Requisition,7140.07,
PR991,Purchase Requisition,7717.19,
PR992,Purchase Requisition,1265.82,
PR993,Purchase Requisition,3247.9,
PR994,Purchase Requisition,3168.41,
PR995,Purchase Requisition,5446.71,
PR996,Purchase Requisition,6236.85,
PR997,Purchase Requisition,4778.07,
PR998,Purchase Requisition,5929.3,
PR999,Purchase Requisition,8214.31,
PR1000,Purchase Requisition,6571.15,
Supplier1,Supplier,,
Supplier2,Supplier,,
Supplier3,Supplier,,
Supplier4,Supplier,,
Supplier5,Supplier,,
Supplier6,Supplier,,
Supplier7,Supplier,,
Supplier8,Supplier,,
Supplier9,Supplier,,
Supplier10,Supplier,,
Supplier11,Supplier,,
Supplier12,Supplier,,
Supplier13,Supplier,,
Supplier14,Supplier,,
Supplier15,Supplier,,
Supplier16,Supplier,,
Supplier17,Supplier,,
Supplier18,Supplier,,
Supplier19,Supplier,,
Supplier20,Supplier,,
Supplier21,Supplier,,
Supplier22,Supplier,,
Supplier23,Supplier,,
Supplier24,Supplier,,
Supplier25,Supplier,,
Supplier26,Supplier,,
Supplier27,Supplier,,
Supplier28,Supplier,,
Supplier29,Supplier,,
Supplier30,Supplier,,
Supplier31,Supplier,,
Supplier32,Supplier,,
Supplier33,Supplier,,
Supplier34,Supplier,,
Supplier35,Supplier,,
Supplier36,Supplier,,
Supplier37,Supplier,,
Supplier38,Supplier,,
Supplier39,Supplier,,
Supplier40,Supplier,,
Supplier41,Supplier,,
Supplier42,Supplier,,
Supplier43,Supplier,,
Supplier44,Supplier,,
Supplier45,Supplier,,
Supplier46,Supplier,,
Supplier47,Supplier,,
Supplier48,Supplier,,
Supplier49,Supplier,,
Supplier50,Supplier,,
