case_id,po_id,pr_count,pr_ids,supplier_count,supplier_ids,goods_receipt_count,goods_receipt_ids,invoice_count,invoice_ids,payment_count,payment_ids,start_time,end_time,total_processing_time_hours,pr_to_po_hours,po_approval_hours,approval_to_supplier_hours,supplier_to_goods_hours,goods_to_invoice_hours,invoice_to_match_hours,match_to_payment_hours,rejection_count,match_result
PO3411,PO3411,3,PR1;PR217;PR3,1,Supplier14,1,GRN4125,1,Invoice8363,1,Payment4833,2024-09-02 08:09:53+00:00,2024-09-12 10:45:53+00:00,242.6,1.05,0.433,0.833,24.0,24.0,0.283,192.0,0,Successful
PO751,PO751,1,PR2,1,Supplier46,1,GRN7903,1,Invoice4687,1,Payment350,2024-09-02 09:00:53+00:00,2024-09-14 10:51:53+00:00,289.85,1.383,0.083,0.017,96.0,24.0,0.367,168.0,0,Successful
PO7304,PO7304,1,PR3,1,Supplier49,1,GRN1832,1,Invoice687,1,Payment1199,2024-09-02 08:09:53+00:00,2024-09-08 10:55:53+00:00,146.767,0.85,0.8,0.933,48.0,72.0,0.183,24.0,0,Successful
PO9809,PO9809,1,PR4,1,Supplier34,1,GRN9607,1,Invoice9410,1,Payment4959,2024-09-02 08:58:53+00:00,2024-09-10 11:13:53+00:00,194.25,0.833,0.617,0.583,120.0,48.0,0.217,24.0,0,Successful
PO9981,PO9981,5,PR396;PR5;PR517;PR858;PR914,1,Supplier6,1,GRN470,1,Invoice1571,1,Payment3385,2024-09-02 08:07:53+00:00,2024-09-11 10:31:53+00:00,218.4,1.35,0.4,0.217,48.0,48.0,0.433,120.0,1,Successful
PO9506,PO9506,1,PR6,1,Supplier39,1,GRN4569,1,Invoice6071,1,Payment6099,2024-09-02 08:40:53+00:00,2024-09-17 10:54:53+00:00,362.233,0.65,0.667,0.667,96.0,24.0,0.25,240.0,0,Mismatch
PO7204,PO7204,5,PR207;PR225;PR309;PR636;PR7,1,Supplier23,1,GRN4796,1,Invoice5613,1,Payment706,2024-09-02 08:08:54+00:00,2024-09-08 10:57:53+00:00,146.816,1.366,0.333,0.867,24.0,24.0,0.25,96.0,0,Successful
PO6714,PO6714,4,PR154;PR643;PR741;PR8,2,Supplier13;Supplier39,2,GRN499;GRN8481,2,Invoice5206;Invoice5633,2,Payment290;Payment4351,2024-09-02 08:25:56+00:00,2024-09-09 10:38:56+00:00,170.217,1.0,0.167,0.15,72.0,48.0,0.9,48.0,1,Successful
PO1984,PO1984,1,PR9,1,Supplier47,1,GRN4364,1,Invoice5448,1,Payment1110,2024-09-02 09:03:53+00:00,2024-09-12 11:54:53+00:00,242.85,1.117,0.433,0.55,96.0,24.0,0.75,120.0,0,Successful
PO7329,PO7329,1,PR10,1,Supplier28,1,GRN5125,1,Invoice1980,1,Payment8086,2024-09-02 08:41:53+00:00,2024-09-14 10:58:53+00:00,290.283,1.05,0.833,0.283,24.0,24.0,0.117,240.0,0,Mismatch
PO8720,PO8720,3,PR11;PR233;PR680,2,Supplier49;Supplier5,2,GRN100;GRN8463,2,Invoice1992;Invoice9437,3,Payment3231;Payment7182;Payment9645,2024-09-02 08:05:56+00:00,2024-09-07 10:50:54+00:00,122.749,0.8,0.633,0.449,48.551,24.0,0.667,47.649,0,Successful
PO1803,PO1803,4,PR12;PR154;PR361;PR467,1,Supplier45,1,GRN6871,1,Invoice5999,1,Payment1504,2024-09-02 08:43:55+00:00,2024-09-14 12:15:53+00:00,291.533,2.083,0.467,0.317,48.0,48.0,0.667,192.0,0,Successful
PO8662,PO8662,2,PR13;PR328,1,Supplier49,1,GRN9762,1,Invoice6949,1,Payment9880,2024-09-02 08:09:53+00:00,2024-09-07 10:54:53+00:00,122.75,1.117,0.017,0.717,24.0,24.0,0.9,72.0,0,Successful
PO1660,PO1660,4,PR104;PR14;PR296;PR645,1,Supplier1,1,GRN2216,1,Invoice567,1,Payment3114,2024-09-02 08:25:53+00:00,2024-09-14 11:45:53+00:00,291.333,1.483,0.867,0.017,120.0,24.0,0.967,144.0,0,Successful
PO7594,PO7594,2,PR15;PR77,1,Supplier20,1,GRN85,1,Invoice8491,1,Payment6910,2024-09-02 08:06:53+00:00,2024-09-19 11:04:53+00:00,410.967,1.05,0.55,0.817,96.0,72.0,0.55,240.0,0,Successful
PO2357,PO2357,1,PR17,1,Supplier31,1,GRN4398,1,Invoice5186,1,Payment986,2024-09-02 08:32:53+00:00,2024-09-17 11:06:53+00:00,362.567,1.117,0.1,0.383,120.0,24.0,0.967,216.0,0,Successful
PO5353,PO5353,1,PR18,1,Supplier24,1,GRN2701,1,Invoice3067,1,Payment8638,2024-09-02 08:41:53+00:00,2024-09-11 10:34:53+00:00,217.883,0.833,0.383,0.267,24.0,48.0,0.4,144.0,0,Successful
PO1800,PO1800,4,PR129;PR19;PR229;PR286,1,Supplier2,1,GRN4930,1,Invoice8686,1,Payment9105,2024-09-02 08:07:53+00:00,2024-09-10 11:38:53+00:00,195.517,1.183,0.683,0.767,48.0,24.0,0.883,120.0,1,Successful
PO5791,PO5791,1,PR20,1,Supplier46,1,GRN5531,1,Invoice3405,1,Payment3279,2024-09-02 08:49:53+00:00,2024-09-10 10:40:53+00:00,193.85,0.683,0.183,0.483,96.0,72.0,0.5,24.0,0,Successful
PO2691,PO2691,1,PR21,1,Supplier9,1,GRN2645,1,Invoice5468,1,Payment539,2024-09-02 08:23:53+00:00,2024-09-17 09:59:53+00:00,361.6,0.283,0.417,0.483,96.0,48.0,0.417,216.0,0,Mismatch
PO9055,PO9055,2,PR22;PR446,1,Supplier48,1,GRN683,1,Invoice5006,2,Payment3750;Payment759,2024-09-02 08:08:55+00:00,2024-09-07 09:33:56+00:00,121.417,1.383,0.9,0.033,24.0,72.0,0.533,22.567,0,Successful
PO143,PO143,3,PR23;PR283;PR354,1,Supplier43,1,GRN311,1,Invoice2496,1,Payment9772,2024-09-02 08:14:54+00:00,2024-09-14 10:21:53+00:00,290.116,1.216,0.133,0.333,24.0,24.0,0.433,240.0,0,Successful
PO310,PO310,1,PR24,1,Supplier3,1,GRN439,1,Invoice6461,1,Payment9262,2024-09-02 08:46:53+00:00,2024-09-10 10:32:53+00:00,193.767,0.333,0.35,0.6,24.0,48.0,0.483,120.0,0,Successful
PO83,PO83,1,PR25,1,Supplier3,1,GRN7825,1,Invoice9926,2,Payment3715;Payment8315,2024-09-02 08:36:53+00:00,2024-09-11 11:09:54+00:00,218.55,0.45,0.667,0.833,48.0,48.0,0.267,120.334,0,Successful
PO565,PO565,1,PR26,1,Supplier19,1,GRN6365,1,Invoice4826,1,Payment6441,2024-09-02 08:48:53+00:00,2024-09-13 10:55:53+00:00,266.117,1.017,0.883,0.167,120.0,24.0,0.05,120.0,0,Successful
PO9326,PO9326,5,PR27;PR279;PR283;PR44;PR795,1,Supplier10,1,GRN3939,1,Invoice9037,1,Payment2299,2024-09-02 08:15:54+00:00,2024-09-08 11:15:53+00:00,147.0,0.65,0.95,0.883,72.0,24.0,0.517,48.0,2,Successful
PO7766,PO7766,1,PR28,1,Supplier18,1,GRN7325,1,Invoice6981,1,Payment8757,2024-09-02 08:21:53+00:00,2024-09-15 11:11:53+00:00,314.833,1.783,0.75,0.283,72.0,72.0,0.017,168.0,0,Successful
PO1521,PO1521,3,PR29;PR4;PR879,1,Supplier37,1,GRN2825,1,Invoice3257,1,Payment2449,2024-09-02 08:14:57+00:00,2024-09-12 10:42:53+00:00,242.466,0.749,0.95,0.217,96.0,24.0,0.55,120.0,0,Successful
PO3704,PO3704,1,PR30,1,Supplier8,1,GRN4968,1,Invoice2509,1,Payment9696,2024-09-02 08:13:53+00:00,2024-09-15 11:30:53+00:00,315.283,1.7,0.15,0.817,120.0,48.0,0.617,144.0,0,Successful
PO8512,PO8512,2,PR31;PR713,2,Supplier49;Supplier8,2,GRN3114;GRN9009,2,Invoice2139;Invoice4404,2,Payment373;Payment7788,2024-09-02 08:04:53+00:00,2024-09-13 09:33:53+00:00,265.483,1.033,0.083,0.033,26.517,24.0,0.667,213.149,0,Successful + Mismatch
PO7675,PO7675,3,PR113;PR32;PR528,1,Supplier31,1,GRN4622,1,Invoice4781,1,Payment5371,2024-09-02 08:40:53+00:00,2024-09-06 10:42:53+00:00,98.033,1.083,0.583,0.083,48.0,24.0,0.283,24.0,0,Successful
PO8937,PO8937,1,PR33,1,Supplier34,1,GRN7582,1,Invoice2403,1,Payment346,2024-09-02 08:48:53+00:00,2024-09-07 10:47:53+00:00,121.983,0.367,0.75,0.2,24.0,24.0,0.667,72.0,0,Successful
PO6312,PO6312,1,PR34,1,Supplier42,1,GRN2293,1,Invoice5317,1,Payment666,2024-09-02 09:01:53+00:00,2024-09-11 10:58:53+00:00,217.95,1.017,0.45,0.267,96.0,72.0,0.217,48.0,0,Successful
PO3211,PO3211,1,PR35,1,Supplier32,1,GRN2116,1,Invoice8524,1,Payment3667,2024-09-02 08:21:53+00:00,2024-09-10 12:02:53+00:00,195.683,1.617,0.783,0.583,72.0,48.0,0.7,72.0,0,Mismatch
PO6416,PO6416,3,PR36;PR630;PR961,1,Supplier17,1,GRN8386,1,Invoice1296,1,Payment9235,2024-09-02 08:06:53+00:00,2024-09-10 10:24:53+00:00,194.3,0.233,0.6,1.0,96.0,48.0,0.467,48.0,0,Successful
PO7514,PO7514,1,PR37,1,Supplier2,1,GRN9600,1,Invoice7361,1,Payment2012,2024-09-02 08:53:53+00:00,2024-09-18 09:54:53+00:00,385.017,0.083,0.5,0.2,120.0,72.0,0.233,192.0,0,Successful
PO8446,PO8446,1,PR38,1,Supplier2,1,GRN9108,1,Invoice3808,1,Payment6595,2024-09-02 08:19:53+00:00,2024-09-09 11:27:53+00:00,171.133,0.983,0.967,0.783,96.0,48.0,0.4,24.0,0,Successful
PO8759,PO8759,2,PR39;PR721,1,Supplier17,1,GRN6776,1,Invoice4254,1,Payment7308,2024-09-02 08:36:53+00:00,2024-09-11 10:41:53+00:00,218.083,0.833,0.25,0.217,120.0,48.0,0.783,48.0,0,Successful
PO7249,PO7249,1,PR40,1,Supplier5,1,GRN2378,1,Invoice4843,1,Payment8026,2024-09-02 08:56:53+00:00,2024-09-09 11:17:53+00:00,170.35,0.933,0.75,0.5,120.0,24.0,0.167,24.0,0,Successful
PO1139,PO1139,10,PR108;PR369;PR43;PR49;PR637;PR737;PR765;PR809;PR859;PR911,2,Supplier36;Supplier45,2,GRN5645;GRN8996,2,Invoice4779;Invoice8758,3,Payment2975;Payment5883;Payment6678,2024-09-02 08:09:54+00:00,2024-09-05 12:15:53+00:00,76.1,1.966,0.7,0.233,24.0,24.45,0.75,24.0,2,Successful
PO8639,PO8639,3,PR381;PR44;PR809,1,Supplier36,1,GRN7960,1,Invoice6933,1,Payment7897,2024-09-02 08:13:54+00:00,2024-09-10 11:45:53+00:00,195.533,1.916,0.817,0.133,24.0,24.0,0.667,144.0,0,Mismatch
PO3043,PO3043,2,PR45;PR780,1,Supplier41,1,GRN8382,1,Invoice2924,1,Payment4058,2024-09-02 08:27:56+00:00,2024-09-13 10:56:53+00:00,266.483,1.049,0.567,0.4,48.0,24.0,0.467,192.0,0,Successful
PO7916,PO7916,1,PR46,1,Supplier46,1,GRN1898,1,Invoice6696,1,Payment7245,2024-09-02 09:02:53+00:00,2024-09-12 10:16:53+00:00,241.233,0.483,0.4,0.15,48.0,24.0,0.2,168.0,0,Successful
PO5785,PO5785,1,PR47,1,Supplier37,1,GRN3310,1,Invoice9370,2,Payment3125;Payment8503,2024-09-02 08:18:53+00:00,2024-09-14 10:09:57+00:00,289.851,0.45,0.083,0.6,48.0,48.0,0.633,192.084,0,Successful
PO9607,PO9607,2,PR111;PR48,1,Supplier44,1,GRN7541,1,Invoice4622,1,Payment3046,2024-09-02 08:28:53+00:00,2024-09-12 11:47:53+00:00,243.317,0.833,0.517,0.983,120.0,24.0,0.983,96.0,0,Successful
PO1360,PO1360,1,PR50,1,Supplier8,1,GRN8749,1,Invoice5385,1,Payment4772,2024-09-02 09:00:53+00:00,2024-09-13 12:30:53+00:00,267.5,1.783,0.917,0.467,120.0,24.0,0.333,120.0,0,Successful
PO4707,PO4707,1,PR51,1,Supplier32,1,GRN1632,1,Invoice6962,1,Payment4016,2024-09-02 08:13:53+00:00,2024-09-09 11:23:53+00:00,171.167,1.217,0.817,0.933,72.0,24.0,0.2,72.0,0,Successful
PO162,PO162,1,PR52,1,Supplier38,1,GRN8441,1,Invoice9989,1,Payment8007,2024-09-02 08:52:53+00:00,2024-09-09 10:14:53+00:00,169.367,0.75,0.317,0.183,96.0,48.0,0.117,24.0,0,Successful
PO5040,PO5040,1,PR53,1,Supplier1,1,GRN9530,1,Invoice6703,1,Payment6741,2024-09-02 08:24:53+00:00,2024-09-10 10:36:53+00:00,194.2,0.8,0.033,0.683,120.0,48.0,0.683,24.0,0,Successful
PO1858,PO1858,1,PR54,1,Supplier7,1,GRN5940,1,Invoice9570,1,Payment6611,2024-09-02 08:53:53+00:00,2024-09-16 12:19:53+00:00,339.433,1.4,0.683,0.733,48.0,72.0,0.617,216.0,0,Successful
PO2896,PO2896,4,PR142;PR55;PR794;PR82,1,Supplier19,1,GRN4729,1,Invoice1554,1,Payment5106,2024-09-02 08:13:53+00:00,2024-09-15 11:05:53+00:00,314.867,1.5,0.433,0.117,48.0,48.0,0.817,216.0,0,Successful
PO6495,PO6495,1,PR57,1,Supplier12,1,GRN5314,1,Invoice892,1,Payment3516,2024-09-02 08:40:53+00:00,2024-09-08 09:31:53+00:00,144.85,0.3,0.15,0.083,24.0,24.0,0.317,96.0,0,Successful
PO2224,PO2224,1,PR58,1,Supplier1,1,GRN5477,1,Invoice3969,1,Payment1174,2024-09-02 08:50:53+00:00,2024-09-16 10:28:53+00:00,337.633,0.733,0.217,0.3,96.0,48.0,0.383,192.0,0,Successful
PO215,PO215,1,PR59,1,Supplier47,1,GRN1591,1,Invoice8068,1,Payment7494,2024-09-02 09:00:53+00:00,2024-09-06 10:42:53+00:00,97.7,0.75,0.233,0.333,48.0,24.0,0.383,24.0,0,Successful
PO704,PO704,6,PR266;PR60;PR657;PR699;PR717;PR847,1,Supplier38,1,GRN3315,1,Invoice7620,1,Payment8012,2024-09-02 08:07:54+00:00,2024-09-16 11:42:53+00:00,339.583,1.6,0.817,0.517,72.0,72.0,0.65,192.0,2,Successful
PO9048,PO9048,2,PR316;PR61,1,Supplier35,1,GRN8544,1,Invoice698,1,Payment8037,2024-09-02 08:04:54+00:00,2024-09-14 11:52:53+00:00,291.8,2.3,0.8,0.65,120.0,24.0,0.05,144.0,0,Successful
PO9880,PO9880,1,PR62,1,Supplier23,1,GRN8195,1,Invoice7474,1,Payment2773,2024-09-02 08:56:53+00:00,2024-09-10 11:54:53+00:00,194.967,0.983,0.917,0.85,72.0,24.0,0.217,96.0,0,Successful
PO177,PO177,1,PR63,1,Supplier45,1,GRN8179,1,Invoice7039,1,Payment5305,2024-09-02 08:04:53+00:00,2024-09-15 09:36:53+00:00,313.533,0.45,0.15,0.033,120.0,72.0,0.9,120.0,0,Successful
PO3080,PO3080,1,PR64,1,Supplier25,1,GRN2313,1,Invoice4840,1,Payment2901,2024-09-02 09:01:53+00:00,2024-09-16 11:23:53+00:00,338.367,0.783,0.167,0.717,120.0,24.0,0.7,192.0,0,Successful
PO4643,PO4643,1,PR65,1,Supplier27,1,GRN2795,1,Invoice64,1,Payment6782,2024-09-02 08:43:53+00:00,2024-09-10 12:11:53+00:00,195.467,1.083,0.833,0.617,48.0,48.0,0.933,96.0,0,Successful
PO1025,PO1025,3,PR318;PR66;PR854,1,Supplier18,1,GRN820,1,Invoice3498,1,Payment5309,2024-09-02 08:16:57+00:00,2024-09-12 11:26:53+00:00,243.166,1.949,0.2,0.567,24.0,24.0,0.45,192.0,0,Successful
PO1077,PO1077,1,PR67,1,Supplier5,1,GRN1836,1,Invoice7938,2,Payment8012;Payment9744,2024-09-02 08:36:53+00:00,2024-09-12 11:15:54+00:00,242.65,1.167,0.183,0.5,120.0,72.0,0.783,48.017,0,Successful
PO8186,PO8186,1,PR68,1,Supplier36,1,GRN8627,1,Invoice7373,1,Payment2048,2024-09-02 08:55:53+00:00,2024-09-12 11:59:53+00:00,243.067,1.467,0.633,0.05,72.0,48.0,0.917,120.0,0,Mismatch
PO4259,PO4259,5,PR354;PR69;PR778;PR884;PR930,1,Supplier46,1,GRN3587,1,Invoice2467,1,Payment6075,2024-09-02 08:06:53+00:00,2024-09-15 10:45:53+00:00,314.65,0.6,0.983,0.633,72.0,72.0,0.433,168.0,0,Successful
PO4807,PO4807,5,PR139;PR161;PR505;PR70;PR987,1,Supplier20,1,GRN1821,1,Invoice6994,1,Payment3142,2024-09-02 08:13:57+00:00,2024-09-11 11:21:53+00:00,219.132,1.266,0.233,1.0,24.0,24.0,0.633,168.0,0,Mismatch
PO5936,PO5936,3,PR51;PR71;PR749,1,Supplier43,1,GRN3153,1,Invoice9194,1,Payment7277,2024-09-02 08:06:56+00:00,2024-09-13 11:41:53+00:00,267.582,1.899,0.583,0.417,24.0,72.0,0.683,168.0,0,Successful
PO5795,PO5795,6,PR442;PR453;PR515;PR667;PR72;PR876,1,Supplier42,1,GRN5242,1,Invoice3062,1,Payment4541,2024-09-02 08:05:53+00:00,2024-09-12 11:50:53+00:00,243.75,1.717,0.9,0.25,96.0,48.0,0.883,96.0,0,Successful
PO1562,PO1562,1,PR73,1,Supplier13,1,GRN7777,1,Invoice435,1,Payment4768,2024-09-02 08:32:53+00:00,2024-09-16 10:46:53+00:00,338.233,1.183,0.05,0.15,72.0,48.0,0.85,216.0,0,Successful
PO2122,PO2122,1,PR74,1,Supplier6,1,GRN3862,1,Invoice6144,1,Payment9772,2024-09-02 08:13:53+00:00,2024-09-11 09:51:53+00:00,217.633,0.533,0.25,0.55,72.0,24.0,0.3,120.0,0,Mismatch
PO1689,PO1689,1,PR75,1,Supplier21,1,GRN9998,1,Invoice5311,1,Payment2331,2024-09-02 08:31:53+00:00,2024-09-08 11:30:53+00:00,146.983,1.633,0.7,0.283,72.0,24.0,0.367,48.0,0,Successful
PO566,PO566,2,PR281;PR76,1,Supplier1,1,GRN570,1,Invoice6667,1,Payment884,2024-09-02 08:22:54+00:00,2024-09-15 12:11:53+00:00,315.816,1.55,0.7,0.917,72.0,48.0,0.65,192.0,0,Successful
PO298,PO298,2,PR730;PR77,1,Supplier27,1,GRN943,1,Invoice3003,1,Payment3809,2024-09-02 08:05:56+00:00,2024-09-14 10:45:53+00:00,290.666,1.499,0.15,0.533,120.0,24.0,0.483,144.0,0,Successful
PO4465,PO4465,1,PR78,1,Supplier17,1,GRN6401,1,Invoice7256,1,Payment7971,2024-09-02 08:05:53+00:00,2024-09-16 11:05:53+00:00,339.0,1.183,0.533,0.667,48.0,72.0,0.617,216.0,0,Successful
PO2196,PO2196,1,PR79,1,Supplier11,1,GRN1932,1,Invoice3991,1,Payment2461,2024-09-02 08:18:53+00:00,2024-09-08 10:52:53+00:00,146.567,1.067,0.883,0.367,48.0,72.0,0.25,24.0,0,Successful
PO3101,PO3101,1,PR80,1,Supplier22,1,GRN2469,1,Invoice5473,1,Payment807,2024-09-02 08:24:53+00:00,2024-09-16 10:15:53+00:00,337.85,0.7,0.85,0.05,24.0,72.0,0.25,240.0,0,Successful
PO3297,PO3297,5,PR470;PR480;PR50;PR81;PR922,1,Supplier28,1,GRN1517,1,Invoice4440,1,Payment7880,2024-09-02 08:12:57+00:00,2024-09-17 11:02:53+00:00,362.832,1.332,0.383,0.633,120.0,48.0,0.483,192.0,1,Successful
PO700,PO700,6,PR302;PR43;PR578;PR708;PR82;PR868,1,Supplier12,1,GRN9054,1,Invoice1869,1,Payment6745,2024-09-02 08:13:56+00:00,2024-09-09 12:11:53+00:00,171.966,2.016,0.717,0.85,96.0,48.0,0.383,24.0,0,Successful
PO2766,PO2766,1,PR83,1,Supplier43,1,GRN8540,1,Invoice7716,1,Payment9270,2024-09-02 08:08:53+00:00,2024-09-16 09:50:53+00:00,337.7,0.967,0.167,0.15,96.0,48.0,0.417,192.0,0,Successful
PO308,PO308,4,PR715;PR84;PR931;PR941,1,Supplier2,1,GRN2308,1,Invoice6621,1,Payment9455,2024-09-02 08:07:56+00:00,2024-09-15 11:46:53+00:00,315.649,2.216,0.583,0.783,72.0,72.0,0.067,168.0,0,Successful
PO259,PO259,5,PR370;PR545;PR85;PR924;PR969,1,Supplier43,1,GRN9972,1,Invoice4261,1,Payment4706,2024-09-02 08:08:54+00:00,2024-09-13 11:45:53+00:00,267.616,1.616,0.933,0.133,48.0,72.0,0.933,144.0,0,Successful
PO2874,PO2874,1,PR86,1,Supplier18,1,GRN565,1,Invoice7721,1,Payment813,2024-09-02 08:48:53+00:00,2024-09-15 11:00:53+00:00,314.2,1.5,0.283,0.4,24.0,72.0,0.017,216.0,0,Successful
PO9525,PO9525,1,PR87,1,Supplier50,1,GRN8125,1,Invoice1033,1,Payment3265,2024-09-02 08:18:53+00:00,2024-09-08 12:15:53+00:00,147.95,1.417,0.95,0.633,96.0,24.0,0.95,24.0,0,Successful
PO1679,PO1679,1,PR88,1,Supplier32,1,GRN5060,1,Invoice9422,1,Payment8553,2024-09-02 08:17:53+00:00,2024-09-14 10:21:53+00:00,290.067,0.583,0.817,0.5,72.0,24.0,0.167,192.0,0,Successful
PO874,PO874,2,PR700;PR89,1,Supplier46,1,GRN6432,1,Invoice8500,1,Payment9552,2024-09-02 08:12:56+00:00,2024-09-09 11:02:53+00:00,170.833,1.566,0.317,0.183,24.0,72.0,0.767,72.0,0,Successful
PO9296,PO9296,2,PR796;PR90,2,Supplier26;Supplier6,2,GRN9767;GRN9922,2,Invoice2143;Invoice5499,2,Payment8360;Payment9855,2024-09-02 08:06:56+00:00,2024-09-10 11:51:56+00:00,195.75,1.8,0.733,0.534,24.166,24.0,0.583,143.934,0,Successful + Mismatch
PO5283,PO5283,5,PR309;PR727;PR778;PR895;PR91,1,Supplier5,1,GRN3036,1,Invoice8498,1,Payment6426,2024-09-02 08:29:57+00:00,2024-09-07 11:12:53+00:00,122.716,0.616,0.85,0.7,72.0,24.0,0.55,24.0,0,Successful
PO1952,PO1952,1,PR92,1,Supplier4,1,GRN6238,1,Invoice7772,1,Payment5907,2024-09-02 08:54:53+00:00,2024-09-16 11:44:53+00:00,338.833,0.85,0.95,0.267,72.0,24.0,0.767,240.0,0,Successful
PO4343,PO4343,3,PR367;PR398;PR93,1,Supplier35,1,GRN6155,1,Invoice770,1,Payment7024,2024-09-02 08:15:54+00:00,2024-09-09 11:58:53+00:00,171.716,2.15,0.617,0.1,96.0,24.0,0.85,48.0,0,Mismatch
PO5360,PO5360,3,PR782;PR933;PR94,1,Supplier2,1,GRN7198,1,Invoice402,1,Payment3173,2024-09-02 08:10:56+00:00,2024-09-13 10:31:53+00:00,266.349,1.866,0.333,0.133,72.0,72.0,0.017,120.0,0,Successful
PO4630,PO4630,1,PR95,1,Supplier41,1,GRN391,1,Invoice1676,1,Payment2394,2024-09-02 08:58:53+00:00,2024-09-09 11:22:53+00:00,170.4,1.5,0.117,0.067,24.0,48.0,0.717,96.0,0,Successful
PO6355,PO6355,5,PR61;PR670;PR729;PR948;PR97,1,Supplier32,1,GRN7163,1,Invoice3338,1,Payment9595,2024-09-02 08:13:53+00:00,2024-09-16 11:37:53+00:00,339.4,1.117,0.667,0.683,96.0,24.0,0.933,216.0,1,Successful
PO8019,PO8019,1,PR99,1,Supplier16,1,GRN4455,1,Invoice4484,1,Payment3020,2024-09-02 09:02:53+00:00,2024-09-05 12:11:53+00:00,75.15,1.2,0.533,0.767,24.0,24.0,0.65,24.0,0,Successful
PO2317,PO2317,6,PR100;PR248;PR564;PR681;PR764;PR825,2,Supplier34;Supplier7,2,GRN8088;GRN9126,2,Invoice6572;Invoice7138,2,Payment3404;Payment608,2024-09-02 08:05:54+00:00,2024-09-09 10:47:56+00:00,170.701,1.416,0.533,0.318,72.0,24.0,0.433,72.0,1,Successful
PO7539,PO7539,1,PR101,1,Supplier9,1,GRN344,1,Invoice300,2,Payment4614;Payment9285,2024-09-02 08:27:53+00:00,2024-09-09 11:42:53+00:00,171.25,1.65,0.6,0.867,96.0,24.0,0.133,48.0,0,Mismatch
PO2243,PO2243,5,PR102;PR296;PR351;PR424;PR675,1,Supplier31,1,GRN7514,1,Invoice40,2,Payment297;Payment6217,2024-09-02 08:23:56+00:00,2024-09-11 10:56:54+00:00,218.549,1.999,0.05,0.233,96.0,72.0,0.433,47.834,0,Successful
PO2085,PO2085,1,PR103,1,Supplier7,1,GRN6793,1,Invoice6027,1,Payment9593,2024-09-02 08:29:53+00:00,2024-09-06 11:54:53+00:00,99.417,1.183,0.883,0.4,24.0,24.0,0.95,48.0,0,Successful
PO3070,PO3070,1,PR104,1,Supplier50,1,GRN1409,1,Invoice5847,1,Payment5695,2024-09-02 09:03:53+00:00,2024-09-07 12:24:53+00:00,123.35,1.25,0.45,0.817,24.0,48.0,0.833,48.0,0,Successful
PO3844,PO3844,5,PR105;PR266;PR327;PR715;PR851,1,Supplier11,1,GRN9448,1,Invoice3867,1,Payment168,2024-09-02 08:07:54+00:00,2024-09-16 11:23:53+00:00,339.266,1.566,0.383,0.75,96.0,24.0,0.567,216.0,0,Successful
PO6695,PO6695,6,PR106;PR221;PR509;PR697;PR786;PR844,1,Supplier48,1,GRN2732,1,Invoice9290,1,Payment9812,2024-09-02 08:04:55+00:00,2024-09-10 12:47:53+00:00,196.716,2.333,0.483,0.9,48.0,24.0,1.0,120.0,2,Successful
PO1356,PO1356,1,PR107,1,Supplier33,1,GRN4706,1,Invoice7616,2,Payment7303;Payment9345,2024-09-02 08:37:53+00:00,2024-09-05 11:49:53+00:00,75.2,1.883,0.217,0.767,24.0,24.0,0.333,24.0,0,Successful
PO314,PO314,1,PR110,1,Supplier32,1,GRN732,1,Invoice7128,1,Payment1953,2024-09-02 08:14:53+00:00,2024-09-15 09:38:53+00:00,313.4,0.333,0.267,0.767,72.0,72.0,0.033,168.0,0,Successful
PO1666,PO1666,1,PR111,1,Supplier33,1,GRN4787,1,Invoice9541,1,Payment475,2024-09-02 08:47:53+00:00,2024-09-13 12:27:53+00:00,267.667,1.283,0.867,0.55,48.0,24.0,0.967,192.0,0,Mismatch
PO4616,PO4616,1,PR113,1,Supplier34,1,GRN4701,1,Invoice7098,1,Payment5449,2024-09-02 08:40:53+00:00,2024-09-12 09:50:53+00:00,241.167,0.283,0.333,0.417,24.0,24.0,0.133,192.0,0,Successful
PO1923,PO1923,1,PR114,1,Supplier8,1,GRN1510,1,Invoice6718,1,Payment8449,2024-09-02 08:44:53+00:00,2024-09-12 11:11:53+00:00,242.45,0.867,0.717,0.8,96.0,24.0,0.067,120.0,0,Successful
PO1591,PO1591,1,PR115,1,Supplier15,1,GRN9398,1,Invoice7359,1,Payment3984,2024-09-02 08:21:53+00:00,2024-09-11 10:39:53+00:00,218.3,0.85,0.35,0.6,48.0,24.0,0.5,144.0,0,Successful
PO9814,PO9814,1,PR116,1,Supplier7,1,GRN1847,1,Invoice3324,1,Payment3669,2024-09-02 09:01:53+00:00,2024-09-12 10:47:53+00:00,241.767,0.167,0.65,0.517,120.0,72.0,0.433,48.0,0,Successful
PO5287,PO5287,4,PR117;PR271;PR481;PR899,1,Supplier16,1,GRN6228,1,Invoice9226,2,Payment3126;Payment8231,2024-09-02 08:23:57+00:00,2024-09-08 12:18:54+00:00,147.916,1.332,0.733,0.067,120.0,24.0,0.95,0.834,1,Successful
PO6894,PO6894,5,PR118;PR27;PR709;PR714;PR859,1,Supplier34,1,GRN4175,1,Invoice3492,1,Payment8264,2024-09-02 08:12:53+00:00,2024-09-14 10:42:53+00:00,290.5,1.033,0.5,0.75,24.0,24.0,0.217,240.0,0,Successful
PO7654,PO7654,6,PR119;PR207;PR494;PR753;PR778;PR934,1,Supplier50,1,GRN4379,1,Invoice4160,1,Payment2883,2024-09-02 08:08:54+00:00,2024-09-13 11:40:53+00:00,267.533,1.466,0.6,0.633,96.0,72.0,0.833,96.0,0,Successful
PO4523,PO4523,3,PR120;PR132;PR490,1,Supplier31,1,GRN1648,1,Invoice2102,1,Payment8880,2024-09-02 08:30:55+00:00,2024-09-13 12:05:53+00:00,267.583,1.833,0.817,0.567,120.0,24.0,0.367,120.0,1,Successful
PO2362,PO2362,1,PR121,1,Supplier24,1,GRN8433,1,Invoice3891,1,Payment2945,2024-09-02 08:24:53+00:00,2024-09-11 10:02:53+00:00,217.633,0.4,0.083,0.583,120.0,48.0,0.567,48.0,0,Successful
PO9984,PO9984,4,PR123;PR407;PR552;PR944,1,Supplier26,1,GRN288,1,Invoice1307,1,Payment5065,2024-09-02 08:18:57+00:00,2024-09-13 11:42:53+00:00,267.399,1.832,0.683,0.533,96.0,72.0,0.35,96.0,1,Successful
PO8873,PO8873,1,PR124,1,Supplier46,1,GRN1701,1,Invoice3975,1,Payment8250,2024-09-02 08:32:53+00:00,2024-09-13 11:30:53+00:00,266.967,1.45,0.5,0.933,72.0,48.0,0.083,144.0,0,Successful
PO4803,PO4803,3,PR125;PR439;PR926,1,Supplier35,1,GRN2542,1,Invoice8418,1,Payment8709,2024-09-02 08:10:55+00:00,2024-09-11 11:07:53+00:00,218.949,1.216,0.883,0.2,96.0,48.0,0.65,72.0,1,Successful
PO9493,PO9493,6,PR126;PR241;PR437;PR579;PR708;PR709,1,Supplier27,1,GRN2162,1,Invoice4903,1,Payment1691,2024-09-02 08:05:53+00:00,2024-09-10 09:59:53+00:00,193.9,0.633,0.167,0.367,48.0,48.0,0.733,96.0,1,Successful
PO6158,PO6158,3,PR127;PR200;PR997,1,Supplier4,1,GRN6000,1,Invoice868,1,Payment5161,2024-09-02 08:13:53+00:00,2024-09-14 10:13:53+00:00,290.0,0.95,0.65,0.317,120.0,48.0,0.083,120.0,1,Successful
PO8024,PO8024,3,PR128;PR498;PR787,2,Supplier37;Supplier47,2,GRN1682;GRN2173,2,Invoice4011;Invoice7856,3,Payment4493;Payment6159;Payment6982,2024-09-02 08:36:53+00:00,2024-09-07 10:22:53+00:00,121.767,0.884,0.183,0.083,48.0,24.0,0.617,48.0,0,Successful
PO6307,PO6307,3,PR129;PR558;PR629,1,Supplier1,1,GRN7837,1,Invoice5545,1,Payment4494,2024-09-02 08:26:55+00:00,2024-09-15 11:12:53+00:00,314.766,1.633,0.667,0.117,96.0,24.0,0.35,192.0,0,Successful
PO8618,PO8618,1,PR130,1,Supplier36,1,GRN2314,1,Invoice2808,1,Payment3797,2024-09-02 08:52:53+00:00,2024-09-09 11:34:53+00:00,170.7,1.15,0.533,0.567,72.0,48.0,0.45,48.0,0,Successful
PO3112,PO3112,1,PR131,1,Supplier4,1,GRN5359,1,Invoice3972,1,Payment6334,2024-09-02 08:41:53+00:00,2024-09-09 11:20:53+00:00,170.65,0.183,0.883,0.95,72.0,72.0,0.633,24.0,0,Successful
PO9811,PO9811,12,PR105;PR133;PR178;PR182;PR193;PR313;PR577;PR696;PR793;PR795;PR908;PR972,2,Supplier14;Supplier34,2,GRN6145;GRN6711,2,Invoice4504;Invoice6303,2,Payment1555;Payment6857,2024-09-02 08:06:54+00:00,2024-09-10 09:09:54+00:00,193.05,0.817,0.017,0.067,49.883,72.0,0.933,69.334,2,Successful
PO2676,PO2676,2,PR134;PR754,1,Supplier35,1,GRN9353,1,Invoice3662,1,Payment5561,2024-09-02 08:10:56+00:00,2024-09-16 11:34:53+00:00,339.399,1.416,0.8,0.383,24.0,72.0,0.8,240.0,0,Successful
PO9389,PO9389,4,PR135;PR30;PR669;PR693,1,Supplier22,1,GRN2000,1,Invoice3647,1,Payment8404,2024-09-02 08:13:53+00:00,2024-09-09 11:24:53+00:00,171.183,1.0,0.883,0.917,96.0,24.0,0.383,48.0,0,Mismatch
PO7965,PO7965,3,PR136;PR229;PR969,2,Supplier49;Supplier50,2,GRN2097;GRN3404,2,Invoice2114;Invoice6983,2,Payment2426;Payment5023,2024-09-02 08:18:57+00:00,2024-09-08 12:27:53+00:00,148.149,1.1,0.167,0.1,48.0,48.0,0.917,49.866,1,Successful
PO5147,PO5147,5,PR138;PR196;PR743;PR89;PR895,1,Supplier41,1,GRN6239,1,Invoice2540,1,Payment3455,2024-09-02 08:14:56+00:00,2024-09-14 11:15:53+00:00,291.016,1.433,0.583,0.667,72.0,72.0,0.333,144.0,0,Successful
PO2193,PO2193,2,PR139;PR850,1,Supplier4,1,GRN8231,1,Invoice3468,1,Payment3856,2024-09-02 08:22:53+00:00,2024-09-11 10:32:53+00:00,218.167,0.917,0.3,0.867,72.0,48.0,0.083,96.0,0,Successful
PO1547,PO1547,3,PR140;PR650;PR950,1,Supplier29,1,GRN7347,1,Invoice8652,1,Payment8362,2024-09-02 08:11:56+00:00,2024-09-07 11:20:53+00:00,123.149,1.499,0.667,0.15,48.0,48.0,0.833,24.0,0,Successful
PO5145,PO5145,1,PR141,1,Supplier37,1,GRN8049,1,Invoice4647,1,Payment4603,2024-09-02 08:07:53+00:00,2024-09-12 10:41:53+00:00,242.567,1.033,0.567,0.033,72.0,48.0,0.933,120.0,0,Successful
PO7610,PO7610,6,PR11;PR142;PR392;PR680;PR781;PR860,1,Supplier39,1,GRN8078,1,Invoice3823,1,Payment2923,2024-09-02 08:05:56+00:00,2024-09-10 11:26:53+00:00,195.349,1.849,0.683,0.733,24.0,72.0,0.083,96.0,1,Successful
PO4347,PO4347,4,PR143;PR24;PR637;PR909,1,Supplier37,1,GRN3484,1,Invoice9338,1,Payment7148,2024-09-02 08:31:53+00:00,2024-09-10 10:56:53+00:00,194.417,0.567,0.433,0.467,24.0,72.0,0.95,96.0,1,Successful
PO7674,PO7674,1,PR144,1,Supplier2,1,GRN2599,1,Invoice9307,1,Payment2079,2024-09-02 08:33:53+00:00,2024-09-10 11:38:53+00:00,195.083,1.267,0.817,0.783,96.0,48.0,0.217,48.0,0,Successful
PO7903,PO7903,3,PR145;PR53;PR566,1,Supplier10,1,GRN9132,1,Invoice4248,1,Payment1841,2024-09-02 08:10:53+00:00,2024-09-06 10:09:53+00:00,97.983,1.033,0.067,0.067,48.0,24.0,0.817,24.0,0,Successful
PO3708,PO3708,1,PR146,1,Supplier10,1,GRN9932,1,Invoice9476,2,Payment1310;Payment5305,2024-09-02 08:25:53+00:00,2024-09-13 10:56:56+00:00,266.517,1.617,0.817,0.9,72.0,72.0,0.833,118.351,0,Successful
PO1909,PO1909,1,PR147,1,Supplier36,1,GRN3005,1,Invoice2980,1,Payment9269,2024-09-02 08:29:53+00:00,2024-09-10 10:04:53+00:00,193.583,0.267,0.65,0.433,72.0,48.0,0.233,72.0,0,Successful
PO3861,PO3861,1,PR148,1,Supplier17,1,GRN8152,1,Invoice6814,1,Payment777,2024-09-02 08:39:53+00:00,2024-09-11 11:38:53+00:00,218.983,1.15,0.2,0.65,120.0,48.0,0.983,48.0,0,Successful
PO5267,PO5267,3,PR149;PR154;PR223,1,Supplier14,1,GRN6926,1,Invoice7247,1,Payment6005,2024-09-02 08:13:53+00:00,2024-09-09 11:41:53+00:00,171.467,1.617,0.717,0.183,72.0,24.0,0.95,72.0,0,Successful
PO8010,PO8010,1,PR150,1,Supplier48,1,GRN1348,1,Invoice5381,1,Payment6852,2024-09-02 08:58:53+00:00,2024-09-11 11:25:53+00:00,218.45,0.967,0.717,0.183,24.0,48.0,0.583,144.0,0,Successful
PO4448,PO4448,3,PR138;PR151;PR656,1,Supplier1,1,GRN8178,1,Invoice24,1,Payment4680,2024-09-02 08:23:53+00:00,2024-09-14 09:03:53+00:00,288.667,0.15,0.117,0.283,96.0,48.0,0.117,144.0,1,Successful
PO723,PO723,4,PR152;PR623;PR854;PR94,1,Supplier27,1,GRN1772,1,Invoice3321,1,Payment680,2024-09-02 08:16:57+00:00,2024-09-18 11:03:53+00:00,386.782,1.416,0.433,0.033,72.0,72.0,0.9,240.0,0,Mismatch
PO4776,PO4776,1,PR153,1,Supplier16,1,GRN4356,1,Invoice5066,1,Payment6953,2024-09-02 08:13:53+00:00,2024-09-08 10:36:53+00:00,146.383,0.85,0.5,0.783,24.0,72.0,0.25,48.0,0,Successful
PO7414,PO7414,5,PR154;PR283;PR366;PR726;PR835,1,Supplier39,1,GRN4227,1,Invoice7189,1,Payment4060,2024-09-02 08:15:56+00:00,2024-09-09 11:01:53+00:00,170.766,1.466,0.517,0.183,96.0,24.0,0.6,48.0,0,Successful
PO5313,PO5313,6,PR155;PR218;PR408;PR619;PR691;PR776,1,Supplier26,1,GRN5943,1,Invoice7258,1,Payment5209,2024-09-02 08:08:56+00:00,2024-09-07 10:58:53+00:00,122.832,1.216,0.267,0.683,72.0,24.0,0.667,24.0,1,Successful
PO6815,PO6815,4,PR156;PR310;PR533;PR910,1,Supplier24,1,GRN8993,1,Invoice1693,1,Payment2880,2024-09-02 08:18:55+00:00,2024-09-17 11:42:53+00:00,363.399,1.699,0.9,0.717,72.0,48.0,0.083,240.0,0,Successful
PO7078,PO7078,1,PR157,1,Supplier1,1,GRN9387,1,Invoice4296,2,Payment9183;Payment9653,2024-09-02 08:20:53+00:00,2024-09-12 11:32:56+00:00,243.201,0.8,0.25,0.783,120.0,72.0,1.0,48.367,0,Successful
PO9488,PO9488,7,PR158;PR375;PR413;PR443;PR619;PR662;PR708,2,Supplier21;Supplier29,2,GRN363;GRN8482,2,Invoice5002;Invoice5044,2,Payment3222;Payment8029,2024-09-02 08:08:56+00:00,2024-09-10 11:25:53+00:00,195.282,1.2,0.633,0.883,24.416,48.0,0.15,120.0,0,Successful + Mismatch
PO89,PO89,4,PR159;PR225;PR292;PR553,1,Supplier45,1,GRN5864,1,Invoice4317,1,Payment785,2024-09-02 08:08:53+00:00,2024-09-13 10:47:53+00:00,266.65,1.017,0.35,0.533,120.0,72.0,0.75,72.0,0,Successful
PO3627,PO3627,2,PR160;PR979,1,Supplier42,1,GRN8307,1,Invoice7276,1,Payment7286,2024-09-02 08:52:57+00:00,2024-09-16 12:25:53+00:00,339.549,1.066,0.85,0.8,96.0,72.0,0.833,168.0,0,Successful
PO7161,PO7161,1,PR161,1,Supplier5,1,GRN5201,1,Invoice8080,1,Payment5290,2024-09-02 08:14:53+00:00,2024-09-06 10:34:53+00:00,98.333,1.433,0.3,0.083,24.0,24.0,0.517,48.0,0,Successful
PO4525,PO4525,1,PR162,1,Supplier6,1,GRN1264,1,Invoice7789,1,Payment6343,2024-09-02 08:29:53+00:00,2024-09-12 11:27:53+00:00,242.967,1.017,0.933,0.9,96.0,24.0,0.117,120.0,0,Successful
PO2969,PO2969,1,PR163,1,Supplier27,1,GRN6069,1,Invoice1943,1,Payment4722,2024-09-02 08:23:53+00:00,2024-09-10 11:24:53+00:00,195.017,1.583,0.517,0.85,96.0,24.0,0.067,72.0,0,Successful
PO3891,PO3891,6,PR116;PR164;PR228;PR570;PR708;PR722,1,Supplier28,1,GRN9456,1,Invoice8193,1,Payment6437,2024-09-02 08:13:56+00:00,2024-09-09 12:14:53+00:00,172.016,2.333,0.383,0.75,72.0,48.0,0.55,48.0,0,Successful
PO9552,PO9552,1,PR165,1,Supplier46,1,GRN9108,1,Invoice2724,2,Payment4273;Payment5116,2024-09-02 08:33:53+00:00,2024-09-10 11:07:55+00:00,194.567,0.267,0.65,0.95,120.0,72.0,0.417,0.284,0,Successful
PO1996,PO1996,4,PR166;PR4;PR707;PR926,1,Supplier32,1,GRN1321,1,Invoice9523,2,Payment2681;Payment689,2024-09-02 08:18:56+00:00,2024-09-17 10:36:56+00:00,362.3,0.782,0.267,0.417,48.0,72.0,0.933,239.901,0,Successful
PO7152,PO7152,1,PR167,1,Supplier17,1,GRN4301,1,Invoice7907,1,Payment4060,2024-09-02 08:52:53+00:00,2024-09-07 11:50:53+00:00,122.967,1.85,0.1,0.933,24.0,24.0,0.083,72.0,0,Successful
PO6020,PO6020,1,PR168,1,Supplier16,1,GRN8475,1,Invoice4771,1,Payment8094,2024-09-02 08:18:53+00:00,2024-09-07 12:01:53+00:00,123.717,1.683,0.817,0.667,24.0,72.0,0.55,24.0,0,Successful
PO9592,PO9592,5,PR169;PR238;PR516;PR707;PR914,1,Supplier3,1,GRN1084,1,Invoice433,1,Payment8120,2024-09-02 08:07:54+00:00,2024-09-10 11:04:53+00:00,194.95,1.066,0.867,0.733,96.0,48.0,0.283,48.0,2,Successful
PO9902,PO9902,10,PR170;PR34;PR357;PR556;PR71;PR782;PR832;PR871;PR920;PR998,2,Supplier16;Supplier40,2,GRN5388;GRN9306,2,Invoice8128;Invoice8943,2,Payment1566;Payment7491,2024-09-02 08:09:54+00:00,2024-09-06 12:26:53+00:00,100.283,1.384,0.383,0.85,48.716,24.0,0.95,24.0,0,Successful
PO7050,PO7050,5,PR112;PR171;PR249;PR716;PR977,1,Supplier33,1,GRN2769,1,Invoice5547,1,Payment1207,2024-09-02 08:08:57+00:00,2024-09-14 10:23:53+00:00,290.249,0.899,0.033,0.883,120.0,48.0,0.433,120.0,2,Successful
PO3661,PO3661,2,PR172;PR777,1,Supplier47,1,GRN4865,1,Invoice7384,1,Payment5792,2024-09-02 08:11:56+00:00,2024-09-14 11:40:53+00:00,291.483,1.782,0.667,0.3,96.0,24.0,0.733,168.0,0,Successful
PO8887,PO8887,1,PR174,1,Supplier45,1,GRN537,1,Invoice2976,1,Payment3007,2024-09-02 08:46:54+00:00,2024-09-13 12:11:54+00:00,267.417,1.2,0.783,0.45,48.0,48.0,0.983,168.0,0,Successful
PO1070,PO1070,1,PR175,1,Supplier49,1,GRN7162,1,Invoice7393,1,Payment3354,2024-09-02 08:15:54+00:00,2024-09-10 10:22:54+00:00,194.117,1.583,0.133,0.15,96.0,24.0,0.25,72.0,0,Successful
PO4508,PO4508,1,PR176,1,Supplier43,1,GRN4822,1,Invoice2122,1,Payment2022,2024-09-02 09:02:54+00:00,2024-09-15 12:12:54+00:00,315.167,1.417,0.133,0.767,48.0,72.0,0.85,192.0,0,Successful
PO6910,PO6910,4,PR102;PR177;PR186;PR465,1,Supplier13,1,GRN6137,1,Invoice6604,1,Payment3517,2024-09-02 08:08:55+00:00,2024-09-11 10:34:54+00:00,218.433,1.35,0.367,0.267,120.0,48.0,0.45,48.0,0,Successful
PO760,PO760,1,PR178,1,Supplier7,1,GRN8518,1,Invoice4661,1,Payment8154,2024-09-02 08:57:54+00:00,2024-09-12 12:19:54+00:00,243.367,1.783,0.867,0.617,120.0,48.0,0.1,72.0,0,Successful
PO397,PO397,1,PR179,1,Supplier41,1,GRN6423,1,Invoice8317,1,Payment3779,2024-09-02 08:41:54+00:00,2024-09-07 10:31:54+00:00,121.833,0.95,0.2,0.15,24.0,48.0,0.533,48.0,0,Successful
PO422,PO422,6,PR180;PR196;PR494;PR603;PR621;PR779,1,Supplier26,1,GRN7399,1,Invoice7982,1,Payment5036,2024-09-02 08:17:55+00:00,2024-09-16 11:05:54+00:00,338.8,1.7,0.05,0.067,72.0,48.0,0.983,216.0,2,Successful
PO3848,PO3848,1,PR181,1,Supplier16,1,GRN9794,1,Invoice8263,1,Payment6259,2024-09-02 08:42:54+00:00,2024-09-13 11:14:54+00:00,266.533,0.7,0.967,0.2,120.0,72.0,0.667,72.0,0,Successful
PO3109,PO3109,1,PR183,1,Supplier50,1,GRN3865,1,Invoice3710,1,Payment9711,2024-09-02 08:40:54+00:00,2024-09-14 10:58:54+00:00,290.3,0.867,0.917,0.45,72.0,24.0,0.067,192.0,0,Successful
PO4655,PO4655,1,PR184,1,Supplier16,1,GRN8568,1,Invoice5678,1,Payment6413,2024-09-02 08:44:54+00:00,2024-09-15 11:36:54+00:00,314.867,0.933,0.567,0.583,48.0,48.0,0.783,216.0,0,Successful
PO3242,PO3242,5,PR185;PR191;PR323;PR367;PR682,1,Supplier30,1,GRN1189,1,Invoice2212,1,Payment2249,2024-09-02 08:26:54+00:00,2024-09-11 11:01:54+00:00,218.583,1.15,0.667,0.133,96.0,48.0,0.633,72.0,0,Successful
PO5032,PO5032,6,PR104;PR186;PR240;PR499;PR592;PR904,1,Supplier2,1,GRN1984,1,Invoice1482,1,Payment3321,2024-09-02 08:07:54+00:00,2024-09-17 10:42:54+00:00,362.583,2.033,0.3,0.083,120.0,72.0,0.167,168.0,1,Successful
PO5932,PO5932,1,PR187,1,Supplier46,1,GRN7838,1,Invoice7938,2,Payment8012;Payment9744,2024-09-02 08:32:54+00:00,2024-09-12 11:15:54+00:00,242.717,1.017,0.517,0.867,96.0,24.0,0.317,120.0,0,Successful
PO7264,PO7264,1,PR188,1,Supplier3,1,GRN853,1,Invoice7196,1,Payment6314,2024-09-02 08:46:54+00:00,2024-09-10 10:53:54+00:00,194.117,0.917,0.767,0.267,96.0,24.0,0.167,72.0,0,Successful
PO3786,PO3786,3,PR189;PR486;PR864,1,Supplier15,1,GRN5210,1,Invoice4708,1,Payment9733,2024-09-02 08:21:57+00:00,2024-09-09 10:58:54+00:00,170.616,1.349,0.533,0.067,72.0,72.0,0.667,24.0,0,Successful
PO5520,PO5520,1,PR190,1,Supplier15,1,GRN2255,1,Invoice5041,1,Payment1708,2024-09-02 08:56:54+00:00,2024-09-14 12:15:54+00:00,291.317,1.567,0.017,0.883,96.0,48.0,0.85,144.0,0,Successful
PO9559,PO9559,1,PR191,1,Supplier46,1,GRN2722,1,Invoice6695,1,Payment9659,2024-09-02 08:34:54+00:00,2024-09-10 11:49:54+00:00,195.25,1.3,0.517,0.467,120.0,48.0,0.967,24.0,0,Successful
PO5660,PO5660,1,PR192,1,Supplier39,1,GRN8673,1,Invoice3582,1,Payment1448,2024-09-02 08:50:54+00:00,2024-09-20 12:00:54+00:00,435.167,0.933,0.85,0.717,120.0,72.0,0.667,240.0,0,Successful
PO9079,PO9079,1,PR194,1,Supplier41,1,GRN6621,1,Invoice2657,1,Payment206,2024-09-02 08:54:54+00:00,2024-09-07 12:26:54+00:00,123.533,0.883,0.817,0.85,48.0,48.0,0.983,24.0,0,Successful
PO2170,PO2170,2,PR195;PR71,1,Supplier11,1,GRN9098,1,Invoice3179,1,Payment4322,2024-09-02 08:39:54+00:00,2024-09-15 10:52:54+00:00,314.217,1.2,0.15,0.45,96.0,24.0,0.417,192.0,0,Successful
PO4866,PO4866,1,PR196,1,Supplier44,1,GRN547,1,Invoice4268,1,Payment7421,2024-09-02 08:24:54+00:00,2024-09-18 11:43:54+00:00,387.317,1.1,0.683,0.633,120.0,48.0,0.9,216.0,0,Successful
PO1357,PO1357,6,PR105;PR197;PR221;PR317;PR333;PR618,1,Supplier10,1,GRN8806,1,Invoice3424,1,Payment695,2024-09-02 08:05:54+00:00,2024-09-13 10:48:54+00:00,266.717,1.25,0.067,0.683,24.0,48.0,0.717,192.0,0,Successful
PO180,PO180,1,PR198,1,Supplier45,1,GRN2620,1,Invoice8870,1,Payment6097,2024-09-02 08:09:54+00:00,2024-09-14 11:13:54+00:00,291.067,1.383,0.233,0.733,120.0,48.0,0.717,120.0,0,Successful
PO783,PO783,2,PR199;PR614,1,Supplier48,1,GRN9662,1,Invoice2542,1,Payment9472,2024-09-02 08:14:55+00:00,2024-09-13 12:17:54+00:00,268.05,2.433,0.783,0.567,72.0,24.0,0.267,168.0,0,Successful
PO3963,PO3963,5,PR203;PR341;PR390;PR479;PR717,1,Supplier18,1,GRN5462,1,Invoice4619,1,Payment2394,2024-09-02 08:07:56+00:00,2024-09-14 11:23:54+00:00,291.266,1.283,0.917,0.933,48.0,48.0,0.133,192.0,1,Successful
PO6241,PO6241,1,PR204,1,Supplier10,1,GRN8860,1,Invoice5235,1,Payment6107,2024-09-02 08:58:54+00:00,2024-09-08 12:41:54+00:00,147.717,1.65,0.933,0.133,72.0,48.0,1.0,24.0,0,Successful
PO562,PO562,1,PR205,1,Supplier38,1,GRN9396,1,Invoice4406,1,Payment1576,2024-09-02 08:15:54+00:00,2024-09-14 10:31:54+00:00,290.267,0.6,0.733,0.35,48.0,72.0,0.583,168.0,0,Successful
PO6570,PO6570,4,PR191;PR206;PR677;PR977,1,Supplier30,1,GRN5485,1,Invoice4249,1,Payment644,2024-09-02 08:08:57+00:00,2024-09-17 10:54:54+00:00,362.766,1.216,0.133,0.817,48.0,72.0,0.6,240.0,0,Mismatch
PO9983,PO9983,1,PR207,1,Supplier25,1,GRN9505,1,Invoice7797,1,Payment2101,2024-09-02 08:08:54+00:00,2024-09-08 10:23:54+00:00,146.25,0.533,0.867,0.1,72.0,24.0,0.75,48.0,0,Successful
PO7660,PO7660,1,PR208,1,Supplier23,1,GRN9799,1,Invoice1668,1,Payment4720,2024-09-02 08:32:54+00:00,2024-09-14 12:09:54+00:00,291.617,1.567,0.433,0.883,24.0,72.0,0.733,192.0,0,Mismatch
PO4898,PO4898,6,PR209;PR255;PR315;PR43;PR910;PR982,1,Supplier8,1,GRN7232,1,Invoice3847,1,Payment5952,2024-09-02 08:20:57+00:00,2024-09-08 12:23:54+00:00,148.049,1.899,0.833,0.35,24.0,24.0,0.967,96.0,1,Successful
PO1432,PO1432,6,PR210;PR287;PR357;PR382;PR966;PR99,1,Supplier20,1,GRN593,1,Invoice3856,1,Payment5972,2024-09-02 08:06:57+00:00,2024-09-17 11:09:54+00:00,363.049,1.933,0.1,0.567,48.0,72.0,0.45,240.0,0,Successful
PO3466,PO3466,4,PR158;PR211;PR25;PR697,1,Supplier13,1,GRN6055,1,Invoice1289,1,Payment690,2024-09-02 08:36:53+00:00,2024-09-17 10:55:54+00:00,362.317,0.9,0.133,0.35,48.0,72.0,0.933,240.0,1,Successful
PO8344,PO8344,2,PR212;PR686,1,Supplier42,1,GRN9415,1,Invoice9585,1,Payment835,2024-09-02 08:12:54+00:00,2024-09-14 10:40:54+00:00,290.467,0.883,0.6,0.433,120.0,72.0,0.55,96.0,0,Successful
PO2567,PO2567,6,PR182;PR213;PR344;PR441;PR850;PR959,1,Supplier26,1,GRN3919,1,Invoice9376,1,Payment4615,2024-09-02 08:15:57+00:00,2024-09-12 11:25:54+00:00,243.166,1.333,0.8,0.817,72.0,72.0,0.217,96.0,0,Successful
PO7961,PO7961,5,PR214;PR215;PR217;PR570;PR966,1,Supplier12,1,GRN3711,1,Invoice7435,1,Payment4716,2024-09-02 08:06:57+00:00,2024-09-08 10:36:54+00:00,146.499,1.416,0.067,0.417,72.0,24.0,0.6,48.0,1,Successful
PO9276,PO9276,1,PR216,1,Supplier36,1,GRN5752,1,Invoice7734,1,Payment8585,2024-09-02 08:14:54+00:00,2024-09-06 09:25:54+00:00,97.183,0.267,0.417,0.233,24.0,24.0,0.267,48.0,0,Successful
PO8544,PO8544,3,PR126;PR217;PR947,1,Supplier9,1,GRN6479,1,Invoice3520,1,Payment7012,2024-09-02 08:05:53+00:00,2024-09-15 11:11:54+00:00,315.1,1.75,0.067,0.317,24.0,48.0,0.967,240.0,0,Successful
PO587,PO587,3,PR219;PR269;PR535,1,Supplier30,1,GRN5438,1,Invoice1523,1,Payment981,2024-09-02 08:21:54+00:00,2024-09-12 10:45:54+00:00,242.4,1.417,0.467,0.4,120.0,48.0,0.117,72.0,0,Successful
PO6479,PO6479,2,PR220;PR881,1,Supplier16,1,GRN6546,1,Invoice7328,1,Payment4904,2024-09-02 08:30:57+00:00,2024-09-08 12:09:54+00:00,147.649,1.699,0.4,0.633,48.0,48.0,0.917,48.0,0,Mismatch
PO2076,PO2076,5,PR221;PR271;PR510;PR579;PR844,1,Supplier28,1,GRN1043,1,Invoice1272,1,Payment1756,2024-09-02 08:05:54+00:00,2024-09-12 10:13:54+00:00,242.133,1.1,0.133,0.017,24.0,24.0,0.883,192.0,0,Successful
PO1815,PO1815,1,PR222,1,Supplier25,1,GRN7884,1,Invoice7717,2,Payment7669;Payment9214,2024-09-02 08:51:54+00:00,2024-09-12 11:43:54+00:00,242.867,1.667,0.133,0.65,24.0,24.0,0.417,192.0,0,Successful
PO8254,PO8254,2,PR223;PR418,1,Supplier31,1,GRN1634,1,Invoice7743,1,Payment7016,2024-09-02 08:09:55+00:00,2024-09-15 10:59:54+00:00,314.833,1.516,0.45,0.4,48.0,24.0,0.467,240.0,0,Successful
PO9648,PO9648,2,PR224;PR514,1,Supplier15,1,GRN6685,1,Invoice8517,1,Payment8110,2024-09-02 08:55:54+00:00,2024-09-18 11:15:54+00:00,386.333,1.433,0.417,0.3,120.0,72.0,0.183,192.0,0,Successful
PO4702,PO4702,1,PR225,1,Supplier29,1,GRN865,1,Invoice5063,1,Payment103,2024-09-02 08:32:54+00:00,2024-09-16 11:04:54+00:00,338.533,0.617,0.733,0.333,120.0,72.0,0.85,144.0,0,Successful
PO4634,PO4634,3,PR226;PR265;PR977,1,Supplier4,1,GRN6616,1,Invoice2888,1,Payment3907,2024-09-02 08:08:57+00:00,2024-09-10 10:39:54+00:00,194.516,1.282,0.35,0.633,96.0,72.0,0.25,24.0,0,Successful
PO8007,PO8007,1,PR227,1,Supplier41,1,GRN1720,1,Invoice1183,1,Payment4164,2024-09-02 08:05:54+00:00,2024-09-18 11:57:54+00:00,387.867,1.417,0.85,0.867,120.0,72.0,0.733,192.0,0,Successful
PO3762,PO3762,1,PR228,1,Supplier22,1,GRN8742,1,Invoice9553,1,Payment2556,2024-09-02 09:03:54+00:00,2024-09-11 11:09:54+00:00,218.1,0.517,0.033,0.75,72.0,24.0,0.8,120.0,0,Successful
PO1727,PO1727,4,PR230;PR41;PR530;PR926,1,Supplier39,1,GRN8398,1,Invoice3074,1,Payment7705,2024-09-02 08:18:57+00:00,2024-09-19 11:31:54+00:00,411.216,1.916,0.567,0.417,96.0,72.0,0.317,240.0,1,Successful
PO6229,PO6229,5,PR231;PR46;PR483;PR634;PR924,1,Supplier50,1,GRN9852,1,Invoice2611,1,Payment5639,2024-09-02 08:29:56+00:00,2024-09-10 12:22:54+00:00,195.883,1.299,1.0,0.7,72.0,24.0,0.883,96.0,0,Successful
PO8602,PO8602,5,PR126;PR232;PR405;PR554;PR91,1,Supplier18,1,GRN3181,1,Invoice2941,1,Payment4947,2024-09-02 08:05:53+00:00,2024-09-13 10:20:54+00:00,266.25,2.134,0.033,0.067,120.0,24.0,0.017,120.0,1,Successful
PO5671,PO5671,4,PR233;PR579;PR629;PR935,1,Supplier10,1,GRN9530,1,Invoice8354,1,Payment9563,2024-09-02 08:16:54+00:00,2024-09-18 10:24:54+00:00,386.133,1.45,0.167,0.033,96.0,72.0,0.483,216.0,0,Successful
PO3950,PO3950,1,PR235,1,Supplier35,1,GRN8645,1,Invoice3232,1,Payment669,2024-09-02 08:39:54+00:00,2024-09-07 11:31:54+00:00,122.867,1.583,0.167,0.217,24.0,24.0,0.9,72.0,0,Mismatch
PO4440,PO4440,6,PR138;PR225;PR236;PR401;PR48;PR520,1,Supplier6,1,GRN2523,1,Invoice5746,1,Payment2066,2024-09-02 08:25:53+00:00,2024-09-12 11:29:54+00:00,243.067,0.634,0.767,0.833,120.0,24.0,0.833,96.0,0,Successful
PO6500,PO6500,4,PR128;PR239;PR46;PR550,1,Supplier28,1,GRN2961,1,Invoice5548,1,Payment963,2024-09-02 08:15:54+00:00,2024-09-05 10:51:54+00:00,74.6,1.067,0.6,0.917,24.0,24.0,0.017,24.0,0,Mismatch
PO9639,PO9639,1,PR242,1,Supplier37,1,GRN7258,1,Invoice4014,1,Payment8832,2024-09-02 08:34:54+00:00,2024-09-07 09:33:54+00:00,120.983,0.517,0.05,0.017,48.0,48.0,0.4,24.0,0,Successful
PO3034,PO3034,4,PR22;PR243;PR368;PR465,1,Supplier48,1,GRN8844,1,Invoice4022,1,Payment4189,2024-09-02 08:08:55+00:00,2024-09-16 11:47:54+00:00,339.65,1.933,0.067,0.85,48.0,48.0,0.8,240.0,0,Successful
PO9145,PO9145,1,PR244,1,Supplier34,1,GRN6542,1,Invoice7616,2,Payment7303;Payment9345,2024-09-02 08:43:54+00:00,2024-09-11 11:18:54+00:00,218.583,1.65,0.567,0.333,72.0,72.0,0.033,72.0,0,Successful
PO4504,PO4504,6,PR191;PR223;PR246;PR389;PR699;PR81,1,Supplier38,1,GRN9733,1,Invoice2637,1,Payment4016,2024-09-02 08:17:54+00:00,2024-09-15 10:37:54+00:00,314.333,0.967,0.867,0.383,48.0,72.0,0.117,192.0,1,Successful
PO5723,PO5723,2,PR247;PR261,1,Supplier33,1,GRN2508,1,Invoice4678,1,Payment4332,2024-09-02 08:11:54+00:00,2024-09-17 10:15:54+00:00,362.067,1.283,0.533,0.1,72.0,72.0,0.15,216.0,0,Successful
PO6825,PO6825,1,PR248,1,Supplier32,1,GRN3169,1,Invoice2780,1,Payment2401,2024-09-02 08:05:54+00:00,2024-09-14 11:02:54+00:00,290.95,1.7,0.667,0.167,24.0,24.0,0.417,240.0,0,Successful
PO2524,PO2524,6,PR249;PR618;PR790;PR914;PR917;PR96,2,Supplier33;Supplier8,2,GRN5216;GRN9734,2,Invoice5249;Invoice9145,2,Payment4394;Payment5750,2024-09-02 08:09:57+00:00,2024-09-08 10:47:54+00:00,146.632,0.532,0.4,0.7,24.0,48.0,1.0,72.0,2,Successful + Mismatch
PO3226,PO3226,1,PR250,1,Supplier42,1,GRN7993,1,Invoice7750,1,Payment119,2024-09-02 08:40:54+00:00,2024-09-10 10:56:54+00:00,194.267,0.5,0.767,0.65,72.0,72.0,0.35,48.0,0,Successful
PO8157,PO8157,6,PR252;PR335;PR493;PR574;PR779;PR909,1,Supplier50,1,GRN635,1,Invoice3801,2,Payment3054;Payment3352,2024-09-02 08:20:54+00:00,2024-09-11 10:53:54+00:00,218.55,0.767,0.967,0.55,72.0,48.0,0.267,96.0,0,Successful
PO4740,PO4740,1,PR253,1,Supplier26,1,GRN6808,1,Invoice2228,1,Payment6352,2024-09-02 08:51:54+00:00,2024-09-14 12:16:54+00:00,291.417,0.967,0.867,0.717,72.0,72.0,0.867,144.0,0,Successful
PO4869,PO4869,9,PR138;PR254;PR485;PR513;PR523;PR65;PR841;PR901;PR904,2,Supplier39;Supplier43,2,GRN2107;GRN6970,2,Invoice2436;Invoice3603,2,Payment4306;Payment8955,2024-09-02 08:06:54+00:00,2024-09-14 10:31:55+00:00,290.417,1.334,0.55,0.433,72.0,72.0,0.1,144.0,0,Successful
PO9381,PO9381,1,PR255,1,Supplier38,1,GRN5091,1,Invoice1950,1,Payment1217,2024-09-02 08:28:54+00:00,2024-09-13 11:05:54+00:00,266.617,1.15,0.567,0.55,48.0,24.0,0.35,192.0,0,Successful
PO8498,PO8498,1,PR256,1,Supplier41,1,GRN6497,1,Invoice5378,1,Payment2130,2024-09-02 08:58:54+00:00,2024-09-12 11:22:54+00:00,242.4,0.933,0.483,0.617,72.0,48.0,0.367,120.0,0,Successful
PO612,PO612,3,PR258;PR373;PR535,1,Supplier30,1,GRN7579,1,Invoice3376,1,Payment2339,2024-09-02 08:07:54+00:00,2024-09-10 09:51:54+00:00,193.733,0.433,0.883,0.283,24.0,48.0,0.133,120.0,0,Successful
PO2816,PO2816,1,PR259,1,Supplier38,1,GRN2302,1,Invoice9346,1,Payment8430,2024-09-02 08:32:54+00:00,2024-09-07 10:30:54+00:00,121.967,0.75,0.417,0.317,24.0,48.0,0.483,48.0,0,Successful
PO1847,PO1847,1,PR260,1,Supplier15,1,GRN3993,1,Invoice755,2,Payment2107;Payment9748,2024-09-02 08:06:54+00:00,2024-09-14 10:13:54+00:00,290.117,0.7,0.45,0.333,96.0,48.0,0.633,144.0,0,Successful
PO6595,PO6595,1,PR261,1,Supplier2,1,GRN6688,1,Invoice4221,1,Payment6108,2024-09-02 08:11:54+00:00,2024-09-17 09:43:54+00:00,361.533,0.95,0.4,0.083,96.0,24.0,0.1,240.0,0,Successful
PO690,PO690,2,PR186;PR262,1,Supplier37,1,GRN4931,1,Invoice8362,1,Payment9660,2024-09-02 08:33:54+00:00,2024-09-12 11:48:54+00:00,243.25,1.183,1.0,0.6,72.0,72.0,0.467,96.0,0,Successful
PO4719,PO4719,4,PR263;PR347;PR605;PR846,1,Supplier4,1,GRN5496,1,Invoice4716,1,Payment185,2024-09-02 08:07:54+00:00,2024-09-15 11:51:54+00:00,315.733,1.7,0.833,0.583,120.0,48.0,0.617,144.0,0,Mismatch
PO6847,PO6847,4,PR264;PR454;PR58;PR605,1,Supplier7,1,GRN9751,1,Invoice4370,1,Payment5658,2024-09-02 08:28:55+00:00,2024-09-15 11:51:54+00:00,315.383,0.983,0.867,0.967,72.0,72.0,0.567,168.0,0,Successful
PO2453,PO2453,1,PR265,1,Supplier44,1,GRN9052,1,Invoice3787,1,Payment6220,2024-09-02 08:27:54+00:00,2024-09-06 11:27:54+00:00,99.0,0.983,0.8,0.75,24.0,24.0,0.467,48.0,0,Successful
PO7680,PO7680,3,PR266;PR709;PR825,1,Supplier11,1,GRN6964,1,Invoice9055,1,Payment4459,2024-09-02 08:07:54+00:00,2024-09-13 11:13:54+00:00,267.1,1.1,0.933,0.633,72.0,72.0,0.433,120.0,0,Successful
PO7814,PO7814,1,PR267,1,Supplier33,1,GRN9059,1,Invoice5264,1,Payment7105,2024-09-02 08:17:54+00:00,2024-09-13 11:12:54+00:00,266.917,1.267,0.633,0.967,72.0,48.0,0.05,144.0,0,Successful
PO3689,PO3689,1,PR268,1,Supplier34,1,GRN4202,1,Invoice5918,1,Payment9221,2024-09-02 08:21:54+00:00,2024-09-17 11:34:54+00:00,363.217,1.767,0.217,0.7,96.0,48.0,0.533,216.0,0,Successful
PO5800,PO5800,1,PR269,1,Supplier25,1,GRN2289,1,Invoice2159,1,Payment5790,2024-09-02 08:21:54+00:00,2024-09-16 11:33:54+00:00,339.2,1.767,0.483,0.833,72.0,72.0,0.117,192.0,0,Successful
PO7879,PO7879,1,PR270,1,Supplier22,1,GRN8466,1,Invoice1784,2,Payment4639;Payment817,2024-09-02 08:41:54+00:00,2024-09-14 10:53:54+00:00,290.2,1.183,0.2,0.167,24.0,24.0,0.65,240.0,0,Successful
PO4018,PO4018,1,PR271,1,Supplier31,1,GRN8500,1,Invoice8077,2,Payment2364;Payment9540,2024-09-02 08:58:54+00:00,2024-09-08 10:50:54+00:00,145.867,1.267,0.167,0.417,48.0,72.0,0.283,23.733,0,Successful
PO8210,PO8210,1,PR272,1,Supplier16,1,GRN1535,1,Invoice3786,1,Payment7749,2024-09-02 08:04:54+00:00,2024-09-05 11:20:54+00:00,75.267,0.95,0.683,0.95,24.0,24.0,0.683,24.0,0,Successful
PO7137,PO7137,1,PR273,1,Supplier6,1,GRN4079,1,Invoice9358,1,Payment7325,2024-09-02 08:17:54+00:00,2024-09-14 09:51:54+00:00,289.567,1.183,0.183,0.117,48.0,72.0,0.083,168.0,0,Successful
PO4755,PO4755,6,PR153;PR274;PR345;PR573;PR670;PR836,1,Supplier19,1,GRN3570,1,Invoice7270,1,Payment5882,2024-09-02 08:10:55+00:00,2024-09-13 11:25:54+00:00,267.25,0.75,0.65,0.85,120.0,48.0,1.0,96.0,2,Successful
PO2566,PO2566,6,PR275;PR299;PR550;PR553;PR598;PR86,1,Supplier20,1,GRN7055,1,Invoice8983,1,Payment797,2024-09-02 08:17:54+00:00,2024-09-10 10:32:54+00:00,194.25,0.45,0.75,0.4,96.0,72.0,0.65,24.0,0,Successful
PO3122,PO3122,1,PR276,1,Supplier33,1,GRN9462,1,Invoice3953,1,Payment4409,2024-09-02 08:04:54+00:00,2024-09-15 10:15:54+00:00,314.183,1.1,0.467,0.383,24.0,48.0,0.233,240.0,0,Successful
PO6508,PO6508,1,PR278,1,Supplier45,1,GRN7175,1,Invoice2009,2,Payment1217;Payment7566,2024-09-02 08:28:54+00:00,2024-09-16 10:39:54+00:00,338.183,0.7,0.3,0.1,96.0,72.0,0.817,168.267,0,Successful
PO1137,PO1137,3,PR280;PR562;PR85,1,Supplier17,1,GRN268,1,Invoice314,1,Payment8764,2024-09-02 08:44:53+00:00,2024-09-15 11:26:54+00:00,314.7,1.35,0.267,0.833,24.0,48.0,0.25,240.0,0,Successful
PO506,PO506,6,PR143;PR229;PR281;PR589;PR902;PR939,1,Supplier46,1,GRN7765,1,Invoice309,1,Payment1950,2024-09-02 08:21:55+00:00,2024-09-09 10:10:54+00:00,169.816,0.583,0.7,0.183,96.0,24.0,0.35,48.0,1,Successful
PO2937,PO2937,1,PR282,1,Supplier20,1,GRN2944,1,Invoice6741,1,Payment4252,2024-09-02 08:33:54+00:00,2024-09-08 12:06:54+00:00,147.55,1.117,0.9,1.0,24.0,24.0,0.533,96.0,0,Successful
PO183,PO183,2,PR283;PR912,1,Supplier3,1,GRN5573,1,Invoice4985,1,Payment2235,2024-09-02 08:07:57+00:00,2024-09-11 11:08:54+00:00,219.016,1.866,0.267,0.283,24.0,24.0,0.6,168.0,0,Successful
PO6131,PO6131,1,PR284,1,Supplier24,1,GRN5965,1,Invoice2309,2,Payment5151;Payment8250,2024-09-02 08:41:54+00:00,2024-09-15 12:02:54+00:00,315.35,1.633,0.567,0.883,72.0,48.0,0.267,192.0,0,Mismatch
PO9056,PO9056,1,PR285,1,Supplier15,1,GRN3407,1,Invoice2009,2,Payment1217;Payment7566,2024-09-02 08:12:54+00:00,2024-09-16 10:39:54+00:00,338.45,0.367,0.533,0.6,24.0,72.0,0.95,240.0,0,Successful
PO2124,PO2124,4,PR248;PR286;PR420;PR789,1,Supplier10,1,GRN6506,1,Invoice5042,1,Payment5637,2024-09-02 08:05:54+00:00,2024-09-20 11:20:54+00:00,435.25,1.483,0.05,0.883,120.0,72.0,0.833,240.0,1,Successful
PO3051,PO3051,1,PR287,1,Supplier46,1,GRN3004,1,Invoice1315,1,Payment5964,2024-09-02 08:49:54+00:00,2024-09-10 12:02:54+00:00,195.217,1.633,0.833,0.183,48.0,24.0,0.567,120.0,0,Successful
PO1817,PO1817,1,PR288,1,Supplier49,1,GRN3197,1,Invoice3722,1,Payment3791,2024-09-02 08:47:54+00:00,2024-09-12 11:41:54+00:00,242.9,0.667,0.433,1.0,48.0,24.0,0.8,168.0,0,Successful
PO4509,PO4509,6,PR165;PR248;PR289;PR643;PR815;PR838,1,Supplier14,1,GRN6948,1,Invoice5392,1,Payment8877,2024-09-02 08:05:54+00:00,2024-09-14 13:09:54+00:00,293.067,2.5,0.833,0.867,96.0,72.0,0.867,120.0,0,Successful
PO4725,PO4725,3,PR290;PR372;PR429,1,Supplier1,1,GRN8800,1,Invoice2764,1,Payment1862,2024-09-02 08:05:54+00:00,2024-09-14 10:27:54+00:00,290.367,0.45,0.667,0.567,72.0,24.0,0.683,192.0,0,Successful
PO3001,PO3001,5,PR291;PR469;PR518;PR656;PR845,1,Supplier32,1,GRN9849,1,Invoice3348,1,Payment6985,2024-09-02 08:21:54+00:00,2024-09-19 11:05:54+00:00,410.733,0.85,0.533,0.783,120.0,48.0,0.567,240.0,1,Successful
PO1931,PO1931,4,PR159;PR292;PR392;PR917,1,Supplier33,1,GRN8429,1,Invoice7720,1,Payment5446,2024-09-02 08:08:53+00:00,2024-09-17 12:46:54+00:00,364.634,2.567,0.717,0.383,96.0,48.0,0.967,216.0,1,Mismatch
PO4266,PO4266,1,PR293,1,Supplier34,1,GRN5743,1,Invoice3590,1,Payment6190,2024-09-02 08:57:54+00:00,2024-09-15 12:30:54+00:00,315.55,1.733,0.833,0.183,48.0,48.0,0.8,216.0,0,Successful
PO7733,PO7733,3,PR144;PR294;PR702,1,Supplier41,1,GRN2655,1,Invoice5934,1,Payment9561,2024-09-02 08:15:54+00:00,2024-09-12 10:45:54+00:00,242.5,1.183,0.333,0.067,24.0,72.0,0.917,144.0,0,Successful
PO3818,PO3818,1,PR296,1,Supplier16,1,GRN1086,1,Invoice9877,1,Payment8236,2024-09-02 08:34:54+00:00,2024-09-11 11:58:54+00:00,219.4,1.217,0.967,0.733,96.0,24.0,0.483,96.0,0,Successful
PO5942,PO5942,1,PR297,1,Supplier23,1,GRN2369,1,Invoice5258,1,Payment588,2024-09-02 08:52:54+00:00,2024-09-15 10:12:54+00:00,313.333,0.25,0.567,0.417,24.0,48.0,0.1,240.0,0,Successful
PO425,PO425,1,PR298,1,Supplier7,1,GRN8680,1,Invoice8505,1,Payment4047,2024-09-02 08:31:54+00:00,2024-09-13 10:37:54+00:00,266.1,0.633,0.467,0.517,96.0,48.0,0.483,120.0,0,Successful
PO4715,PO4715,1,PR299,1,Supplier1,1,GRN910,1,Invoice5095,1,Payment5612,2024-09-02 08:23:54+00:00,2024-09-12 10:30:54+00:00,242.117,0.233,0.367,0.883,24.0,48.0,0.633,168.0,0,Successful
PO3833,PO3833,1,PR300,1,Supplier4,1,GRN1009,1,Invoice1355,1,Payment2310,2024-09-02 08:05:54+00:00,2024-09-11 11:30:54+00:00,219.417,1.8,0.2,0.667,96.0,48.0,0.75,72.0,0,Successful
PO6223,PO6223,1,PR301,1,Supplier48,1,GRN2446,1,Invoice2299,1,Payment7213,2024-09-02 08:49:54+00:00,2024-09-11 10:56:54+00:00,218.117,0.817,0.533,0.45,24.0,48.0,0.317,144.0,0,Successful
PO4697,PO4697,2,PR302;PR714,1,Supplier6,1,GRN5608,1,Invoice1370,1,Payment2736,2024-09-02 08:25:54+00:00,2024-09-15 11:45:54+00:00,315.333,1.233,0.483,0.633,72.0,24.0,0.983,216.0,0,Successful
PO795,PO795,1,PR305,1,Supplier2,1,GRN1609,1,Invoice4215,1,Payment4801,2024-09-02 08:35:54+00:00,2024-09-16 12:04:54+00:00,339.483,1.15,0.933,0.683,120.0,72.0,0.717,144.0,0,Successful
PO1193,PO1193,1,PR306,1,Supplier26,1,GRN2529,1,Invoice3937,1,Payment860,2024-09-02 08:56:54+00:00,2024-09-17 11:05:54+00:00,362.15,0.95,0.617,0.083,96.0,48.0,0.5,216.0,0,Successful
PO6038,PO6038,4,PR105;PR18;PR307;PR817,1,Supplier15,1,GRN1488,1,Invoice7343,1,Payment8900,2024-09-02 08:40:54+00:00,2024-09-20 11:32:54+00:00,434.867,1.05,0.9,0.25,120.0,72.0,0.667,240.0,0,Mismatch
PO7279,PO7279,5,PR198;PR308;PR38;PR725;PR821,1,Supplier2,1,GRN7723,1,Invoice9156,1,Payment3385,2024-09-02 08:09:54+00:00,2024-09-10 10:28:54+00:00,194.317,1.283,0.083,0.067,24.0,24.0,0.883,144.0,0,Successful
PO8191,PO8191,1,PR309,1,Supplier32,1,GRN1111,1,Invoice4121,2,Payment6232;Payment6787,2024-09-02 08:31:54+00:00,2024-09-10 10:43:55+00:00,194.2,0.817,0.9,0.417,72.0,24.0,0.4,95.667,0,Successful
PO5209,PO5209,1,PR310,1,Supplier17,1,GRN4083,1,Invoice8464,1,Payment7148,2024-09-02 08:30:54+00:00,2024-09-09 11:51:54+00:00,171.35,1.533,0.683,0.75,96.0,24.0,0.383,48.0,0,Successful
PO633,PO633,1,PR311,1,Supplier19,1,GRN7221,1,Invoice6224,1,Payment916,2024-09-02 08:41:54+00:00,2024-09-13 11:00:54+00:00,266.317,1.283,0.45,0.1,72.0,24.0,0.483,168.0,0,Successful
PO313,PO313,1,PR312,1,Supplier28,1,GRN9802,1,Invoice9299,1,Payment8164,2024-09-02 08:24:54+00:00,2024-09-12 10:07:54+00:00,241.717,0.617,0.083,0.533,72.0,48.0,0.483,120.0,0,Successful
PO5336,PO5336,6,PR17;PR249;PR313;PR316;PR408;PR86,1,Supplier6,1,GRN4886,1,Invoice9292,1,Payment984,2024-09-02 08:04:54+00:00,2024-09-09 09:52:54+00:00,169.8,0.883,0.333,0.267,24.0,24.0,0.317,120.0,0,Successful
PO9904,PO9904,5,PR256;PR314;PR341;PR798;PR836,1,Supplier11,1,GRN5943,1,Invoice9505,1,Payment5622,2024-09-02 08:12:57+00:00,2024-09-16 10:54:54+00:00,338.699,1.266,0.517,0.533,72.0,24.0,0.383,240.0,2,Successful
PO6380,PO6380,1,PR316,1,Supplier6,1,GRN8725,1,Invoice6810,1,Payment8967,2024-09-02 08:04:54+00:00,2024-09-15 10:27:54+00:00,314.383,1.367,0.05,0.717,72.0,48.0,0.25,192.0,0,Successful
PO7538,PO7538,4,PR130;PR317;PR477;PR575,1,Supplier35,1,GRN3259,1,Invoice4555,1,Payment5892,2024-09-02 08:30:55+00:00,2024-09-13 11:10:54+00:00,266.666,1.066,0.633,0.2,24.0,48.0,0.767,192.0,0,Successful
PO2879,PO2879,3,PR318;PR387;PR801,1,Supplier11,1,GRN8881,1,Invoice40,2,Payment297;Payment6217,2024-09-02 08:23:56+00:00,2024-09-11 10:56:54+00:00,218.549,1.183,0.217,0.483,120.0,24.0,0.667,72.0,0,Successful
PO2523,PO2523,5,PR121;PR183;PR319;PR861;PR911,1,Supplier9,1,GRN72,1,Invoice4702,1,Payment3222,2024-09-02 08:18:57+00:00,2024-09-12 12:01:54+00:00,243.716,1.716,0.383,0.65,24.0,72.0,0.967,144.0,0,Successful
PO5655,PO5655,5,PR320;PR382;PR638;PR678;PR831,1,Supplier35,1,GRN7362,1,Invoice1019,1,Payment9727,2024-09-02 08:05:56+00:00,2024-09-13 09:50:54+00:00,265.749,1.183,0.2,0.3,96.0,72.0,0.067,96.0,0,Successful
PO131,PO131,6,PR227;PR24;PR321;PR374;PR41;PR847,1,Supplier18,1,GRN3468,1,Invoice9816,1,Payment2583,2024-09-02 08:05:54+00:00,2024-09-19 11:10:54+00:00,411.083,1.783,0.217,0.25,96.0,72.0,0.833,240.0,1,Successful
PO9734,PO9734,1,PR322,1,Supplier10,1,GRN5843,1,Invoice4260,1,Payment7789,2024-09-02 08:37:54+00:00,2024-09-14 09:59:54+00:00,289.367,0.567,0.033,0.217,120.0,48.0,0.55,120.0,0,Successful
PO1368,PO1368,6,PR323;PR525;PR68;PR843;PR967;PR982,1,Supplier21,1,GRN1303,1,Invoice7164,1,Payment6522,2024-09-02 08:04:57+00:00,2024-09-16 11:38:54+00:00,339.566,1.966,0.333,0.267,96.0,24.0,1.0,216.0,0,Successful
PO3735,PO3735,2,PR324;PR369,1,Supplier20,1,GRN2061,1,Invoice9437,2,Payment3231;Payment7182,2024-09-02 08:09:54+00:00,2024-09-07 10:50:54+00:00,122.683,1.367,0.167,0.45,48.0,48.0,0.7,24.0,0,Successful
PO1144,PO1144,3,PR238;PR325;PR894,1,Supplier10,1,GRN4921,1,Invoice4001,1,Payment3178,2024-09-02 08:07:54+00:00,2024-09-09 09:52:54+00:00,169.75,0.65,0.667,0.217,72.0,72.0,0.217,24.0,1,Mismatch
PO3680,PO3680,2,PR326;PR548,1,Supplier14,1,GRN6157,1,Invoice8052,1,Payment9150,2024-09-02 08:36:55+00:00,2024-09-15 11:31:54+00:00,314.916,1.366,0.267,0.5,72.0,48.0,0.783,192.0,0,Successful
PO1192,PO1192,1,PR327,1,Supplier14,1,GRN9057,1,Invoice4677,1,Payment1075,2024-09-02 08:36:54+00:00,2024-09-07 10:51:54+00:00,122.25,0.85,0.5,0.867,72.0,24.0,0.033,24.0,0,Successful
PO9468,PO9468,6,PR235;PR30;PR312;PR328;PR405;PR871,1,Supplier29,1,GRN3533,1,Invoice342,2,Payment4599;Payment7488,2024-09-02 08:13:53+00:00,2024-09-09 11:33:57+00:00,171.334,1.05,0.1,0.317,72.0,24.0,0.217,73.651,0,Successful
PO1457,PO1457,1,PR329,1,Supplier25,1,GRN3493,1,Invoice3500,1,Payment3313,2024-09-02 08:25:54+00:00,2024-09-15 11:23:54+00:00,314.967,1.033,0.867,0.75,96.0,48.0,0.317,168.0,0,Successful
PO4858,PO4858,3,PR167;PR330;PR901,1,Supplier2,1,GRN6263,1,Invoice2112,1,Payment9836,2024-09-02 08:25:54+00:00,2024-09-13 11:48:54+00:00,267.383,1.483,0.5,0.4,96.0,48.0,1.0,120.0,0,Successful
PO4777,PO4777,1,PR331,1,Supplier31,1,GRN5243,1,Invoice54,1,Payment3469,2024-09-02 08:18:54+00:00,2024-09-19 10:29:54+00:00,410.183,0.6,0.533,0.583,96.0,72.0,0.467,240.0,0,Successful
PO9372,PO9372,3,PR332;PR628;PR858,1,Supplier26,1,GRN9775,1,Invoice1565,2,Payment1591;Payment9707,2024-09-02 08:19:56+00:00,2024-09-09 11:05:54+00:00,170.766,0.899,0.983,0.1,96.0,24.0,0.783,48.0,0,Mismatch
PO523,PO523,1,PR333,1,Supplier12,1,GRN1659,1,Invoice3609,1,Payment9211,2024-09-02 08:42:54+00:00,2024-09-10 10:14:54+00:00,193.533,0.717,0.217,0.133,24.0,72.0,0.467,96.0,0,Successful
PO9154,PO9154,3,PR189;PR334;PR39,1,Supplier49,1,GRN5193,1,Invoice3844,1,Payment9041,2024-09-02 08:26:54+00:00,2024-09-12 10:11:54+00:00,241.75,0.55,0.8,0.317,96.0,24.0,0.083,120.0,0,Successful
PO9274,PO9274,5,PR310;PR335;PR454;PR500;PR670,1,Supplier2,1,GRN8996,1,Invoice7401,1,Payment1608,2024-09-02 08:09:55+00:00,2024-09-08 12:18:54+00:00,148.15,1.616,0.95,1.0,24.0,48.0,0.583,72.0,1,Successful
PO2897,PO2897,1,PR336,1,Supplier43,1,GRN1233,1,Invoice8350,1,Payment778,2024-09-02 08:40:54+00:00,2024-09-14 11:26:54+00:00,290.767,0.333,0.617,0.85,96.0,24.0,0.967,168.0,0,Mismatch
PO6459,PO6459,11,PR125;PR210;PR337;PR349;PR579;PR593;PR644;PR710;PR851;PR886;PR947,2,Supplier29;Supplier4,2,GRN1855;GRN9401,2,Invoice4387;Invoice4659,2,Payment4944;Payment549,2024-09-02 08:05:56+00:00,2024-09-11 11:37:57+00:00,219.534,1.383,0.767,0.433,72.001,48.0,0.95,96.0,0,Successful
PO1444,PO1444,1,PR340,1,Supplier23,1,GRN7507,1,Invoice8497,1,Payment9051,2024-09-02 08:41:54+00:00,2024-09-10 11:11:54+00:00,194.5,0.55,0.967,0.05,72.0,72.0,0.933,48.0,0,Successful
PO5801,PO5801,2,PR140;PR342,1,Supplier19,1,GRN6523,1,Invoice7811,1,Payment4361,2024-09-02 08:32:53+00:00,2024-09-16 12:06:54+00:00,339.567,2.417,0.217,0.367,48.0,48.0,0.567,240.0,0,Successful
PO5810,PO5810,2,PR343;PR550,1,Supplier26,1,GRN52,1,Invoice5821,1,Payment3862,2024-09-02 08:34:54+00:00,2024-09-09 10:50:54+00:00,170.267,0.7,0.433,0.35,48.0,24.0,0.783,96.0,0,Successful
PO4520,PO4520,1,PR344,1,Supplier27,1,GRN7952,1,Invoice1012,1,Payment4565,2024-09-02 08:30:54+00:00,2024-09-10 12:00:54+00:00,195.5,1.65,0.533,0.5,48.0,48.0,0.817,96.0,0,Successful
PO9668,PO9668,1,PR345,1,Supplier28,1,GRN1922,1,Invoice4448,1,Payment4913,2024-09-02 08:32:54+00:00,2024-09-12 09:50:54+00:00,241.3,0.25,0.033,0.717,72.0,48.0,0.3,120.0,0,Successful
PO8958,PO8958,3,PR346;PR675;PR746,1,Supplier41,1,GRN4905,1,Invoice8077,2,Payment2364;Payment9540,2024-09-02 08:08:56+00:00,2024-09-08 10:50:54+00:00,146.699,0.749,1.0,0.383,48.0,72.0,0.567,24.0,0,Mismatch
PO3983,PO3983,6,PR194;PR347;PR410;PR411;PR501;PR905,1,Supplier43,1,GRN4747,1,Invoice6487,1,Payment1547,2024-09-02 08:08:55+00:00,2024-09-11 10:31:54+00:00,218.383,1.433,0.517,0.05,24.0,72.0,0.383,120.0,0,Successful
PO2510,PO2510,2,PR261;PR348,1,Supplier13,1,GRN9306,1,Invoice552,1,Payment4483,2024-09-02 08:11:54+00:00,2024-09-09 11:40:54+00:00,171.483,1.583,0.833,0.083,120.0,24.0,0.983,24.0,0,Successful
PO4352,PO4352,2,PR207;PR349,1,Supplier14,1,GRN1339,1,Invoice7282,1,Payment2460,2024-09-02 08:08:54+00:00,2024-09-14 11:08:54+00:00,291.0,1.583,0.067,0.933,96.0,48.0,0.417,144.0,0,Successful
PO3747,PO3747,5,PR350;PR501;PR656;PR904;PR966,1,Supplier37,1,GRN5483,1,Invoice6057,1,Payment5151,2024-09-02 08:06:57+00:00,2024-09-14 10:12:54+00:00,290.099,1.232,0.333,0.317,72.0,72.0,0.217,144.0,1,Successful
PO5075,PO5075,4,PR224;PR351;PR590;PR730,1,Supplier37,1,GRN2829,1,Invoice948,1,Payment1927,2024-09-02 08:05:56+00:00,2024-09-16 12:18:54+00:00,340.216,1.583,1.0,0.75,48.0,72.0,0.883,216.0,0,Successful
PO6434,PO6434,1,PR352,1,Supplier50,1,GRN2343,1,Invoice8040,1,Payment9959,2024-09-02 08:08:54+00:00,2024-09-16 11:55:54+00:00,339.783,1.767,0.65,0.7,96.0,24.0,0.667,216.0,0,Successful
PO1388,PO1388,4,PR306;PR353;PR631;PR760,1,Supplier9,1,GRN3242,1,Invoice5360,1,Payment9437,2024-09-02 08:42:54+00:00,2024-09-17 11:02:54+00:00,362.333,0.9,0.783,0.15,96.0,24.0,0.5,240.0,0,Successful
PO2002,PO2002,1,PR354,1,Supplier36,1,GRN8355,1,Invoice3355,1,Payment4119,2024-09-02 08:14:54+00:00,2024-09-07 10:30:54+00:00,122.267,0.817,0.433,0.6,24.0,48.0,0.417,48.0,0,Successful
PO8315,PO8315,2,PR355;PR647,1,Supplier50,1,GRN9919,1,Invoice3292,1,Payment8987,2024-09-02 08:05:56+00:00,2024-09-19 12:20:54+00:00,412.249,2.733,0.333,0.85,120.0,48.0,0.333,240.0,0,Successful
PO7791,PO7791,1,PR356,1,Supplier2,1,GRN2780,1,Invoice7080,1,Payment4885,2024-09-02 08:05:54+00:00,2024-09-11 11:02:54+00:00,218.95,1.083,0.5,0.417,120.0,24.0,0.95,72.0,0,Successful
PO7853,PO7853,5,PR357;PR373;PR589;PR718;PR904,1,Supplier25,1,GRN9916,1,Invoice6727,1,Payment4901,2024-09-02 08:09:54+00:00,2024-09-18 11:44:54+00:00,387.583,1.35,0.583,0.967,96.0,72.0,0.683,216.0,1,Successful
PO5649,PO5649,2,PR359;PR522,1,Supplier21,1,GRN8394,1,Invoice7161,1,Payment5503,2024-09-02 08:07:54+00:00,2024-09-12 10:26:54+00:00,242.317,0.367,0.95,0.983,120.0,72.0,0.017,48.0,0,Successful
PO5219,PO5219,1,PR360,1,Supplier2,1,GRN5779,1,Invoice8807,1,Payment6103,2024-09-02 08:23:54+00:00,2024-09-15 10:08:54+00:00,313.75,1.133,0.167,0.1,72.0,72.0,0.35,168.0,0,Successful
PO6670,PO6670,1,PR361,1,Supplier9,1,GRN7363,1,Invoice1784,2,Payment4639;Payment817,2024-09-02 08:47:54+00:00,2024-09-14 10:53:54+00:00,290.1,1.117,1.0,0.933,96.0,72.0,0.067,118.983,0,Successful
PO7443,PO7443,6,PR140;PR362;PR458;PR573;PR719;PR995,1,Supplier5,1,GRN6006,1,Invoice8834,1,Payment6608,2024-09-02 08:10:55+00:00,2024-09-17 11:16:54+00:00,363.1,1.7,0.933,0.45,120.0,24.0,0.017,216.0,1,Successful
PO1261,PO1261,5,PR364;PR444;PR657;PR779;PR841,2,Supplier4;Supplier7,2,GRN1126;GRN3963,2,Invoice2216;Invoice4789,3,Payment214;Payment6293;Payment7128,2024-09-02 08:31:55+00:00,2024-09-08 11:34:56+00:00,147.05,1.317,0.15,0.617,48.0,24.0,0.967,72.0,1,Successful
PO9504,PO9504,3,PR365;PR598;PR812,1,Supplier46,1,GRN6395,1,Invoice7465,2,Payment6317;Payment9728,2024-09-02 08:20:56+00:00,2024-09-17 10:33:54+00:00,362.216,1.016,0.283,0.517,72.0,72.0,0.4,216.0,0,Successful
PO2941,PO2941,6,PR113;PR366;PR443;PR481;PR59;PR755,1,Supplier21,1,GRN693,1,Invoice9226,2,Payment3126;Payment8231,2024-09-02 08:28:56+00:00,2024-09-08 12:18:54+00:00,147.833,1.849,0.317,0.9,48.0,24.0,0.767,72.0,1,Successful
PO8930,PO8930,1,PR367,1,Supplier10,1,GRN5727,1,Invoice2049,1,Payment4827,2024-09-02 08:26:54+00:00,2024-09-08 11:11:54+00:00,146.75,1.033,0.4,0.9,48.0,24.0,0.417,72.0,0,Successful
PO8200,PO8200,1,PR368,1,Supplier34,1,GRN6413,1,Invoice277,1,Payment7238,2024-09-02 08:36:54+00:00,2024-09-08 11:33:54+00:00,146.95,1.567,0.267,0.55,72.0,24.0,0.567,48.0,0,Successful
PO574,PO574,1,PR369,1,Supplier26,1,GRN2760,1,Invoice4321,1,Payment4822,2024-09-02 08:09:54+00:00,2024-09-17 11:21:54+00:00,363.2,1.633,0.7,0.65,72.0,48.0,0.217,240.0,0,Successful
PO2247,PO2247,1,PR370,1,Supplier28,1,GRN1851,1,Invoice4757,1,Payment3320,2024-09-02 08:08:54+00:00,2024-09-14 10:06:54+00:00,289.967,0.3,0.983,0.217,96.0,24.0,0.467,168.0,0,Successful
PO6203,PO6203,8,PR115;PR160;PR366;PR371;PR517;PR657;PR876;PR927,2,Supplier34;Supplier48,2,GRN6024;GRN7323,2,Invoice5573;Invoice9506,2,Payment1054;Payment6957,2024-09-02 08:05:54+00:00,2024-09-12 10:51:54+00:00,242.767,0.85,0.6,0.917,120.0,24.0,0.4,96.0,1,Successful
PO1395,PO1395,1,PR372,1,Supplier39,1,GRN1801,1,Invoice665,1,Payment6267,2024-09-02 08:41:54+00:00,2024-09-15 11:09:54+00:00,314.467,1.483,0.033,0.267,48.0,48.0,0.683,216.0,0,Successful
PO2657,PO2657,2,PR229;PR373,1,Supplier25,1,GRN5964,1,Invoice5100,1,Payment1244,2024-09-02 08:44:54+00:00,2024-09-10 11:53:54+00:00,195.15,1.017,0.683,0.567,24.0,24.0,0.883,144.0,1,Successful
PO1838,PO1838,3,PR374;PR493;PR849,1,Supplier34,1,GRN3319,1,Invoice3264,1,Payment2023,2024-09-02 08:31:57+00:00,2024-09-13 10:37:54+00:00,266.099,0.799,0.45,0.467,48.0,72.0,0.383,144.0,0,Successful
PO8064,PO8064,1,PR375,1,Supplier23,1,GRN1497,1,Invoice251,1,Payment151,2024-09-02 08:53:54+00:00,2024-09-12 10:00:54+00:00,241.117,0.7,0.083,0.267,72.0,24.0,0.067,144.0,0,Successful
PO5108,PO5108,2,PR376;PR555,1,Supplier1,1,GRN7125,1,Invoice6829,1,Payment3701,2024-09-02 08:05:54+00:00,2024-09-08 10:39:54+00:00,146.567,0.933,0.433,0.933,96.0,24.0,0.267,24.0,0,Successful
PO8250,PO8250,1,PR377,1,Supplier6,1,GRN8177,1,Invoice8693,1,Payment9550,2024-09-02 08:08:54+00:00,2024-09-10 11:22:54+00:00,195.233,0.7,0.733,0.867,48.0,48.0,0.933,96.0,0,Successful
PO6393,PO6393,1,PR378,1,Supplier7,1,GRN1323,1,Invoice9146,1,Payment1763,2024-09-02 08:44:54+00:00,2024-09-07 10:54:54+00:00,122.167,1.183,0.35,0.383,24.0,72.0,0.25,24.0,0,Successful
PO6888,PO6888,4,PR379;PR397;PR510;PR998,1,Supplier40,1,GRN2315,1,Invoice4043,1,Payment3595,2024-09-02 08:21:57+00:00,2024-09-07 11:12:54+00:00,122.849,1.232,0.5,0.15,48.0,48.0,0.967,24.0,0,Successful
PO1926,PO1926,1,PR380,1,Supplier1,1,GRN6311,1,Invoice9285,1,Payment9603,2024-09-02 08:49:54+00:00,2024-09-11 10:56:54+00:00,218.117,0.317,0.7,0.283,120.0,48.0,0.817,48.0,0,Successful
PO3196,PO3196,1,PR381,1,Supplier20,1,GRN81,1,Invoice6765,1,Payment1663,2024-09-02 08:13:54+00:00,2024-09-07 10:44:54+00:00,122.517,1.517,0.55,0.4,24.0,72.0,0.05,24.0,0,Successful
PO1917,PO1917,1,PR382,1,Supplier16,1,GRN4064,1,Invoice182,1,Payment4115,2024-09-02 08:12:54+00:00,2024-09-13 11:03:54+00:00,266.85,1.133,0.7,0.017,48.0,72.0,1.0,144.0,0,Successful
PO7291,PO7291,4,PR383;PR436;PR651;PR863,1,Supplier41,1,GRN8104,1,Invoice8964,1,Payment4789,2024-09-02 08:12:57+00:00,2024-09-09 12:10:54+00:00,171.966,1.383,0.967,0.9,24.0,24.0,0.717,120.0,1,Successful
PO2712,PO2712,9,PR135;PR277;PR384;PR392;PR437;PR48;PR488;PR933;PR987,2,Supplier31;Supplier40,2,GRN3154;GRN870,2,Invoice1712;Invoice3900,2,Payment4854;Payment7638,2024-09-02 08:13:57+00:00,2024-09-11 10:08:54+00:00,217.916,0.633,0.583,0.084,48.349,24.0,0.267,144.0,2,Successful
PO9837,PO9837,3,PR385;PR440;PR452,1,Supplier38,1,GRN8589,1,Invoice586,1,Payment8593,2024-09-02 08:09:55+00:00,2024-09-07 11:23:54+00:00,123.233,2.033,0.717,0.267,48.0,24.0,0.217,48.0,0,Mismatch
PO7055,PO7055,1,PR386,1,Supplier12,1,GRN8209,1,Invoice7681,1,Payment6706,2024-09-02 08:12:54+00:00,2024-09-12 11:18:54+00:00,243.1,1.683,0.583,0.117,24.0,48.0,0.717,168.0,0,Successful
PO4307,PO4307,1,PR387,1,Supplier3,1,GRN5595,1,Invoice603,1,Payment1264,2024-09-02 09:03:54+00:00,2024-09-14 10:26:54+00:00,289.383,0.6,0.25,0.5,96.0,48.0,0.033,144.0,0,Successful
PO698,PO698,1,PR388,1,Supplier43,1,GRN5163,1,Invoice6118,1,Payment1566,2024-09-02 08:55:54+00:00,2024-09-14 10:41:54+00:00,289.767,0.433,0.1,0.783,72.0,48.0,0.45,168.0,0,Successful
PO9535,PO9535,5,PR389;PR5;PR531;PR632;PR91,1,Supplier45,1,GRN3306,1,Invoice9211,1,Payment9825,2024-09-02 08:07:53+00:00,2024-09-10 11:17:54+00:00,195.167,1.534,0.783,0.55,24.0,24.0,0.3,144.0,0,Successful
PO407,PO407,6,PR13;PR152;PR390;PR619;PR638;PR649,1,Supplier14,1,GRN732,1,Invoice5977,1,Payment27,2024-09-02 08:05:56+00:00,2024-09-08 11:17:54+00:00,147.199,1.949,0.667,0.433,24.0,24.0,0.15,96.0,0,Successful
PO8850,PO8850,1,PR391,1,Supplier28,1,GRN2839,1,Invoice5769,1,Payment3172,2024-09-02 08:37:54+00:00,2024-09-17 10:23:54+00:00,361.767,0.183,0.933,0.333,120.0,24.0,0.317,216.0,0,Successful
PO4235,PO4235,1,PR393,1,Supplier48,1,GRN7194,1,Invoice9926,2,Payment3715;Payment8315,2024-09-02 08:44:54+00:00,2024-09-11 11:09:54+00:00,218.417,0.833,0.8,0.717,48.0,72.0,0.067,96.0,0,Successful
PO8841,PO8841,5,PR252;PR368;PR394;PR424;PR802,1,Supplier12,1,GRN9855,1,Invoice7583,1,Payment9197,2024-09-02 08:20:54+00:00,2024-09-08 10:55:54+00:00,146.583,1.433,0.283,0.167,72.0,24.0,0.7,48.0,0,Successful
PO7907,PO7907,4,PR395;PR565;PR723;PR797,1,Supplier4,1,GRN9510,1,Invoice1490,1,Payment7364,2024-09-02 08:19:54+00:00,2024-09-08 11:10:54+00:00,146.85,0.85,0.283,0.717,24.0,72.0,1.0,48.0,0,Successful
PO6518,PO6518,5,PR121;PR182;PR396;PR701;PR940,1,Supplier20,1,GRN5348,1,Invoice6182,1,Payment5884,2024-09-02 08:24:53+00:00,2024-09-10 10:38:54+00:00,194.234,1.034,0.583,0.55,24.0,48.0,0.067,120.0,0,Successful
PO9585,PO9585,3,PR397;PR653;PR878,1,Supplier38,1,GRN7808,1,Invoice234,1,Payment8865,2024-09-02 08:06:56+00:00,2024-09-16 11:21:54+00:00,339.249,1.183,0.867,0.367,120.0,72.0,0.833,144.0,0,Mismatch
PO3249,PO3249,1,PR398,1,Supplier49,1,GRN2642,1,Invoice6080,1,Payment2323,2024-09-02 08:15:54+00:00,2024-09-17 11:54:54+00:00,363.65,1.767,0.617,0.467,96.0,48.0,0.8,216.0,0,Successful
PO3650,PO3650,2,PR19;PR399,1,Supplier10,1,GRN27,1,Invoice3104,2,Payment5673;Payment9795,2024-09-02 08:07:53+00:00,2024-09-12 11:36:54+00:00,243.484,1.2,0.933,0.45,96.0,48.0,0.9,96.0,0,Successful
PO4590,PO4590,5,PR103;PR396;PR400;PR565;PR628,1,Supplier27,1,GRN8149,1,Invoice5302,1,Payment4562,2024-09-02 08:19:56+00:00,2024-09-17 11:09:54+00:00,362.833,1.133,0.4,0.533,96.0,48.0,0.767,216.0,0,Successful
PO8963,PO8963,6,PR225;PR272;PR401;PR629;PR672;PR926,1,Supplier26,1,GRN5699,1,Invoice2686,1,Payment4697,2024-09-02 08:04:54+00:00,2024-09-09 11:47:54+00:00,171.717,1.933,0.717,0.883,96.0,24.0,0.183,48.0,0,Successful
PO2660,PO2660,5,PR358;PR366;PR379;PR402;PR596,1,Supplier18,1,GRN5818,1,Invoice7535,1,Payment2523,2024-09-02 08:27:54+00:00,2024-09-13 12:02:54+00:00,267.583,1.683,0.35,0.783,48.0,72.0,0.767,144.0,2,Successful
PO8540,PO8540,1,PR403,1,Supplier48,1,GRN214,1,Invoice6285,1,Payment4408,2024-09-02 08:57:54+00:00,2024-09-07 10:41:54+00:00,121.733,1.317,0.133,0.117,24.0,72.0,0.167,24.0,0,Successful
PO7333,PO7333,3,PR404;PR698;PR895,1,Supplier48,1,GRN5317,1,Invoice1343,1,Payment3223,2024-09-02 08:11:54+00:00,2024-09-09 09:55:54+00:00,169.733,1.0,0.517,0.033,72.0,48.0,0.183,48.0,0,Successful
PO7125,PO7125,2,PR405;PR923,1,Supplier5,1,GRN7210,1,Invoice1224,1,Payment8507,2024-09-02 08:52:57+00:00,2024-09-12 11:24:54+00:00,242.532,1.416,0.1,0.25,48.0,24.0,0.767,168.0,0,Mismatch
PO4813,PO4813,4,PR107;PR406;PR54;PR897,1,Supplier26,1,GRN6909,1,Invoice6626,1,Payment7902,2024-09-02 08:17:54+00:00,2024-09-13 09:39:54+00:00,265.367,0.617,0.45,0.2,48.0,48.0,0.1,168.0,0,Successful
PO6340,PO6340,2,PR161;PR408,1,Supplier43,1,GRN35,1,Invoice8469,1,Payment6819,2024-09-02 08:14:53+00:00,2024-09-13 10:39:55+00:00,266.417,1.134,0.467,0.433,120.0,24.0,0.383,120.0,0,Successful
PO2973,PO2973,3,PR173;PR409;PR562,1,Supplier13,1,GRN4752,1,Invoice7817,1,Payment7309,2024-09-02 08:23:55+00:00,2024-09-14 10:35:55+00:00,290.2,1.133,0.3,0.167,72.0,24.0,0.6,192.0,1,Successful
PO213,PO213,3,PR388;PR410;PR79,1,Supplier20,1,GRN1604,1,Invoice9960,1,Payment7138,2024-09-02 08:18:53+00:00,2024-09-09 12:12:55+00:00,171.901,1.667,0.683,0.783,72.0,72.0,0.767,24.0,0,Successful
PO5743,PO5743,2,PR411;PR549,1,Supplier48,1,GRN6451,1,Invoice8808,1,Payment6558,2024-09-02 08:08:55+00:00,2024-09-19 11:12:55+00:00,411.067,1.45,0.567,0.817,120.0,48.0,0.233,240.0,0,Successful
PO3924,PO3924,1,PR412,1,Supplier30,1,GRN8605,1,Invoice7776,1,Payment8544,2024-09-02 08:45:55+00:00,2024-09-16 10:57:55+00:00,338.2,0.95,0.317,0.45,24.0,72.0,0.483,240.0,0,Successful
PO3024,PO3024,6,PR219;PR413;PR510;PR665;PR729;PR874,1,Supplier27,1,GRN4971,1,Invoice6958,1,Payment5997,2024-09-02 08:24:55+00:00,2024-09-13 10:26:55+00:00,266.033,1.767,0.067,0.15,72.0,48.0,0.05,144.0,0,Mismatch
PO6032,PO6032,7,PR185;PR217;PR349;PR414;PR576;PR692;PR705,2,Supplier18;Supplier38,2,GRN1225;GRN8829,2,Invoice8695;Invoice9813,2,Payment6604;Payment8891,2024-09-02 08:10:55+00:00,2024-09-10 11:07:56+00:00,194.95,0.933,0.067,0.7,24.0,72.0,0.1,97.15,0,Successful
PO3332,PO3332,1,PR415,1,Supplier46,1,GRN898,1,Invoice3207,1,Payment27,2024-09-02 08:36:55+00:00,2024-09-14 10:51:55+00:00,290.25,1.217,0.033,0.733,72.0,72.0,0.267,144.0,0,Successful
PO8925,PO8925,3,PR210;PR416;PR853,1,Supplier44,1,GRN4793,1,Invoice266,1,Payment4434,2024-09-02 08:21:55+00:00,2024-09-12 10:58:55+00:00,242.617,0.467,0.9,0.617,24.0,72.0,0.633,144.0,0,Successful
PO1276,PO1276,6,PR249;PR260;PR417;PR572;PR687;PR860,1,Supplier3,1,GRN4966,1,Invoice2969,1,Payment4359,2024-09-02 08:06:54+00:00,2024-09-12 10:45:55+00:00,242.65,2.117,0.083,0.033,96.0,72.0,0.417,72.0,0,Successful
PO1990,PO1990,1,PR418,1,Supplier50,1,GRN325,1,Invoice5983,1,Payment1568,2024-09-02 08:09:55+00:00,2024-09-14 10:48:55+00:00,290.65,1.333,0.5,0.8,120.0,48.0,0.017,120.0,0,Mismatch
PO6654,PO6654,2,PR419;PR99,1,Supplier22,1,GRN1612,1,Invoice4773,1,Payment4069,2024-09-02 08:54:55+00:00,2024-09-13 11:20:55+00:00,266.433,0.75,0.433,1.0,48.0,72.0,0.25,144.0,0,Successful
PO3590,PO3590,1,PR421,1,Supplier22,1,GRN3463,1,Invoice5765,1,Payment84,2024-09-02 08:14:55+00:00,2024-09-15 11:03:55+00:00,314.817,1.367,0.483,0.183,120.0,48.0,0.783,144.0,0,Successful
PO5732,PO5732,1,PR423,1,Supplier14,1,GRN763,1,Invoice35,1,Payment6470,2024-09-02 08:56:55+00:00,2024-09-12 11:47:55+00:00,242.85,1.067,0.317,0.983,48.0,48.0,0.483,144.0,0,Successful
PO8408,PO8408,2,PR424;PR722,2,Supplier19;Supplier29,2,GRN4730;GRN6770,2,Invoice2252;Invoice9259,2,Payment5135;Payment7424,2024-09-02 08:13:56+00:00,2024-09-08 11:12:56+00:00,146.983,1.1,0.25,0.667,48.334,72.0,0.633,24.0,0,Successful
PO2399,PO2399,9,PR364;PR372;PR425;PR517;PR617;PR691;PR734;PR776;PR90,2,Supplier27;Supplier28,2,GRN4800;GRN5156,2,Invoice4052;Invoice6869,2,Payment666;Payment8723,2024-09-02 08:05:55+00:00,2024-09-11 10:31:55+00:00,218.433,1.117,0.383,0.55,24.2,72.0,0.25,119.933,0,Successful
PO6360,PO6360,1,PR426,1,Supplier7,1,GRN2574,1,Invoice7717,2,Payment7669;Payment9214,2024-09-02 08:18:55+00:00,2024-09-12 11:43:54+00:00,243.416,0.833,0.6,0.617,48.0,24.0,0.65,168.716,0,Successful
PO7340,PO7340,1,PR427,1,Supplier24,1,GRN3061,1,Invoice863,1,Payment4041,2024-09-02 08:09:55+00:00,2024-09-14 11:28:55+00:00,291.317,1.217,0.917,0.967,72.0,24.0,0.217,192.0,0,Successful
PO2754,PO2754,3,PR428;PR664;PR673,1,Supplier50,1,GRN8417,1,Invoice1636,1,Payment2095,2024-09-02 08:15:55+00:00,2024-09-09 10:03:55+00:00,169.8,0.5,0.85,0.083,72.0,72.0,0.367,24.0,0,Successful
PO4049,PO4049,2,PR429;PR504,1,Supplier43,1,GRN5416,1,Invoice2171,2,Payment5027;Payment8076,2024-09-02 08:59:55+00:00,2024-09-07 11:19:55+00:00,122.333,1.217,0.75,0.167,48.0,48.0,0.2,24.0,0,Successful
PO8006,PO8006,3,PR430;PR588;PR761,1,Supplier33,1,GRN2469,1,Invoice7301,1,Payment9926,2024-09-02 08:19:55+00:00,2024-09-14 11:57:55+00:00,291.633,1.317,0.75,0.567,48.0,72.0,1.0,168.0,0,Successful
PO9311,PO9311,1,PR431,1,Supplier46,1,GRN8227,1,Invoice9169,1,Payment7373,2024-09-02 08:39:55+00:00,2024-09-13 10:43:55+00:00,266.067,1.183,0.433,0.267,120.0,48.0,0.183,96.0,0,Successful
PO6473,PO6473,1,PR432,1,Supplier37,1,GRN844,1,Invoice8895,1,Payment6248,2024-09-02 08:23:55+00:00,2024-09-14 11:39:55+00:00,291.267,1.167,0.65,0.6,96.0,24.0,0.85,168.0,0,Successful
PO6975,PO6975,6,PR370;PR395;PR433;PR458;PR64;PR952,1,Supplier14,1,GRN4231,1,Invoice3097,1,Payment5172,2024-09-02 08:08:54+00:00,2024-09-10 11:39:55+00:00,195.517,1.9,0.583,0.633,72.0,24.0,0.4,96.0,0,Successful
PO4980,PO4980,1,PR434,1,Supplier16,1,GRN7739,1,Invoice3877,2,Payment2767;Payment3598,2024-09-02 08:15:55+00:00,2024-09-11 10:36:56+00:00,218.35,1.767,0.25,0.683,48.0,48.0,0.583,119.067,0,Successful
PO427,PO427,1,PR435,1,Supplier2,1,GRN5771,1,Invoice7961,1,Payment4350,2024-09-02 08:35:55+00:00,2024-09-08 11:03:55+00:00,146.467,1.483,0.383,0.3,48.0,48.0,0.3,48.0,0,Successful
PO9808,PO9808,1,PR436,1,Supplier35,1,GRN4916,1,Invoice7983,1,Payment3970,2024-09-02 08:21:55+00:00,2024-09-12 11:55:55+00:00,243.567,1.133,0.55,0.95,24.0,72.0,0.933,144.0,0,Successful
PO6933,PO6933,1,PR437,1,Supplier38,1,GRN7543,1,Invoice640,1,Payment3453,2024-09-02 08:36:55+00:00,2024-09-07 11:43:55+00:00,123.117,1.467,0.1,0.8,72.0,24.0,0.75,24.0,0,Successful
PO938,PO938,1,PR438,1,Supplier14,1,GRN3851,1,Invoice4972,2,Payment3199;Payment3485,2024-09-02 08:26:55+00:00,2024-09-15 10:09:55+00:00,313.717,0.45,0.783,0.467,72.0,72.0,0.017,168.0,0,Successful
PO6962,PO6962,6,PR143;PR19;PR288;PR380;PR394;PR440,1,Supplier45,1,GRN843,1,Invoice4693,1,Payment4205,2024-09-02 08:07:53+00:00,2024-09-15 10:06:55+00:00,313.984,0.484,0.583,0.45,24.0,72.0,0.467,216.0,0,Mismatch
PO3124,PO3124,4,PR441;PR480;PR620;PR82,1,Supplier44,1,GRN6671,1,Invoice1218,1,Payment7010,2024-09-02 08:08:56+00:00,2024-09-11 11:58:55+00:00,219.833,2.0,0.817,0.917,96.0,72.0,0.1,48.0,0,Successful
PO7262,PO7262,2,PR442;PR721,1,Supplier28,1,GRN1062,1,Invoice695,1,Payment1262,2024-09-02 08:28:55+00:00,2024-09-14 11:28:55+00:00,291.0,1.183,0.667,0.867,48.0,72.0,0.283,168.0,0,Successful
PO9025,PO9025,1,PR443,1,Supplier10,1,GRN7606,1,Invoice7678,1,Payment6265,2024-09-02 08:48:55+00:00,2024-09-07 10:32:55+00:00,121.733,0.583,0.25,0.383,72.0,24.0,0.517,24.0,0,Successful
PO3757,PO3757,1,PR444,1,Supplier29,1,GRN7579,1,Invoice4902,1,Payment2464,2024-09-02 08:31:55+00:00,2024-09-11 10:08:55+00:00,217.617,0.817,0.2,0.367,72.0,24.0,0.233,120.0,0,Successful
PO414,PO414,1,PR445,1,Supplier37,1,GRN1444,1,Invoice1439,1,Payment1114,2024-09-02 08:24:55+00:00,2024-09-11 11:57:55+00:00,219.55,1.2,0.95,0.683,96.0,48.0,0.717,72.0,0,Successful
PO289,PO289,3,PR446;PR688;PR929,2,Supplier5;Supplier9,2,GRN2798;GRN8366,2,Invoice1967;Invoice3345,2,Payment6066;Payment7041,2024-09-02 08:08:55+00:00,2024-09-14 09:24:55+00:00,289.267,0.283,0.367,0.35,48.0,72.0,0.267,168.0,1,Successful
PO3285,PO3285,3,PR447;PR580;PR892,1,Supplier37,1,GRN9883,1,Invoice6446,1,Payment5185,2024-09-02 08:29:57+00:00,2024-09-14 11:09:55+00:00,290.666,1.183,0.3,0.233,96.0,48.0,0.95,144.0,1,Successful
PO3010,PO3010,1,PR448,1,Supplier23,1,GRN815,1,Invoice5667,1,Payment2159,2024-09-02 08:30:55+00:00,2024-09-11 11:57:55+00:00,219.45,1.45,0.233,0.85,96.0,24.0,0.917,96.0,0,Successful
PO8542,PO8542,4,PR206;PR449;PR72;PR832,1,Supplier44,1,GRN1196,1,Invoice944,1,Payment1985,2024-09-02 08:05:53+00:00,2024-09-16 10:23:55+00:00,338.301,1.501,0.533,0.05,120.0,48.0,0.217,168.0,0,Mismatch
PO8028,PO8028,1,PR450,1,Supplier37,1,GRN6043,1,Invoice171,1,Payment5692,2024-09-02 08:27:55+00:00,2024-09-13 11:04:55+00:00,266.617,0.817,0.533,0.433,96.0,24.0,0.833,144.0,0,Successful
PO5173,PO5173,1,PR451,1,Supplier22,1,GRN7305,1,Invoice8340,1,Payment7846,2024-09-02 08:44:55+00:00,2024-09-17 11:40:55+00:00,362.933,1.167,0.167,0.917,96.0,48.0,0.683,216.0,0,Successful
PO2603,PO2603,2,PR452;PR957,1,Supplier22,1,GRN6041,1,Invoice4121,2,Payment6232;Payment6787,2024-09-02 08:25:57+00:00,2024-09-10 10:43:55+00:00,194.299,0.649,0.683,0.6,24.0,72.0,0.367,96.0,0,Successful
PO1855,PO1855,1,PR453,1,Supplier42,1,GRN7799,1,Invoice4130,1,Payment4012,2024-09-02 08:15:55+00:00,2024-09-14 10:31:55+00:00,290.267,0.817,0.4,0.717,72.0,72.0,0.333,144.0,0,Successful
PO2297,PO2297,1,PR454,1,Supplier36,1,GRN2609,1,Invoice7548,2,Payment3060;Payment750,2024-09-02 08:28:55+00:00,2024-09-14 10:53:55+00:00,290.417,0.9,0.6,0.733,48.0,24.0,0.183,216.0,0,Successful
PO8441,PO8441,5,PR455;PR551;PR701;PR883;PR946,1,Supplier8,1,GRN7301,1,Invoice5487,1,Payment167,2024-09-02 08:25:56+00:00,2024-09-12 11:48:55+00:00,243.383,1.416,0.75,0.633,48.0,48.0,0.583,144.0,1,Successful
PO3431,PO3431,1,PR456,1,Supplier25,1,GRN8792,1,Invoice9086,1,Payment4486,2024-09-02 08:56:55+00:00,2024-09-11 11:43:55+00:00,218.783,0.833,0.267,0.767,96.0,72.0,0.917,48.0,0,Successful
PO1757,PO1757,1,PR457,1,Supplier20,1,GRN5372,1,Invoice5295,1,Payment7314,2024-09-02 08:05:55+00:00,2024-09-18 10:52:55+00:00,386.783,0.9,0.183,0.867,96.0,48.0,0.833,240.0,0,Successful
PO4561,PO4561,5,PR33;PR458;PR66;PR88;PR880,1,Supplier34,1,GRN516,1,Invoice480,1,Payment2282,2024-09-02 08:17:53+00:00,2024-09-11 11:25:55+00:00,219.134,1.734,0.917,0.433,72.0,48.0,0.05,96.0,0,Successful
PO7936,PO7936,1,PR459,1,Supplier36,1,GRN8583,1,Invoice356,1,Payment1695,2024-09-02 08:49:55+00:00,2024-09-18 12:54:55+00:00,388.083,1.767,0.967,0.417,120.0,72.0,0.933,192.0,0,Successful
PO9030,PO9030,1,PR460,1,Supplier27,1,GRN6911,1,Invoice3868,1,Payment9506,2024-09-02 08:34:55+00:00,2024-09-11 11:13:55+00:00,218.65,1.517,0.117,0.367,120.0,48.0,0.65,48.0,0,Mismatch
PO6365,PO6365,2,PR461;PR508,1,Supplier19,1,GRN4121,1,Invoice6530,1,Payment3637,2024-09-02 08:14:55+00:00,2024-09-16 11:25:55+00:00,339.183,1.467,0.533,0.633,96.0,48.0,0.55,192.0,0,Successful
PO1342,PO1342,1,PR462,1,Supplier13,1,GRN4272,1,Invoice7178,1,Payment4511,2024-09-02 08:56:55+00:00,2024-09-16 10:55:55+00:00,337.983,0.333,0.5,0.45,96.0,48.0,0.7,192.0,0,Successful
PO4220,PO4220,1,PR463,1,Supplier49,1,GRN875,1,Invoice5300,1,Payment3172,2024-09-02 08:37:55+00:00,2024-09-07 10:14:55+00:00,121.617,0.733,0.3,0.45,48.0,24.0,0.133,48.0,0,Successful
PO1391,PO1391,4,PR16;PR464;PR496;PR786,1,Supplier1,1,GRN4393,1,Invoice124,1,Payment635,2024-09-02 08:04:55+00:00,2024-09-16 10:56:55+00:00,338.867,1.583,0.3,0.55,120.0,48.0,0.433,168.0,1,Successful
PO4562,PO4562,1,PR465,1,Supplier24,1,GRN9778,1,Invoice9274,1,Payment9467,2024-09-02 08:08:55+00:00,2024-09-16 10:56:55+00:00,338.8,1.217,1.0,0.117,48.0,48.0,0.467,240.0,0,Successful
PO3430,PO3430,1,PR466,1,Supplier43,1,GRN1835,1,Invoice6328,1,Payment5734,2024-09-02 08:47:55+00:00,2024-09-15 10:49:55+00:00,314.033,1.05,0.333,0.2,24.0,72.0,0.45,216.0,0,Successful
PO8134,PO8134,1,PR467,1,Supplier44,1,GRN9085,1,Invoice3245,1,Payment7514,2024-09-02 08:43:55+00:00,2024-09-17 11:36:55+00:00,362.883,1.367,0.767,0.633,72.0,48.0,0.117,240.0,0,Successful
PO2019,PO2019,1,PR468,1,Supplier25,1,GRN5127,1,Invoice9390,1,Payment5797,2024-09-02 08:55:55+00:00,2024-09-09 11:56:55+00:00,171.017,1.217,0.55,0.75,72.0,24.0,0.5,72.0,0,Successful
PO590,PO590,4,PR343;PR358;PR469;PR761,1,Supplier14,1,GRN7459,1,Invoice2591,1,Payment4262,2024-09-02 08:34:54+00:00,2024-09-14 11:04:55+00:00,290.5,0.784,0.617,0.7,48.0,24.0,0.4,216.0,1,Successful
PO3030,PO3030,1,PR470,1,Supplier23,1,GRN2019,1,Invoice1202,1,Payment2328,2024-09-02 08:29:55+00:00,2024-09-19 10:10:55+00:00,409.683,0.65,0.15,0.867,120.0,72.0,0.017,216.0,0,Successful
PO9313,PO9313,1,PR471,1,Supplier35,1,GRN3749,1,Invoice8344,1,Payment1282,2024-09-02 08:21:55+00:00,2024-09-12 11:09:55+00:00,242.8,1.45,0.483,0.483,120.0,48.0,0.383,72.0,0,Successful
PO5997,PO5997,4,PR243;PR272;PR472;PR809,1,Supplier48,1,GRN961,1,Invoice817,1,Payment394,2024-09-02 08:04:54+00:00,2024-09-12 13:11:55+00:00,245.117,2.984,0.533,0.833,72.0,72.0,0.767,96.0,0,Successful
PO4450,PO4450,6,PR407;PR473;PR489;PR599;PR983;PR997,1,Supplier15,1,GRN8818,1,Invoice9709,1,Payment7945,2024-09-02 08:17:55+00:00,2024-09-09 11:17:55+00:00,171.0,1.7,0.383,0.1,96.0,48.0,0.817,24.0,1,Successful
PO5739,PO5739,1,PR475,1,Supplier30,1,GRN760,1,Invoice9758,1,Payment8238,2024-09-02 08:09:55+00:00,2024-09-13 11:30:55+00:00,267.35,1.4,0.95,0.483,48.0,24.0,0.517,192.0,0,Mismatch
PO8753,PO8753,1,PR476,1,Supplier35,1,GRN2942,1,Invoice8912,3,Payment5874;Payment8748;Payment9579,2024-09-02 08:56:55+00:00,2024-09-09 10:37:55+00:00,169.683,0.783,0.433,0.4,72.0,48.0,0.767,47.3,0,Successful
PO3803,PO3803,1,PR477,1,Supplier11,1,GRN7725,1,Invoice6095,1,Payment7253,2024-09-02 08:49:55+00:00,2024-09-06 12:02:55+00:00,99.217,0.933,0.567,0.933,24.0,48.0,0.783,24.0,0,Successful
PO6620,PO6620,1,PR478,1,Supplier38,1,GRN3192,1,Invoice9529,1,Payment4627,2024-09-02 08:53:55+00:00,2024-09-12 11:44:55+00:00,242.85,1.017,0.95,0.783,120.0,48.0,0.1,72.0,0,Successful
PO9043,PO9043,2,PR479;PR9,1,Supplier23,1,GRN3070,1,Invoice7490,1,Payment7646,2024-09-02 08:40:55+00:00,2024-09-13 12:41:55+00:00,268.017,1.85,0.883,0.583,24.0,72.0,0.7,168.0,0,Successful
PO7893,PO7893,9,PR103;PR11;PR305;PR306;PR365;PR480;PR609;PR616;PR745,2,Supplier20;Supplier35,2,GRN2821;GRN5402,2,Invoice125;Invoice4217,2,Payment5341;Payment9763,2024-09-02 08:06:55+00:00,2024-09-12 11:48:55+00:00,243.7,1.233,0.283,0.2,72.0,49.433,0.55,120.0,0,Successful
PO7816,PO7816,5,PR250;PR313;PR483;PR671;PR8,1,Supplier45,1,GRN5524,1,Invoice6211,1,Payment9913,2024-09-02 08:06:54+00:00,2024-09-17 11:58:55+00:00,363.867,2.584,0.817,0.283,96.0,72.0,0.183,192.0,0,Successful
PO2161,PO2161,3,PR484;PR768;PR952,1,Supplier42,1,GRN6338,1,Invoice2452,1,Payment6135,2024-09-02 08:22:57+00:00,2024-09-16 09:54:55+00:00,337.533,0.549,0.483,0.483,72.0,72.0,0.017,192.0,0,Successful
PO502,PO502,6,PR486;PR528;PR722;PR797;PR821;PR939,1,Supplier30,1,GRN8702,1,Invoice6504,1,Payment6970,2024-09-02 08:13:56+00:00,2024-09-17 10:54:55+00:00,362.683,1.433,0.2,0.983,48.0,72.0,0.067,240.0,0,Successful
PO8277,PO8277,2,PR487;PR645,1,Supplier30,1,GRN3190,1,Invoice7365,1,Payment1680,2024-09-02 08:52:55+00:00,2024-09-16 11:52:55+00:00,339.0,1.617,0.533,0.317,48.0,48.0,0.533,240.0,0,Successful
PO1573,PO1573,4,PR399;PR488;PR578;PR61,1,Supplier16,1,GRN6340,1,Invoice3657,2,Payment6051;Payment7704,2024-09-02 08:07:54+00:00,2024-09-08 11:38:56+00:00,147.517,1.017,0.517,0.45,120.0,24.0,0.467,1.067,0,Successful
PO6111,PO6111,1,PR489,1,Supplier3,1,GRN3892,1,Invoice8132,1,Payment6328,2024-09-02 08:40:55+00:00,2024-09-15 10:18:55+00:00,313.633,0.567,0.633,0.333,24.0,72.0,0.1,216.0,0,Successful
PO7892,PO7892,3,PR490;PR797;PR837,1,Supplier17,1,GRN2661,1,Invoice7548,2,Payment3060;Payment750,2024-09-02 08:30:55+00:00,2024-09-14 10:53:55+00:00,290.383,0.55,0.4,0.85,120.0,72.0,0.733,95.85,0,Successful
PO7639,PO7639,3,PR491;PR600;PR744,1,Supplier16,1,GRN8170,1,Invoice4748,1,Payment7626,2024-09-02 08:19:55+00:00,2024-09-14 10:59:55+00:00,290.667,1.5,0.05,0.767,120.0,24.0,0.35,144.0,1,Successful
PO2675,PO2675,5,PR449;PR492;PR613;PR649;PR85,1,Supplier44,1,GRN3956,1,Invoice5954,1,Payment7100,2024-09-02 08:08:55+00:00,2024-09-19 10:49:55+00:00,410.683,1.117,0.05,0.583,120.0,48.0,0.933,240.0,0,Successful
PO8075,PO8075,2,PR493;PR774,1,Supplier9,1,GRN9580,1,Invoice1388,1,Payment4776,2024-09-02 08:41:55+00:00,2024-09-11 11:08:55+00:00,218.45,0.55,0.867,0.433,120.0,48.0,0.6,48.0,0,Successful
PO9703,PO9703,1,PR494,1,Supplier34,1,GRN2227,1,Invoice2342,1,Payment7645,2024-09-02 08:17:55+00:00,2024-09-11 10:33:55+00:00,218.267,1.067,0.833,0.2,72.0,48.0,0.167,96.0,0,Mismatch
PO7752,PO7752,1,PR495,1,Supplier9,1,GRN8922,1,Invoice5124,1,Payment9167,2024-09-02 08:44:55+00:00,2024-09-11 09:53:55+00:00,217.15,0.267,0.217,0.183,96.0,48.0,0.483,72.0,0,Successful
PO9446,PO9446,3,PR325;PR496;PR664,1,Supplier46,1,GRN8559,1,Invoice5338,1,Payment723,2024-09-02 08:04:55+00:00,2024-09-18 11:01:55+00:00,386.95,1.417,0.233,0.467,72.0,72.0,0.833,240.0,0,Mismatch
PO273,PO273,1,PR499,1,Supplier3,1,GRN2274,1,Invoice4873,1,Payment1908,2024-09-02 08:37:55+00:00,2024-09-06 10:40:55+00:00,98.05,0.983,0.3,0.067,24.0,24.0,0.7,48.0,0,Mismatch
PO4355,PO4355,1,PR500,1,Supplier22,1,GRN3750,1,Invoice7531,1,Payment6369,2024-09-02 08:09:55+00:00,2024-09-17 11:05:55+00:00,362.933,1.25,0.7,0.517,72.0,48.0,0.467,240.0,0,Successful
PO9591,PO9591,1,PR501,1,Supplier25,1,GRN2297,1,Invoice2692,1,Payment1311,2024-09-02 08:43:55+00:00,2024-09-13 11:04:55+00:00,266.35,1.183,0.633,0.4,96.0,72.0,0.133,96.0,0,Successful
PO8673,PO8673,4,PR239;PR301;PR502;PR716,1,Supplier7,1,GRN6988,1,Invoice3682,1,Payment7639,2024-09-02 08:15:54+00:00,2024-09-14 11:21:55+00:00,291.1,1.084,0.75,0.5,96.0,72.0,0.767,120.0,1,Successful
PO1408,PO1408,1,PR503,1,Supplier30,1,GRN9801,1,Invoice254,1,Payment2352,2024-09-02 08:08:55+00:00,2024-09-11 11:22:55+00:00,219.233,1.483,0.733,0.95,48.0,24.0,0.067,144.0,0,Successful
PO2086,PO2086,1,PR504,1,Supplier39,1,GRN8614,1,Invoice1351,1,Payment5867,2024-09-02 08:59:55+00:00,2024-09-11 11:26:55+00:00,218.45,0.967,0.85,0.45,72.0,48.0,0.183,96.0,0,Successful
PO2961,PO2961,1,PR505,1,Supplier38,1,GRN7560,1,Invoice3494,1,Payment5761,2024-09-02 08:45:55+00:00,2024-09-11 12:06:55+00:00,219.35,1.4,0.783,0.517,96.0,72.0,0.65,48.0,0,Successful
PO2467,PO2467,3,PR412;PR507;PR81,1,Supplier39,1,GRN3891,1,Invoice9203,1,Payment8279,2024-09-02 08:18:53+00:00,2024-09-16 12:16:55+00:00,339.967,1.417,0.7,0.883,72.0,72.0,0.967,192.0,0,Successful
PO4594,PO4594,1,PR508,1,Supplier15,1,GRN8608,1,Invoice8423,1,Payment4268,2024-09-02 08:59:55+00:00,2024-09-11 11:41:55+00:00,218.7,0.633,0.483,0.967,96.0,24.0,0.617,96.0,0,Successful
PO8531,PO8531,1,PR510,1,Supplier46,1,GRN7267,1,Invoice4436,1,Payment9798,2024-09-02 08:29:55+00:00,2024-09-06 11:07:55+00:00,98.633,1.1,0.733,0.183,24.0,24.0,0.617,48.0,0,Successful
PO733,PO733,5,PR321;PR418;PR442;PR511;PR612,1,Supplier12,1,GRN1987,1,Invoice1729,1,Payment7285,2024-09-02 08:09:55+00:00,2024-09-11 10:56:55+00:00,218.783,2.067,0.233,0.233,96.0,48.0,0.25,72.0,0,Successful
PO8222,PO8222,1,PR512,1,Supplier44,1,GRN377,1,Invoice5784,1,Payment3529,2024-09-02 08:42:55+00:00,2024-09-16 11:35:55+00:00,338.883,1.433,0.917,0.45,120.0,72.0,0.083,144.0,0,Successful
PO8600,PO8600,6,PR378;PR513;PR570;PR662;PR782;PR858,1,Supplier37,1,GRN2102,1,Invoice6951,1,Payment9338,2024-09-02 08:10:56+00:00,2024-09-10 10:08:55+00:00,193.966,0.45,0.833,0.4,24.0,48.0,0.283,120.0,0,Successful
PO7711,PO7711,4,PR185;PR514;PR8;PR934,1,Supplier49,1,GRN9680,1,Invoice5188,1,Payment2492,2024-09-02 08:29:54+00:00,2024-09-11 10:58:55+00:00,218.484,1.05,0.283,0.667,48.0,48.0,0.483,120.0,0,Successful
PO3635,PO3635,1,PR515,1,Supplier49,1,GRN9486,1,Invoice7573,1,Payment8326,2024-09-02 08:16:55+00:00,2024-09-17 09:52:55+00:00,361.6,0.433,0.033,0.267,96.0,72.0,0.867,192.0,0,Successful
PO5050,PO5050,1,PR516,1,Supplier33,1,GRN6261,1,Invoice2936,1,Payment7938,2024-09-02 08:42:55+00:00,2024-09-17 11:08:55+00:00,362.433,0.983,0.3,0.3,72.0,48.0,0.85,240.0,0,Successful
PO6328,PO6328,1,PR517,1,Supplier41,1,GRN9341,1,Invoice4282,1,Payment5813,2024-09-02 08:41:55+00:00,2024-09-10 11:25:55+00:00,194.733,1.517,0.267,0.45,96.0,48.0,0.5,48.0,0,Successful
PO9588,PO9588,1,PR518,1,Supplier38,1,GRN573,1,Invoice1493,2,Payment3283;Payment5920,2024-09-02 08:50:55+00:00,2024-09-16 11:55:55+00:00,339.083,0.75,0.667,0.917,96.0,24.0,0.75,216.0,0,Successful
PO9740,PO9740,3,PR414;PR519;PR573,1,Supplier8,1,GRN4076,1,Invoice3528,1,Payment6466,2024-09-02 08:10:55+00:00,2024-09-17 10:30:55+00:00,362.333,0.967,0.283,0.867,120.0,24.0,0.217,216.0,1,Successful
PO8059,PO8059,1,PR520,1,Supplier46,1,GRN5029,1,Invoice6261,1,Payment7510,2024-09-02 08:28:55+00:00,2024-09-06 10:36:55+00:00,98.133,0.783,0.183,0.35,24.0,24.0,0.817,48.0,0,Successful
PO4751,PO4751,4,PR287;PR521;PR656;PR712,1,Supplier48,1,GRN982,1,Invoice7291,1,Payment3577,2024-09-02 08:34:55+00:00,2024-09-09 12:02:55+00:00,171.467,0.95,0.85,0.75,24.0,48.0,0.917,96.0,1,Successful
PO5254,PO5254,2,PR522;PR67,1,Supplier50,1,GRN5251,1,Invoice7229,1,Payment8869,2024-09-02 08:18:55+00:00,2024-09-11 11:09:55+00:00,218.85,1.083,0.583,0.933,120.0,24.0,0.25,72.0,0,Successful
PO5757,PO5757,1,PR523,1,Supplier20,1,GRN1417,1,Invoice7651,1,Payment3524,2024-09-02 08:40:55+00:00,2024-09-09 11:12:55+00:00,170.533,0.467,0.933,0.367,72.0,24.0,0.767,72.0,0,Successful
PO7904,PO7904,2,PR524;PR977,1,Supplier33,1,GRN9122,1,Invoice2125,1,Payment6664,2024-09-02 08:08:57+00:00,2024-09-13 10:57:55+00:00,266.816,1.416,0.367,0.367,96.0,24.0,0.667,144.0,0,Successful
PO3873,PO3873,1,PR525,1,Supplier26,1,GRN5470,1,Invoice3223,1,Payment8674,2024-09-02 08:12:55+00:00,2024-09-14 10:09:55+00:00,289.95,1.283,0.467,0.133,96.0,48.0,0.067,144.0,0,Successful
PO6329,PO6329,3,PR488;PR526;PR795,1,Supplier27,1,GRN5442,1,Invoice1414,1,Payment7660,2024-09-02 08:36:55+00:00,2024-09-11 11:37:55+00:00,219.017,1.4,0.967,0.3,72.0,48.0,0.35,96.0,1,Successful
PO3808,PO3808,1,PR527,1,Supplier24,1,GRN5491,1,Invoice6311,1,Payment3172,2024-09-02 08:40:55+00:00,2024-09-18 11:11:55+00:00,386.517,1.0,0.233,0.767,120.0,48.0,0.517,216.0,0,Successful
PO3302,PO3302,1,PR528,1,Supplier47,1,GRN8164,1,Invoice8320,1,Payment9479,2024-09-02 08:42:55+00:00,2024-09-11 11:57:55+00:00,219.25,1.4,0.383,0.717,120.0,72.0,0.75,24.0,0,Successful
PO4479,PO4479,3,PR371;PR529;PR564,1,Supplier3,1,GRN5813,1,Invoice3436,1,Payment8120,2024-09-02 08:05:54+00:00,2024-09-12 11:41:55+00:00,243.6,1.617,0.633,0.7,72.0,48.0,0.65,120.0,0,Successful
PO2741,PO2741,1,PR530,1,Supplier41,1,GRN1432,1,Invoice4816,1,Payment4028,2024-09-02 08:34:55+00:00,2024-09-09 10:24:55+00:00,169.833,0.917,0.067,0.717,48.0,48.0,0.133,72.0,0,Successful
PO5820,PO5820,1,PR531,1,Supplier43,1,GRN4316,1,Invoice3464,1,Payment2223,2024-09-02 08:45:55+00:00,2024-09-13 11:58:55+00:00,267.217,1.9,0.2,0.733,120.0,24.0,0.383,120.0,0,Successful
PO6602,PO6602,6,PR41;PR509;PR532;PR908;PR971;PR977,1,Supplier42,1,GRN8200,1,Invoice6688,1,Payment7240,2024-09-02 08:04:55+00:00,2024-09-10 11:46:55+00:00,195.7,2.117,0.567,0.717,48.0,24.0,0.3,120.0,2,Successful
PO829,PO829,2,PR533;PR549,1,Supplier9,1,GRN8607,1,Invoice8427,1,Payment4161,2024-09-02 08:18:55+00:00,2024-09-15 11:17:55+00:00,314.983,0.85,0.933,0.267,72.0,24.0,0.933,216.0,0,Successful
PO4821,PO4821,1,PR534,1,Supplier24,1,GRN6039,1,Invoice9688,1,Payment6958,2024-09-02 08:16:55+00:00,2024-09-13 10:51:55+00:00,266.583,0.6,0.883,0.117,96.0,48.0,0.983,120.0,0,Mismatch
PO4173,PO4173,4,PR198;PR298;PR535;PR629,1,Supplier17,1,GRN8254,1,Invoice3728,1,Payment9715,2024-09-02 08:09:54+00:00,2024-09-07 11:05:55+00:00,122.934,1.134,0.3,0.967,48.0,24.0,0.533,48.0,0,Successful
PO1028,PO1028,4,PR334;PR536;PR584;PR904,1,Supplier5,1,GRN1022,1,Invoice5527,1,Payment1840,2024-09-02 08:09:55+00:00,2024-09-15 12:03:55+00:00,315.9,1.767,0.867,0.867,72.0,48.0,0.4,192.0,1,Successful
PO1116,PO1116,1,PR537,1,Supplier10,1,GRN5440,1,Invoice6876,1,Payment1424,2024-09-02 08:14:55+00:00,2024-09-09 10:02:55+00:00,169.8,1.267,0.233,0.233,96.0,24.0,0.067,48.0,0,Successful
PO6269,PO6269,1,PR538,1,Supplier37,1,GRN5908,1,Invoice169,1,Payment2997,2024-09-02 08:26:55+00:00,2024-09-19 11:28:55+00:00,411.033,1.3,0.883,0.417,120.0,48.0,0.433,240.0,0,Successful
PO9995,PO9995,5,PR148;PR529;PR539;PR769;PR797,1,Supplier41,1,GRN8,1,Invoice4465,1,Payment7215,2024-09-02 08:24:55+00:00,2024-09-14 11:53:55+00:00,291.483,1.983,0.767,0.617,24.0,48.0,0.117,216.0,0,Successful
PO124,PO124,1,PR540,1,Supplier33,1,GRN2209,1,Invoice3247,1,Payment3597,2024-09-02 08:07:55+00:00,2024-09-10 10:30:55+00:00,194.383,0.367,0.933,0.117,24.0,24.0,0.967,144.0,0,Successful
PO8921,PO8921,2,PR541;PR849,1,Supplier10,1,GRN2666,1,Invoice5917,1,Payment7028,2024-09-02 08:23:55+00:00,2024-09-14 11:08:55+00:00,290.75,0.55,0.433,0.917,72.0,72.0,0.85,144.0,0,Successful
PO6246,PO6246,1,PR542,1,Supplier23,1,GRN1716,1,Invoice1971,1,Payment3650,2024-09-02 08:33:55+00:00,2024-09-09 11:22:55+00:00,170.817,1.15,0.3,0.633,48.0,48.0,0.733,72.0,0,Successful
PO9390,PO9390,7,PR299;PR356;PR543;PR574;PR694;PR803;PR816,2,Supplier24;Supplier6,2,GRN104;GRN717,2,Invoice8190;Invoice8912,4,Payment3109;Payment5874;Payment8748;Payment9579,2024-09-02 08:05:54+00:00,2024-09-09 10:37:55+00:00,170.534,1.834,0.25,0.15,96.6,47.4,0.3,24.0,0,Successful
PO1610,PO1610,2,PR265;PR544,1,Supplier40,1,GRN3591,1,Invoice8420,1,Payment7498,2024-09-02 08:27:54+00:00,2024-09-15 11:31:55+00:00,315.067,1.367,0.5,0.283,120.0,72.0,0.917,120.0,0,Mismatch
PO7072,PO7072,5,PR132;PR430;PR545;PR777;PR933,1,Supplier12,1,GRN4846,1,Invoice3921,1,Payment9143,2024-09-02 08:11:56+00:00,2024-09-15 11:57:55+00:00,315.766,1.116,0.783,0.983,96.0,24.0,0.883,192.0,1,Mismatch
PO8181,PO8181,2,PR462;PR546,1,Supplier34,1,GRN8574,1,Invoice4439,1,Payment4698,2024-09-02 08:52:55+00:00,2024-09-11 11:43:55+00:00,218.85,1.633,0.333,0.517,72.0,48.0,0.367,96.0,0,Successful
PO720,PO720,1,PR547,1,Supplier28,1,GRN5624,1,Invoice216,1,Payment3678,2024-09-02 08:52:55+00:00,2024-09-14 12:12:55+00:00,291.333,1.8,0.717,0.667,24.0,24.0,0.15,240.0,0,Mismatch
PO7667,PO7667,6,PR13;PR262;PR48;PR548;PR653;PR792,1,Supplier29,1,GRN1767,1,Invoice1580,1,Payment3980,2024-09-02 08:06:56+00:00,2024-09-10 10:21:55+00:00,194.25,1.233,0.617,0.15,24.0,72.0,0.25,96.0,0,Successful
PO7856,PO7856,1,PR549,1,Supplier28,1,GRN7142,1,Invoice6112,1,Payment7575,2024-09-02 08:21:55+00:00,2024-09-15 11:42:55+00:00,315.35,1.05,0.7,0.667,96.0,48.0,0.933,168.0,0,Mismatch
PO6169,PO6169,1,PR550,1,Supplier39,1,GRN6628,1,Invoice7053,1,Payment77,2024-09-02 08:48:55+00:00,2024-09-09 10:36:55+00:00,169.8,0.2,0.483,0.733,72.0,48.0,0.383,48.0,0,Successful
PO8982,PO8982,1,PR551,1,Supplier41,1,GRN6899,1,Invoice4174,1,Payment6222,2024-09-02 08:27:55+00:00,2024-09-16 10:55:55+00:00,338.467,0.667,0.767,0.25,96.0,72.0,0.783,168.0,0,Mismatch
PO1145,PO1145,1,PR552,1,Supplier5,1,GRN7307,1,Invoice7766,1,Payment6859,2024-09-02 08:53:55+00:00,2024-09-15 11:37:55+00:00,314.733,0.833,0.65,0.467,48.0,48.0,0.783,216.0,0,Successful
PO4782,PO4782,1,PR553,1,Supplier10,1,GRN6634,1,Invoice9478,1,Payment7485,2024-09-02 08:56:55+00:00,2024-09-13 10:54:55+00:00,265.967,0.6,0.667,0.5,24.0,24.0,0.2,216.0,0,Successful
PO9553,PO9553,1,PR555,1,Supplier44,1,GRN4886,1,Invoice8906,1,Payment1404,2024-09-02 08:35:55+00:00,2024-09-07 10:19:55+00:00,121.733,0.5,0.633,0.4,48.0,48.0,0.2,24.0,0,Successful
PO140,PO140,3,PR13;PR50;PR558,1,Supplier49,1,GRN2188,1,Invoice8119,1,Payment3609,2024-09-02 08:09:53+00:00,2024-09-06 09:52:55+00:00,97.717,1.384,0.033,0.15,24.0,24.0,0.15,48.0,0,Successful
PO5308,PO5308,6,PR506;PR559;PR597;PR640;PR720;PR807,2,Supplier2;Supplier48,2,GRN6358;GRN7385,2,Invoice1926;Invoice8995,2,Payment1667;Payment7258,2024-09-02 08:05:56+00:00,2024-09-08 11:12:56+00:00,147.117,1.55,0.25,0.017,48.484,48.0,0.817,48.0,1,Successful
PO3059,PO3059,2,PR560;PR698,2,Supplier26;Supplier32,2,GRN112;GRN9037,2,Invoice8912;Invoice9282,4,Payment5874;Payment8748;Payment9033;Payment9579,2024-09-02 08:47:56+00:00,2024-09-09 10:37:55+00:00,169.833,0.983,0.483,0.717,48.184,24.0,0.533,94.933,0,Successful + Mismatch
PO7499,PO7499,3,PR153;PR561;PR698,1,Supplier35,1,GRN9177,1,Invoice5962,1,Payment5952,2024-09-02 08:13:53+00:00,2024-09-11 10:07:55+00:00,217.901,0.951,0.25,0.15,72.0,48.0,0.55,96.0,0,Successful
PO6439,PO6439,1,PR562,1,Supplier14,1,GRN9985,1,Invoice8361,1,Payment8196,2024-09-02 08:44:55+00:00,2024-09-16 12:36:55+00:00,339.867,1.367,0.733,0.833,96.0,72.0,0.933,168.0,0,Successful
PO6667,PO6667,1,PR563,1,Supplier37,1,GRN7919,1,Invoice2301,1,Payment6279,2024-09-02 09:03:55+00:00,2024-09-09 11:02:55+00:00,169.983,0.683,0.15,0.35,24.0,48.0,0.8,96.0,0,Successful
PO941,PO941,1,PR564,1,Supplier33,1,GRN4738,1,Invoice4763,1,Payment5239,2024-09-02 08:16:55+00:00,2024-09-09 09:54:55+00:00,169.633,0.55,0.15,0.867,96.0,48.0,0.067,24.0,0,Successful
PO8543,PO8543,1,PR565,1,Supplier8,1,GRN3199,1,Invoice4478,1,Payment7314,2024-09-02 08:20:55+00:00,2024-09-12 11:09:55+00:00,242.817,1.833,0.017,0.417,72.0,24.0,0.55,144.0,0,Mismatch
PO9499,PO9499,5,PR41;PR566;PR570;PR695;PR829,1,Supplier16,1,GRN5033,1,Invoice930,1,Payment4275,2024-09-02 08:05:56+00:00,2024-09-17 11:45:55+00:00,363.666,1.833,0.633,0.533,96.0,72.0,0.667,192.0,1,Successful
PO7424,PO7424,1,PR567,1,Supplier15,1,GRN8133,1,Invoice6023,1,Payment5476,2024-09-02 08:22:55+00:00,2024-09-18 10:13:55+00:00,385.85,0.633,0.217,0.45,96.0,48.0,0.55,240.0,0,Successful
PO9072,PO9072,1,PR568,1,Supplier26,1,GRN98,1,Invoice4517,1,Payment7783,2024-09-02 08:36:55+00:00,2024-09-14 10:01:55+00:00,289.417,0.867,0.217,0.067,96.0,24.0,0.267,168.0,0,Successful
PO4798,PO4798,1,PR569,1,Supplier2,1,GRN6427,1,Invoice2668,1,Payment9254,2024-09-02 08:21:55+00:00,2024-09-10 10:09:55+00:00,193.8,0.8,0.6,0.017,48.0,24.0,0.383,120.0,0,Successful
PO2892,PO2892,1,PR570,1,Supplier25,1,GRN4686,1,Invoice7517,1,Payment9484,2024-09-02 08:34:55+00:00,2024-09-11 11:01:55+00:00,218.45,0.983,0.717,0.067,48.0,72.0,0.683,96.0,0,Successful
PO2957,PO2957,1,PR572,1,Supplier30,1,GRN3342,1,Invoice2797,1,Payment2151,2024-09-02 08:15:55+00:00,2024-09-10 10:02:55+00:00,193.783,0.8,0.333,0.317,48.0,72.0,0.333,72.0,0,Mismatch
PO1246,PO1246,1,PR574,1,Supplier3,1,GRN8602,1,Invoice5843,1,Payment3990,2024-09-02 08:43:55+00:00,2024-09-17 12:19:55+00:00,363.6,0.95,1.0,0.683,120.0,72.0,0.967,168.0,0,Successful
PO8489,PO8489,1,PR575,1,Supplier48,1,GRN8764,1,Invoice8623,1,Payment976,2024-09-02 08:30:55+00:00,2024-09-11 11:23:55+00:00,218.883,0.967,0.467,0.6,96.0,24.0,0.85,96.0,0,Successful
PO5553,PO5553,6,PR104;PR244;PR576;PR892;PR905;PR970,1,Supplier20,1,GRN5603,1,Invoice2932,1,Payment2014,2024-09-02 08:17:55+00:00,2024-09-11 10:50:55+00:00,218.55,1.017,0.017,0.867,24.0,24.0,0.65,168.0,0,Successful
PO9839,PO9839,4,PR33;PR388;PR398;PR577,1,Supplier39,1,GRN5956,1,Invoice118,1,Payment8743,2024-09-02 08:15:54+00:00,2024-09-17 10:45:55+00:00,362.5,1.467,0.017,0.35,96.0,24.0,0.667,240.0,0,Successful
PO1132,PO1132,1,PR578,1,Supplier7,1,GRN4177,1,Invoice4161,1,Payment5209,2024-09-02 09:02:55+00:00,2024-09-08 11:13:55+00:00,146.183,0.667,0.633,0.6,24.0,48.0,0.283,72.0,0,Successful
PO7959,PO7959,5,PR110;PR306;PR579;PR872;PR898,1,Supplier4,1,GRN5778,1,Invoice4553,1,Payment5763,2024-09-02 08:14:53+00:00,2024-09-12 12:20:55+00:00,244.101,2.367,0.5,0.983,96.0,24.0,0.25,120.0,0,Successful
PO5670,PO5670,5,PR131;PR155;PR227;PR581;PR7,1,Supplier19,1,GRN3302,1,Invoice61,1,Payment451,2024-09-02 08:05:54+00:00,2024-09-11 11:57:55+00:00,219.867,1.917,0.483,0.6,120.0,72.0,0.867,24.0,0,Successful
PO5615,PO5615,1,PR582,1,Supplier2,1,GRN9062,1,Invoice2736,1,Payment5347,2024-09-02 09:03:55+00:00,2024-09-11 12:49:55+00:00,219.767,1.717,0.567,0.633,72.0,24.0,0.85,120.0,0,Successful
PO4460,PO4460,5,PR482;PR583;PR69;PR757;PR857,1,Supplier13,1,GRN934,1,Invoice2724,2,Payment4273;Payment5116,2024-09-02 08:06:53+00:00,2024-09-10 11:07:55+00:00,195.017,2.101,0.35,0.433,96.0,24.0,0.133,72.0,1,Successful
PO6168,PO6168,2,PR393;PR585,1,Supplier1,1,GRN1288,1,Invoice6497,1,Payment7578,2024-09-02 08:26:55+00:00,2024-09-10 12:00:55+00:00,195.567,1.583,0.383,0.917,96.0,24.0,0.683,72.0,0,Successful
PO6746,PO6746,1,PR587,1,Supplier7,1,GRN3318,1,Invoice4279,1,Payment5325,2024-09-02 08:56:55+00:00,2024-09-17 11:50:55+00:00,362.9,1.283,0.383,0.85,96.0,48.0,0.383,216.0,0,Successful
PO3040,PO3040,1,PR588,1,Supplier20,1,GRN1711,1,Invoice4087,1,Payment6371,2024-09-02 08:34:55+00:00,2024-09-18 09:56:55+00:00,385.367,0.2,0.633,0.333,96.0,48.0,0.2,240.0,0,Successful
PO5406,PO5406,6,PR161;PR292;PR534;PR550;PR589;PR724,1,Supplier23,1,GRN9472,1,Invoice8596,1,Payment699,2024-09-02 08:12:56+00:00,2024-09-10 09:20:55+00:00,193.133,0.35,0.317,0.067,72.0,72.0,0.4,48.0,0,Successful
PO5679,PO5679,3,PR590;PR772;PR88,1,Supplier13,1,GRN1348,1,Invoice1251,1,Payment5381,2024-09-02 08:15:56+00:00,2024-09-10 10:56:55+00:00,194.683,1.083,0.967,0.167,24.0,48.0,0.467,120.0,0,Successful
PO2465,PO2465,1,PR591,1,Supplier35,1,GRN2436,1,Invoice6259,1,Payment5300,2024-09-02 08:58:55+00:00,2024-09-14 11:52:55+00:00,290.9,0.883,0.917,0.133,120.0,24.0,0.967,144.0,0,Successful
PO132,PO132,3,PR592;PR917;PR920,1,Supplier1,1,GRN6021,1,Invoice9757,1,Payment9358,2024-09-02 08:26:57+00:00,2024-09-17 10:48:55+00:00,362.366,1.466,0.433,0.167,48.0,72.0,0.3,240.0,0,Successful
PO799,PO799,1,PR593,1,Supplier6,1,GRN1637,1,Invoice2016,1,Payment4920,2024-09-02 08:15:55+00:00,2024-09-16 11:37:55+00:00,339.367,0.667,0.967,0.933,120.0,48.0,0.8,168.0,0,Successful
PO6052,PO6052,5,PR226;PR288;PR569;PR594;PR89,1,Supplier23,1,GRN5796,1,Invoice2507,2,Payment2542;Payment8889,2024-09-02 08:21:55+00:00,2024-09-16 10:21:55+00:00,338.0,0.7,0.183,0.183,48.0,48.0,0.933,240.0,0,Successful
PO7062,PO7062,6,PR165;PR263;PR35;PR595;PR732;PR761,1,Supplier26,1,GRN2328,1,Invoice566,1,Payment7105,2024-09-02 08:07:54+00:00,2024-09-18 10:45:55+00:00,386.634,0.484,0.467,0.833,120.0,24.0,0.85,240.0,0,Successful
PO4955,PO4955,4,PR374;PR582;PR597;PR721,1,Supplier48,1,GRN3543,1,Invoice7665,1,Payment495,2024-09-02 08:35:55+00:00,2024-09-13 11:08:55+00:00,266.55,0.917,0.367,0.967,120.0,24.0,0.3,120.0,0,Successful
PO2457,PO2457,1,PR598,1,Supplier46,1,GRN6211,1,Invoice3540,1,Payment6374,2024-09-02 09:03:55+00:00,2024-09-15 12:48:55+00:00,315.75,1.417,0.883,0.667,72.0,24.0,0.783,216.0,0,Successful
PO9796,PO9796,1,PR599,1,Supplier29,1,GRN7167,1,Invoice1261,1,Payment8074,2024-09-02 08:17:55+00:00,2024-09-06 10:51:55+00:00,98.567,0.683,0.517,0.583,24.0,24.0,0.783,48.0,0,Successful
PO6174,PO6174,4,PR24;PR600;PR63;PR746,1,Supplier49,1,GRN2665,1,Invoice7206,1,Payment5524,2024-09-02 08:04:53+00:00,2024-09-16 10:38:55+00:00,338.567,1.251,0.55,0.267,72.0,24.0,0.5,240.0,0,Successful
PO7716,PO7716,4,PR270;PR601;PR640;PR655,1,Supplier11,1,GRN7658,1,Invoice6006,1,Payment7553,2024-09-02 08:05:56+00:00,2024-09-10 11:18:55+00:00,195.216,1.666,0.383,0.867,72.0,48.0,0.3,72.0,0,Successful
PO5455,PO5455,1,PR602,1,Supplier48,1,GRN2743,1,Invoice4060,1,Payment2842,2024-09-02 08:30:55+00:00,2024-09-19 11:59:55+00:00,411.483,0.933,0.783,0.783,120.0,72.0,0.983,216.0,0,Mismatch
PO6140,PO6140,4,PR194;PR52;PR604;PR90,1,Supplier30,1,GRN9621,1,Invoice4298,1,Payment8776,2024-09-02 08:13:55+00:00,2024-09-06 11:34:55+00:00,99.35,0.75,0.7,0.95,48.0,24.0,0.95,24.0,0,Successful
PO6611,PO6611,2,PR605;PR788,1,Supplier14,1,GRN100,1,Invoice9457,1,Payment3997,2024-09-02 08:31:55+00:00,2024-09-10 11:37:55+00:00,195.1,1.217,0.817,0.733,24.0,72.0,0.333,96.0,0,Successful
PO5078,PO5078,1,PR606,1,Supplier22,1,GRN1896,1,Invoice9373,1,Payment545,2024-09-02 08:14:55+00:00,2024-09-19 11:09:55+00:00,410.917,0.967,0.3,0.683,120.0,72.0,0.967,216.0,0,Successful
PO5830,PO5830,2,PR607;PR883,1,Supplier37,1,GRN3407,1,Invoice2413,1,Payment1581,2024-09-02 08:28:55+00:00,2024-09-14 11:16:55+00:00,290.8,1.65,0.7,0.25,24.0,24.0,0.2,240.0,1,Successful
PO14,PO14,1,PR608,1,Supplier1,1,GRN7974,1,Invoice2136,1,Payment6591,2024-09-02 08:33:55+00:00,2024-09-10 11:31:55+00:00,194.967,1.433,0.15,0.983,120.0,48.0,0.4,24.0,0,Successful
PO9408,PO9408,5,PR329;PR535;PR587;PR609;PR898,1,Supplier10,1,GRN6409,1,Invoice8611,1,Payment8242,2024-09-02 08:15:57+00:00,2024-09-15 11:00:55+00:00,314.749,0.633,0.967,0.883,24.0,72.0,0.267,216.0,0,Successful
PO8814,PO8814,2,PR610;PR817,1,Supplier8,1,GRN1678,1,Invoice6854,1,Payment7455,2024-09-02 08:21:55+00:00,2024-09-15 11:03:55+00:00,314.7,1.417,0.5,0.617,120.0,48.0,0.167,144.0,0,Successful
PO4237,PO4237,1,PR611,1,Supplier45,1,GRN5205,1,Invoice4593,1,Payment1329,2024-09-02 08:15:55+00:00,2024-09-17 11:26:55+00:00,363.183,1.2,0.817,0.583,96.0,72.0,0.583,192.0,0,Successful
PO1404,PO1404,6,PR1000;PR25;PR515;PR612;PR717;PR735,1,Supplier28,1,GRN3154,1,Invoice7551,2,Payment4609;Payment5409,2024-09-02 08:07:56+00:00,2024-09-09 09:45:55+00:00,169.633,1.05,0.183,0.3,96.0,48.0,0.1,24.0,1,Successful
PO6272,PO6272,2,PR604;PR613,1,Supplier14,1,GRN1237,1,Invoice8414,2,Payment5727;Payment9679,2024-09-02 08:08:55+00:00,2024-09-10 10:20:55+00:00,194.2,0.733,0.283,0.733,72.0,48.0,0.45,72.0,0,Successful
PO542,PO542,1,PR614,1,Supplier36,1,GRN4638,1,Invoice9487,1,Payment8890,2024-09-02 08:14:55+00:00,2024-09-13 10:02:55+00:00,265.8,0.483,0.783,0.167,24.0,72.0,0.367,168.0,0,Successful
PO3322,PO3322,4,PR184;PR28;PR374;PR615,1,Supplier40,1,GRN3558,1,Invoice2740,1,Payment1189,2024-09-02 08:21:53+00:00,2024-09-10 12:07:55+00:00,195.767,1.801,0.85,0.533,24.0,24.0,0.583,144.0,0,Successful
PO6057,PO6057,4,PR331;PR617;PR67;PR97,1,Supplier16,1,GRN7583,1,Invoice5940,1,Payment276,2024-09-02 08:05:55+00:00,2024-09-10 11:01:55+00:00,194.933,1.45,0.65,0.4,24.0,24.0,0.433,144.0,0,Successful
PO2684,PO2684,1,PR618,1,Supplier17,1,GRN7326,1,Invoice37,1,Payment9909,2024-09-02 08:31:56+00:00,2024-09-14 11:01:56+00:00,290.5,0.5,0.9,0.467,48.0,48.0,0.633,192.0,0,Successful
PO1017,PO1017,1,PR619,1,Supplier16,1,GRN3112,1,Invoice8342,1,Payment1665,2024-09-02 08:08:56+00:00,2024-09-14 11:42:56+00:00,291.567,1.167,0.883,0.967,48.0,24.0,0.55,216.0,0,Successful
PO2749,PO2749,5,PR479;PR538;PR620;PR656;PR817,1,Supplier37,1,GRN5814,1,Invoice9222,1,Payment4861,2024-09-02 08:08:56+00:00,2024-09-12 11:38:56+00:00,243.5,1.567,0.767,0.767,96.0,48.0,0.4,96.0,1,Successful
PO1512,PO1512,1,PR622,1,Supplier29,1,GRN3290,1,Invoice4353,1,Payment213,2024-09-02 08:52:56+00:00,2024-09-10 10:04:56+00:00,193.2,0.45,0.067,0.15,48.0,72.0,0.533,72.0,0,Successful
PO7391,PO7391,1,PR623,1,Supplier36,1,GRN6058,1,Invoice937,1,Payment3176,2024-09-02 08:40:56+00:00,2024-09-09 11:20:56+00:00,170.667,1.8,0.583,0.1,24.0,72.0,0.183,72.0,0,Successful
PO3357,PO3357,1,PR624,1,Supplier32,1,GRN9589,1,Invoice4296,2,Payment9183;Payment9653,2024-09-02 08:35:56+00:00,2024-09-12 11:32:56+00:00,242.95,1.217,0.7,0.433,96.0,24.0,0.6,120.0,0,Mismatch
PO4646,PO4646,5,PR483;PR57;PR625;PR81;PR923,1,Supplier25,1,GRN2448,1,Invoice7937,1,Payment3527,2024-09-02 08:18:53+00:00,2024-09-14 11:05:56+00:00,290.784,1.067,0.367,0.433,48.0,24.0,0.917,216.0,0,Successful
PO3416,PO3416,2,PR105;PR626,1,Supplier40,1,GRN1789,1,Invoice7867,1,Payment1677,2024-09-02 08:36:56+00:00,2024-09-19 12:43:56+00:00,412.117,1.767,0.8,0.717,120.0,48.0,0.833,240.0,0,Successful
PO6204,PO6204,1,PR627,1,Supplier22,1,GRN4292,1,Invoice8442,1,Payment7524,2024-09-02 08:08:56+00:00,2024-09-17 10:43:56+00:00,362.583,0.867,0.167,0.85,120.0,72.0,0.7,168.0,0,Successful
PO7027,PO7027,1,PR628,1,Supplier14,1,GRN769,1,Invoice3041,1,Payment4630,2024-09-02 08:19:56+00:00,2024-09-09 11:18:56+00:00,170.983,1.233,0.617,0.633,96.0,24.0,0.5,48.0,0,Successful
PO1002,PO1002,6,PR148;PR508;PR629;PR873;PR924;PR973,1,Supplier29,1,GRN8708,1,Invoice7856,2,Payment6159;Payment6982,2024-09-02 08:23:57+00:00,2024-09-13 11:54:56+00:00,267.516,2.25,0.017,0.833,120.0,24.0,0.417,120.0,1,Successful
PO2861,PO2861,1,PR630,1,Supplier49,1,GRN2516,1,Invoice6950,1,Payment5036,2024-09-02 08:38:56+00:00,2024-09-16 11:42:56+00:00,339.067,1.1,0.267,0.817,120.0,48.0,0.883,168.0,0,Successful
PO3340,PO3340,1,PR631,1,Supplier36,1,GRN5285,1,Invoice6329,1,Payment5060,2024-09-02 08:52:56+00:00,2024-09-14 10:54:56+00:00,290.033,1.017,0.683,0.317,120.0,48.0,0.017,120.0,0,Successful
PO1597,PO1597,3,PR572;PR632;PR77,1,Supplier9,1,GRN8833,1,Invoice1493,2,Payment3283;Payment5920,2024-09-02 08:15:55+00:00,2024-09-07 10:53:56+00:00,122.634,1.05,0.683,0.267,72.0,24.0,0.633,24.0,0,Successful
PO3581,PO3581,1,PR633,1,Supplier3,1,GRN2248,1,Invoice8369,1,Payment8079,2024-09-02 08:39:56+00:00,2024-09-10 10:33:56+00:00,193.9,1.25,0.083,0.55,24.0,24.0,0.017,144.0,0,Successful
PO4624,PO4624,1,PR634,1,Supplier13,1,GRN2164,1,Invoice8170,1,Payment5438,2024-09-02 08:29:56+00:00,2024-09-16 10:33:56+00:00,338.067,1.433,0.083,0.367,96.0,72.0,0.183,168.0,0,Successful
PO2851,PO2851,2,PR586;PR635,1,Supplier39,1,GRN9392,1,Invoice4507,1,Payment9354,2024-09-02 08:08:55+00:00,2024-09-15 11:02:56+00:00,314.9,1.5,0.55,0.133,48.0,48.0,0.717,216.0,1,Mismatch
PO7120,PO7120,1,PR636,1,Supplier16,1,GRN7688,1,Invoice2761,1,Payment310,2024-09-02 08:53:56+00:00,2024-09-12 12:15:56+00:00,243.367,1.283,0.783,0.883,120.0,72.0,0.417,48.0,0,Mismatch
PO2057,PO2057,1,PR638,1,Supplier26,1,GRN3900,1,Invoice4351,1,Payment276,2024-09-02 08:05:56+00:00,2024-09-15 11:48:56+00:00,315.717,1.133,0.667,1.0,120.0,48.0,0.917,144.0,0,Successful
PO8847,PO8847,6,PR159;PR225;PR364;PR561;PR639;PR80,1,Supplier34,1,GRN2449,1,Invoice2741,1,Payment7044,2024-09-02 08:08:53+00:00,2024-09-17 11:24:56+00:00,363.267,1.518,0.9,0.417,72.0,48.0,0.433,240.0,0,Successful
PO19,PO19,6,PR249;PR375;PR504;PR640;PR890;PR923,1,Supplier3,1,GRN8913,1,Invoice4253,1,Payment3978,2024-09-02 08:05:56+00:00,2024-09-14 10:19:56+00:00,290.233,0.733,0.333,0.933,48.0,24.0,0.233,216.0,0,Successful
PO4573,PO4573,1,PR641,1,Supplier23,1,GRN3477,1,Invoice3789,1,Payment1555,2024-09-02 08:54:56+00:00,2024-09-16 11:41:56+00:00,338.783,1.067,0.6,0.5,120.0,72.0,0.617,144.0,0,Successful
PO7990,PO7990,1,PR642,1,Supplier49,1,GRN8989,1,Invoice4934,1,Payment3397,2024-09-02 08:26:56+00:00,2024-09-10 11:15:56+00:00,194.817,1.033,0.867,0.55,72.0,48.0,0.367,72.0,0,Successful
PO3709,PO3709,1,PR644,1,Supplier47,1,GRN7387,1,Invoice8776,1,Payment1986,2024-09-02 08:08:56+00:00,2024-09-20 10:44:56+00:00,434.6,0.983,0.05,0.65,120.0,72.0,0.917,240.0,0,Successful
PO4204,PO4204,1,PR645,1,Supplier23,1,GRN485,1,Invoice4451,1,Payment7804,2024-09-02 08:56:56+00:00,2024-09-11 11:17:56+00:00,218.35,1.017,0.3,0.633,72.0,48.0,0.4,96.0,0,Successful
PO3168,PO3168,1,PR646,1,Supplier47,1,GRN8699,1,Invoice6651,1,Payment2339,2024-09-02 08:51:56+00:00,2024-09-14 11:33:56+00:00,290.7,0.817,0.95,0.2,24.0,48.0,0.733,216.0,0,Successful
PO1713,PO1713,5,PR145;PR301;PR647;PR664;PR870,1,Supplier50,1,GRN7949,1,Invoice8779,1,Payment2758,2024-09-02 08:05:56+00:00,2024-09-09 10:44:56+00:00,170.65,1.433,0.1,0.5,24.0,72.0,0.617,72.0,0,Successful
PO1752,PO1752,1,PR648,1,Supplier44,1,GRN8160,1,Invoice2279,1,Payment55,2024-09-02 08:16:56+00:00,2024-09-11 10:28:56+00:00,218.2,1.067,1.0,0.117,72.0,24.0,0.017,120.0,0,Successful
PO6692,PO6692,2,PR538;PR649,1,Supplier14,1,GRN9366,1,Invoice1565,2,Payment1591;Payment9707,2024-09-02 08:22:56+00:00,2024-09-09 11:05:54+00:00,170.716,1.383,0.767,0.05,24.0,72.0,0.85,71.666,0,Successful
PO6,PO6,1,PR650,1,Supplier3,1,GRN39,1,Invoice1121,1,Payment9640,2024-09-02 08:11:56+00:00,2024-09-15 10:03:56+00:00,313.867,0.317,0.6,0.733,72.0,48.0,0.217,192.0,0,Successful
PO2801,PO2801,5,PR136;PR258;PR609;PR651;PR69,1,Supplier36,1,GRN8790,1,Invoice5328,1,Payment8611,2024-09-02 08:06:53+00:00,2024-09-11 11:58:56+00:00,219.868,2.084,0.367,0.6,96.0,72.0,0.817,48.0,0,Mismatch
PO1799,PO1799,2,PR652;PR894,1,Supplier44,1,GRN5107,1,Invoice6919,1,Payment7620,2024-09-02 08:20:56+00:00,2024-09-08 09:58:56+00:00,145.633,0.267,0.85,0.4,24.0,72.0,0.117,48.0,0,Successful
PO9243,PO9243,2,PR110;PR653,1,Supplier14,1,GRN1156,1,Invoice9049,1,Payment4977,2024-09-02 08:06:56+00:00,2024-09-16 10:14:56+00:00,338.133,1.033,0.5,0.15,48.0,72.0,0.45,216.0,0,Successful
PO8236,PO8236,1,PR654,1,Supplier49,1,GRN7861,1,Invoice7425,1,Payment3795,2024-09-02 08:18:56+00:00,2024-09-09 10:33:56+00:00,170.25,0.2,0.5,0.667,72.0,48.0,0.883,48.0,0,Successful
PO5278,PO5278,3,PR169;PR655;PR920,1,Supplier42,1,GRN6147,1,Invoice9937,1,Payment9457,2024-09-02 08:26:53+00:00,2024-09-12 11:24:56+00:00,242.968,1.034,0.567,0.483,24.0,72.0,0.883,144.0,0,Successful
PO833,PO833,4,PR192;PR495;PR659;PR850,1,Supplier41,1,GRN8373,1,Invoice6445,1,Payment2279,2024-09-02 08:27:57+00:00,2024-09-17 10:41:56+00:00,362.233,1.116,0.083,0.833,96.0,72.0,0.2,192.0,0,Successful
PO1714,PO1714,2,PR409;PR660,1,Supplier39,1,GRN593,1,Invoice5006,2,Payment3750;Payment759,2024-09-02 08:23:55+00:00,2024-09-07 09:33:56+00:00,121.167,0.934,0.05,0.117,24.0,48.0,0.067,48.0,0,Successful
PO8733,PO8733,1,PR661,1,Supplier18,1,GRN1737,1,Invoice7011,1,Payment2197,2024-09-02 08:07:56+00:00,2024-09-14 09:57:56+00:00,289.833,0.433,0.567,0.5,120.0,24.0,0.333,144.0,0,Successful
PO4493,PO4493,3,PR365;PR414;PR663,1,Supplier44,1,GRN3144,1,Invoice9892,1,Payment6082,2024-09-02 08:10:55+00:00,2024-09-17 11:40:56+00:00,363.5,1.75,0.033,0.867,120.0,48.0,0.85,192.0,0,Successful
PO1481,PO1481,4,PR548;PR652;PR664;PR704,1,Supplier35,1,GRN7018,1,Invoice7285,1,Payment7979,2024-09-02 08:20:56+00:00,2024-09-14 11:37:56+00:00,291.283,1.467,0.883,0.083,96.0,24.0,0.85,168.0,0,Successful
PO2322,PO2322,3,PR309;PR32;PR665,1,Supplier7,1,GRN9210,1,Invoice5848,1,Payment6324,2024-09-02 08:27:56+00:00,2024-09-13 11:36:56+00:00,267.15,1.45,0.75,0.9,24.0,48.0,0.05,192.0,0,Successful
PO3920,PO3920,3,PR420;PR508;PR666,1,Supplier4,1,GRN4105,1,Invoice5728,1,Payment2139,2024-09-02 08:38:56+00:00,2024-09-16 10:44:56+00:00,338.1,0.967,0.6,0.25,72.0,48.0,0.283,216.0,1,Successful
PO4633,PO4633,4,PR468;PR667;PR766;PR981,1,Supplier25,1,GRN8770,1,Invoice9062,1,Payment429,2024-09-02 08:17:56+00:00,2024-09-19 11:05:56+00:00,410.8,1.633,0.1,0.783,120.0,72.0,0.283,216.0,0,Successful
PO430,PO430,4,PR126;PR376;PR668;PR769,1,Supplier26,1,GRN850,1,Invoice8409,1,Payment6212,2024-09-02 08:05:53+00:00,2024-09-18 11:00:56+00:00,386.918,1.301,0.8,0.533,120.0,24.0,0.283,240.0,0,Mismatch
PO2507,PO2507,1,PR669,1,Supplier34,1,GRN3490,1,Invoice1919,1,Payment5561,2024-09-02 08:19:56+00:00,2024-09-12 09:47:56+00:00,241.467,1.0,0.1,0.05,120.0,72.0,0.317,48.0,0,Successful
PO7622,PO7622,2,PR32;PR671,1,Supplier17,1,GRN6767,1,Invoice9525,1,Payment8969,2024-09-02 08:07:56+00:00,2024-09-11 10:24:56+00:00,218.283,1.117,0.7,0.167,120.0,24.0,0.3,72.0,0,Successful
PO980,PO980,1,PR672,1,Supplier15,1,GRN2078,1,Invoice7633,1,Payment6795,2024-09-02 08:51:56+00:00,2024-09-07 11:58:56+00:00,123.117,1.567,0.467,0.867,72.0,24.0,0.217,24.0,0,Successful
PO2237,PO2237,1,PR673,1,Supplier11,1,GRN8063,1,Invoice351,1,Payment8481,2024-09-02 08:39:56+00:00,2024-09-08 12:17:56+00:00,147.633,1.733,0.967,0.567,72.0,48.0,0.367,24.0,0,Successful
PO3091,PO3091,3,PR528;PR675;PR813,1,Supplier26,1,GRN6886,1,Invoice2909,1,Payment4226,2024-09-02 08:15:56+00:00,2024-09-14 11:26:56+00:00,291.183,1.517,0.85,0.15,120.0,24.0,0.667,144.0,0,Successful
PO9569,PO9569,2,PR352;PR676,1,Supplier10,1,GRN1560,1,Invoice7020,1,Payment7445,2024-09-02 08:08:54+00:00,2024-09-16 11:24:56+00:00,339.267,1.517,0.75,0.333,48.0,48.0,0.667,240.0,0,Successful
PO2463,PO2463,1,PR677,1,Supplier36,1,GRN4123,1,Invoice7465,2,Payment6317;Payment9728,2024-09-02 08:39:56+00:00,2024-09-07 10:51:56+00:00,122.2,1.05,0.133,0.067,24.0,72.0,0.95,24.0,0,Successful
PO2800,PO2800,1,PR678,1,Supplier19,1,GRN3385,1,Invoice3558,1,Payment4415,2024-09-02 08:19:56+00:00,2024-09-14 11:01:56+00:00,290.7,0.8,0.4,0.867,48.0,48.0,0.633,192.0,0,Successful
PO2423,PO2423,1,PR682,1,Supplier41,1,GRN4137,1,Invoice5840,1,Payment1100,2024-09-02 08:44:56+00:00,2024-09-11 11:41:56+00:00,218.95,1.083,0.783,0.25,48.0,24.0,0.833,144.0,0,Successful
PO3020,PO3020,3,PR244;PR683;PR719,1,Supplier36,1,GRN9036,1,Invoice2371,1,Payment4839,2024-09-02 08:37:56+00:00,2024-09-13 11:17:56+00:00,266.667,1.517,0.033,0.267,24.0,72.0,0.85,168.0,0,Successful
PO1580,PO1580,1,PR685,1,Supplier19,1,GRN4377,1,Invoice5218,1,Payment7696,2024-09-02 08:31:56+00:00,2024-09-12 10:37:56+00:00,242.1,1.517,0.033,0.033,72.0,48.0,0.517,120.0,0,Successful
PO3465,PO3465,1,PR686,1,Supplier44,1,GRN612,1,Invoice3446,1,Payment2365,2024-09-02 08:21:56+00:00,2024-09-19 11:02:56+00:00,410.683,0.967,0.833,0.467,120.0,48.0,0.417,240.0,0,Successful
PO2073,PO2073,1,PR687,1,Supplier30,1,GRN4677,1,Invoice238,1,Payment3511,2024-09-02 08:23:56+00:00,2024-09-14 11:56:56+00:00,291.55,1.367,0.75,0.617,48.0,48.0,0.817,192.0,0,Successful
PO7428,PO7428,1,PR689,1,Supplier20,1,GRN3412,1,Invoice2024,1,Payment4065,2024-09-02 09:02:56+00:00,2024-09-15 10:32:56+00:00,313.5,0.667,0.217,0.183,24.0,72.0,0.433,216.0,0,Successful
PO2740,PO2740,1,PR690,1,Supplier44,1,GRN9229,1,Invoice7380,1,Payment4374,2024-09-02 08:34:56+00:00,2024-09-16 10:24:56+00:00,337.833,1.1,0.1,0.433,120.0,24.0,0.2,192.0,0,Successful
PO1433,PO1433,5,PR306;PR691;PR717;PR766;PR852,1,Supplier4,1,GRN6772,1,Invoice8452,1,Payment768,2024-09-02 08:07:56+00:00,2024-09-12 11:04:56+00:00,242.95,1.533,0.633,0.483,96.0,24.0,0.3,120.0,0,Successful
PO8314,PO8314,2,PR693;PR811,1,Supplier18,1,GRN8493,1,Invoice5330,1,Payment6101,2024-09-02 08:30:56+00:00,2024-09-10 11:53:56+00:00,195.383,1.917,0.283,0.783,120.0,48.0,0.4,24.0,0,Successful
PO1128,PO1128,6,PR235;PR31;PR694;PR711;PR924;PR925,1,Supplier10,1,GRN880,1,Invoice9788,1,Payment274,2024-09-02 08:04:53+00:00,2024-09-14 10:38:56+00:00,290.567,1.334,0.583,0.1,96.0,72.0,0.55,120.0,0,Successful
PO3106,PO3106,4,PR398;PR412;PR695;PR706,1,Supplier46,1,GRN4043,1,Invoice4972,2,Payment3199;Payment3485,2024-09-02 08:15:54+00:00,2024-09-15 10:09:55+00:00,313.9,1.551,0.2,0.717,72.0,48.0,0.267,191.166,0,Successful
PO8912,PO8912,6,PR323;PR535;PR593;PR696;PR841;PR847,1,Supplier14,1,GRN7528,1,Invoice8888,1,Payment3817,2024-09-02 08:11:57+00:00,2024-09-17 10:48:56+00:00,362.616,1.116,0.05,0.9,96.0,48.0,0.55,216.0,0,Successful
PO8288,PO8288,1,PR700,1,Supplier19,1,GRN6563,1,Invoice2289,1,Payment4212,2024-09-02 08:12:56+00:00,2024-09-13 10:48:56+00:00,266.6,1.317,0.133,0.25,24.0,48.0,0.9,192.0,0,Successful
PO7430,PO7430,4,PR199;PR640;PR701;PR941,1,Supplier31,1,GRN3826,1,Invoice8774,1,Payment8452,2024-09-02 08:05:56+00:00,2024-09-12 10:33:56+00:00,242.467,1.433,0.05,0.783,72.0,48.0,0.2,120.0,0,Successful
PO4731,PO4731,6,PR119;PR205;PR32;PR501;PR52;PR702,1,Supplier2,1,GRN5651,1,Invoice7813,1,Payment6071,2024-09-02 08:15:54+00:00,2024-09-18 12:37:56+00:00,388.367,2.367,0.983,0.133,120.0,24.0,0.883,240.0,0,Successful
PO5541,PO5541,3,PR190;PR703;PR861,1,Supplier47,1,GRN7609,1,Invoice655,1,Payment2830,2024-09-02 08:18:57+00:00,2024-09-16 10:43:56+00:00,338.416,1.716,0.3,0.117,96.0,24.0,0.283,216.0,0,Successful
PO109,PO109,4,PR45;PR535;PR704;PR742,1,Supplier14,1,GRN453,1,Invoice3058,1,Payment1831,2024-09-02 08:29:53+00:00,2024-09-18 11:03:56+00:00,386.567,1.334,0.7,0.133,120.0,72.0,0.4,192.0,1,Successful
PO9574,PO9574,4,PR699;PR705;PR798;PR826,1,Supplier17,1,GRN9245,1,Invoice8853,1,Payment1037,2024-09-02 08:24:56+00:00,2024-09-19 11:22:56+00:00,410.967,1.9,0.167,0.683,96.0,72.0,0.217,240.0,2,Successful
PO4760,PO4760,2,PR294;PR706,1,Supplier13,1,GRN8382,1,Invoice2092,1,Payment5801,2024-09-02 08:15:54+00:00,2024-09-16 11:54:56+00:00,339.651,1.967,0.45,0.5,96.0,48.0,0.733,192.0,0,Successful
PO253,PO253,2,PR299;PR707,1,Supplier25,1,GRN8451,1,Invoice8707,1,Payment3051,2024-09-02 08:18:56+00:00,2024-09-09 10:41:56+00:00,170.383,0.9,0.4,0.267,48.0,72.0,0.817,48.0,0,Successful
PO764,PO764,4,PR157;PR524;PR644;PR708,1,Supplier11,1,GRN5079,1,Invoice5496,1,Payment5438,2024-09-02 08:08:56+00:00,2024-09-15 11:48:56+00:00,315.667,1.717,0.717,0.7,96.0,48.0,0.533,168.0,0,Successful
PO6663,PO6663,1,PR709,1,Supplier2,1,GRN2236,1,Invoice3962,2,Payment3240;Payment6214,2024-09-02 09:03:56+00:00,2024-09-06 10:11:57+00:00,97.134,1.083,0.35,0.65,48.0,24.0,0.3,22.75,0,Successful
PO7729,PO7729,1,PR710,1,Supplier5,1,GRN169,1,Invoice1516,1,Payment6325,2024-09-02 08:05:56+00:00,2024-09-09 11:11:56+00:00,171.1,0.867,0.417,0.9,120.0,24.0,0.917,24.0,0,Successful
PO9226,PO9226,7,PR377;PR405;PR560;PR711;PR815;PR826;PR861,2,Supplier40;Supplier8,2,GRN6149;GRN8159,2,Invoice5647;Invoice8156,2,Payment7348;Payment8497,2024-09-02 08:08:54+00:00,2024-09-10 10:59:56+00:00,194.851,1.217,0.567,0.75,48.0,24.0,0.317,120.0,0,Successful
PO8520,PO8520,1,PR712,1,Supplier36,1,GRN8461,1,Invoice3104,2,Payment5673;Payment9795,2024-09-02 08:53:56+00:00,2024-09-12 11:36:54+00:00,242.716,1.667,0.65,0.467,24.0,72.0,0.367,143.566,0,Successful
PO2189,PO2189,1,PR714,1,Supplier34,1,GRN3855,1,Invoice6623,1,Payment7772,2024-09-02 08:56:56+00:00,2024-09-09 12:08:56+00:00,171.2,1.3,0.3,0.7,72.0,48.0,0.9,48.0,0,Successful
PO3223,PO3223,5,PR37;PR615;PR715;PR772;PR856,1,Supplier7,1,GRN5818,1,Invoice9476,2,Payment1310;Payment5305,2024-09-02 08:07:56+00:00,2024-09-13 10:56:56+00:00,266.817,0.883,0.983,0.933,96.0,24.0,0.017,144.0,0,Mismatch
PO2778,PO2778,4,PR209;PR242;PR488;PR717,1,Supplier35,1,GRN2984,1,Invoice5507,1,Payment6290,2024-09-02 08:07:56+00:00,2024-09-06 09:40:56+00:00,97.55,0.533,0.317,0.683,48.0,24.0,0.017,24.0,0,Successful
PO2812,PO2812,1,PR719,1,Supplier43,1,GRN9946,1,Invoice217,1,Payment9972,2024-09-02 08:37:56+00:00,2024-09-15 11:50:56+00:00,315.217,1.55,0.6,0.95,24.0,48.0,0.117,240.0,0,Successful
PO1581,PO1581,3,PR357;PR536;PR721,1,Supplier48,1,GRN4422,1,Invoice8846,1,Payment2471,2024-09-02 08:09:54+00:00,2024-09-14 12:16:56+00:00,292.117,2.601,0.517,0.467,24.0,72.0,0.533,192.0,0,Successful
PO8924,PO8924,4,PR202;PR255;PR723;PR811,1,Supplier24,1,GRN8091,1,Invoice1896,1,Payment9775,2024-09-02 08:28:54+00:00,2024-09-16 11:45:56+00:00,339.284,1.867,0.117,0.35,120.0,24.0,0.95,192.0,1,Successful
PO6286,PO6286,2,PR721;PR724,1,Supplier42,1,GRN7126,1,Invoice7303,1,Payment4481,2024-09-02 08:12:56+00:00,2024-09-18 11:13:56+00:00,387.017,1.15,0.783,0.633,120.0,24.0,0.45,240.0,0,Mismatch
PO2764,PO2764,1,PR725,1,Supplier44,1,GRN9157,1,Invoice9137,1,Payment2038,2024-09-02 08:42:56+00:00,2024-09-15 11:15:56+00:00,314.55,1.283,0.417,0.2,96.0,24.0,0.65,192.0,0,Successful
PO3639,PO3639,1,PR726,1,Supplier7,1,GRN4822,1,Invoice8880,1,Payment7649,2024-09-02 08:15:56+00:00,2024-09-11 10:59:56+00:00,218.733,0.9,0.1,0.883,120.0,72.0,0.85,24.0,0,Successful
PO2511,PO2511,5,PR198;PR405;PR432;PR727;PR81,1,Supplier42,1,GRN5835,1,Invoice3877,2,Payment2767;Payment3598,2024-09-02 08:09:54+00:00,2024-09-11 10:36:56+00:00,218.451,1.817,0.433,0.033,72.0,48.0,0.167,96.0,0,Successful
PO6571,PO6571,1,PR728,1,Supplier33,1,GRN2296,1,Invoice3928,1,Payment266,2024-09-02 08:15:56+00:00,2024-09-16 10:34:56+00:00,338.317,1.0,0.833,0.4,24.0,72.0,0.083,240.0,0,Successful
PO5076,PO5076,1,PR729,1,Supplier32,1,GRN574,1,Invoice187,1,Payment2999,2024-09-02 08:55:56+00:00,2024-09-17 11:34:56+00:00,362.65,1.6,0.583,0.033,96.0,48.0,0.433,216.0,0,Successful
PO1538,PO1538,1,PR730,1,Supplier48,1,GRN9857,1,Invoice2426,1,Payment5041,2024-09-02 08:05:56+00:00,2024-09-08 11:10:56+00:00,147.083,1.55,0.567,0.6,24.0,24.0,0.367,96.0,0,Successful
PO9606,PO9606,1,PR732,1,Supplier43,1,GRN60,1,Invoice7172,1,Payment9806,2024-09-02 08:18:56+00:00,2024-09-16 11:03:56+00:00,338.75,1.267,0.283,0.5,72.0,24.0,0.7,240.0,0,Successful
PO841,PO841,2,PR731;PR733,1,Supplier31,1,GRN771,1,Invoice7233,1,Payment7543,2024-09-02 08:07:56+00:00,2024-09-06 11:38:56+00:00,99.517,1.633,0.6,0.9,24.0,48.0,0.383,24.0,1,Mismatch
PO8834,PO8834,2,PR675;PR734,1,Supplier25,1,GRN2979,1,Invoice8085,1,Payment427,2024-09-02 08:16:56+00:00,2024-09-13 10:36:56+00:00,266.333,0.7,0.983,0.583,96.0,24.0,0.067,144.0,0,Successful
PO1045,PO1045,1,PR736,1,Supplier35,1,GRN4916,1,Invoice1864,1,Payment3691,2024-09-02 08:10:56+00:00,2024-09-14 10:47:56+00:00,290.617,1.217,0.767,0.267,24.0,48.0,0.367,216.0,0,Successful
PO9179,PO9179,3,PR498;PR735;PR737,1,Supplier47,1,GRN7228,1,Invoice4886,1,Payment6920,2024-09-02 08:13:56+00:00,2024-09-17 10:45:56+00:00,362.533,1.383,0.233,0.017,120.0,48.0,0.9,192.0,1,Successful
PO6090,PO6090,6,PR244;PR541;PR728;PR738;PR759;PR888,1,Supplier34,1,GRN1265,1,Invoice9738,1,Payment4853,2024-09-02 08:06:56+00:00,2024-09-11 10:12:56+00:00,218.1,1.05,0.267,0.65,48.0,72.0,0.133,96.0,0,Successful
PO279,PO279,1,PR740,1,Supplier14,1,GRN6042,1,Invoice2903,1,Payment9546,2024-09-02 08:22:56+00:00,2024-09-09 11:42:56+00:00,171.333,0.683,0.983,0.8,48.0,72.0,0.867,48.0,0,Successful
PO1138,PO1138,5,PR302;PR312;PR452;PR743;PR808,1,Supplier34,1,GRN5386,1,Invoice2350,1,Payment1923,2024-09-02 08:14:56+00:00,2024-09-08 09:56:56+00:00,145.7,0.867,0.7,0.067,96.0,24.0,0.067,24.0,0,Successful
PO4300,PO4300,3,PR354;PR586;PR745,1,Supplier2,1,GRN6976,1,Invoice5478,1,Payment4861,2024-09-02 08:08:55+00:00,2024-09-07 11:09:56+00:00,123.017,0.8,0.983,0.733,72.0,24.0,0.5,24.0,1,Successful
PO4088,PO4088,1,PR746,1,Supplier42,1,GRN7083,1,Invoice5739,1,Payment3228,2024-09-02 08:08:56+00:00,2024-09-09 11:14:56+00:00,171.1,1.033,0.583,1.0,48.0,48.0,0.483,72.0,0,Successful
PO292,PO292,4,PR466;PR741;PR747;PR779,1,Supplier1,1,GRN6859,1,Invoice7362,1,Payment6607,2024-09-02 08:47:55+00:00,2024-09-17 11:32:56+00:00,362.75,0.684,0.917,0.45,120.0,24.0,0.7,216.0,1,Successful
PO7521,PO7521,5,PR134;PR452;PR64;PR65;PR748,1,Supplier33,1,GRN7266,1,Invoice6922,1,Payment4527,2024-09-02 08:30:55+00:00,2024-09-17 10:34:56+00:00,362.067,0.567,0.417,0.3,72.0,72.0,0.783,216.0,0,Successful
PO9594,PO9594,1,PR749,1,Supplier42,1,GRN1049,1,Invoice6903,1,Payment3573,2024-09-02 08:06:56+00:00,2024-09-14 10:59:56+00:00,290.883,0.983,0.733,0.85,96.0,48.0,0.317,144.0,0,Mismatch
PO2638,PO2638,1,PR750,1,Supplier8,1,GRN2625,1,Invoice2309,2,Payment5151;Payment8250,2024-09-02 08:12:56+00:00,2024-09-15 12:02:54+00:00,315.833,0.85,0.6,0.517,96.0,48.0,0.433,169.433,0,Successful
PO8255,PO8255,3,PR751;PR861;PR878,2,Supplier15;Supplier45,2,GRN3004;GRN3095,2,Invoice4839;Invoice5741,3,Payment3112;Payment7190;Payment9023,2024-09-02 08:18:57+00:00,2024-09-07 12:30:56+00:00,124.2,0.083,0.817,0.033,48.0,26.4,0.867,48.0,0,Successful
PO1124,PO1124,1,PR752,1,Supplier16,1,GRN7786,1,Invoice453,1,Payment2243,2024-09-02 08:18:56+00:00,2024-09-11 10:37:56+00:00,218.317,0.367,0.833,0.3,72.0,24.0,0.817,120.0,0,Successful
PO820,PO820,6,PR268;PR28;PR295;PR753;PR824;PR85,1,Supplier31,1,GRN3995,1,Invoice3657,2,Payment6051;Payment7704,2024-09-02 08:21:53+00:00,2024-09-08 11:38:56+00:00,147.284,1.734,0.533,0.583,48.0,48.0,0.433,48.0,2,Successful
PO6882,PO6882,1,PR754,1,Supplier22,1,GRN934,1,Invoice3004,1,Payment1220,2024-09-02 08:10:56+00:00,2024-09-08 10:17:56+00:00,146.117,1.167,0.283,0.533,48.0,24.0,0.133,72.0,0,Successful
PO1877,PO1877,1,PR755,1,Supplier2,1,GRN656,1,Invoice712,1,Payment8234,2024-09-02 08:28:56+00:00,2024-09-11 11:34:56+00:00,219.1,1.533,0.333,0.6,120.0,72.0,0.633,24.0,0,Mismatch
PO6550,PO6550,1,PR756,1,Supplier1,1,GRN9293,1,Invoice5951,1,Payment5207,2024-09-02 08:36:56+00:00,2024-09-10 10:51:56+00:00,194.25,0.767,0.417,0.367,96.0,72.0,0.7,24.0,0,Successful
PO1981,PO1981,5,PR274;PR438;PR468;PR738;PR757,1,Supplier29,1,GRN4187,1,Invoice8924,1,Payment7991,2024-09-02 08:14:54+00:00,2024-09-09 11:24:56+00:00,171.167,1.284,0.8,0.533,96.0,24.0,0.55,48.0,0,Successful
PO8606,PO8606,1,PR759,1,Supplier33,1,GRN7407,1,Invoice4102,1,Payment6401,2024-09-02 08:06:56+00:00,2024-09-12 11:13:56+00:00,243.117,1.8,0.183,0.867,72.0,72.0,0.267,96.0,0,Successful
PO3478,PO3478,2,PR187;PR760,1,Supplier3,1,GRN5520,1,Invoice9368,1,Payment4214,2024-09-02 08:32:54+00:00,2024-09-11 12:11:56+00:00,219.651,1.151,0.767,0.85,96.0,72.0,0.883,48.0,0,Successful
PO771,PO771,1,PR761,1,Supplier30,1,GRN3697,1,Invoice8981,1,Payment1378,2024-09-02 09:03:56+00:00,2024-09-10 11:09:56+00:00,194.1,1.25,0.167,0.433,48.0,24.0,0.25,120.0,0,Successful
PO7566,PO7566,3,PR630;PR71;PR762,1,Supplier40,1,GRN2076,1,Invoice2507,2,Payment2542;Payment8889,2024-09-02 08:04:56+00:00,2024-09-16 10:21:55+00:00,338.283,1.517,0.25,0.833,96.0,72.0,0.667,167.016,0,Successful
PO5994,PO5994,4,PR26;PR31;PR763;PR777,1,Supplier50,1,GRN9919,1,Invoice2655,1,Payment4927,2024-09-02 08:04:53+00:00,2024-09-16 11:00:56+00:00,338.934,1.784,0.2,0.25,96.0,48.0,0.7,192.0,0,Successful
PO8,PO8,6,PR241;PR291;PR455;PR462;PR570;PR765,1,Supplier40,1,GRN158,1,Invoice6764,1,Payment4849,2024-09-02 08:10:54+00:00,2024-09-16 10:05:56+00:00,337.917,1.551,0.1,0.167,72.0,72.0,0.1,192.0,1,Successful
PO2795,PO2795,1,PR766,1,Supplier46,1,GRN1892,1,Invoice1847,1,Payment1440,2024-09-02 08:17:56+00:00,2024-09-17 11:34:56+00:00,363.283,1.217,0.967,0.517,96.0,48.0,0.583,216.0,0,Successful
PO1430,PO1430,1,PR767,1,Supplier30,1,GRN4303,1,Invoice2942,1,Payment805,2024-09-02 08:04:56+00:00,2024-09-15 11:11:56+00:00,315.117,0.933,0.7,0.867,24.0,72.0,0.617,216.0,0,Successful
PO2591,PO2591,1,PR768,1,Supplier12,1,GRN1285,1,Invoice4839,2,Payment3112;Payment9023,2024-09-02 09:03:56+00:00,2024-09-17 11:03:56+00:00,362.0,0.75,0.617,0.317,120.0,72.0,0.317,168.0,0,Successful
PO1149,PO1149,4,PR107;PR133;PR537;PR769,1,Supplier11,1,GRN4916,1,Invoice1597,1,Payment9653,2024-09-02 08:14:55+00:00,2024-09-12 10:22:56+00:00,242.134,1.534,0.117,0.183,120.0,72.0,0.3,48.0,0,Mismatch
PO3316,PO3316,5,PR20;PR28;PR422;PR770;PR829,1,Supplier24,1,GRN9294,1,Invoice1900,1,Payment3,2024-09-02 08:05:56+00:00,2024-09-12 10:39:56+00:00,242.567,1.75,0.333,0.1,120.0,72.0,0.383,48.0,1,Successful
PO6574,PO6574,1,PR771,1,Supplier26,1,GRN1366,1,Invoice6026,1,Payment4864,2024-09-02 08:56:56+00:00,2024-09-17 13:04:56+00:00,364.133,1.817,0.8,0.767,48.0,72.0,0.75,240.0,0,Successful
PO3373,PO3373,6,PR101;PR42;PR772;PR773;PR900;PR979,1,Supplier27,1,GRN184,1,Invoice9523,2,Payment2681;Payment689,2024-09-02 08:15:56+00:00,2024-09-17 10:36:56+00:00,362.35,1.1,0.05,0.7,120.0,24.0,0.5,216.0,1,Successful
PO5792,PO5792,4,PR532;PR553;PR717;PR773,1,Supplier48,1,GRN8935,1,Invoice5118,1,Payment116,2024-09-02 08:07:56+00:00,2024-09-18 11:30:56+00:00,387.383,1.7,0.433,0.317,72.0,72.0,0.933,240.0,0,Successful
PO4044,PO4044,6,PR153;PR260;PR696;PR766;PR774;PR908,1,Supplier26,1,GRN4439,1,Invoice4615,1,Payment627,2024-09-02 08:06:54+00:00,2024-09-15 11:40:56+00:00,315.567,1.967,0.6,0.6,48.0,24.0,0.4,240.0,0,Successful
PO1899,PO1899,6,PR129;PR488;PR56;PR686;PR775;PR831,1,Supplier7,1,GRN8608,1,Invoice1801,1,Payment7295,2024-09-02 08:20:56+00:00,2024-09-09 11:18:56+00:00,170.967,1.283,0.95,0.167,72.0,48.0,0.567,48.0,1,Successful
PO334,PO334,1,PR777,1,Supplier21,1,GRN5808,1,Invoice6068,1,Payment7183,2024-09-02 08:11:56+00:00,2024-09-07 10:23:56+00:00,122.2,1.35,0.483,0.2,24.0,48.0,0.167,48.0,0,Successful
PO8271,PO8271,2,PR778;PR941,1,Supplier26,1,GRN1715,1,Invoice1346,1,Payment46,2024-09-02 08:51:56+00:00,2024-09-09 12:19:56+00:00,171.467,1.2,0.533,0.983,72.0,48.0,0.75,48.0,0,Successful
PO6485,PO6485,5,PR261;PR540;PR780;PR817;PR837,1,Supplier47,1,GRN8547,1,Invoice2156,1,Payment4424,2024-09-02 08:07:55+00:00,2024-09-07 10:03:56+00:00,121.934,1.034,0.533,0.183,24.0,48.0,0.183,48.0,0,Successful
PO7649,PO7649,4,PR273;PR299;PR743;PR781,1,Supplier41,1,GRN7751,1,Invoice1677,1,Payment903,2024-09-02 08:14:56+00:00,2024-09-14 10:01:56+00:00,289.783,1.2,0.15,0.283,120.0,72.0,0.15,96.0,0,Successful
PO9250,PO9250,4,PR192;PR34;PR585;PR782,1,Supplier10,1,GRN7491,1,Invoice6772,1,Payment7465,2024-09-02 08:10:56+00:00,2024-09-15 10:19:56+00:00,314.15,1.133,0.05,0.6,96.0,24.0,0.367,192.0,0,Successful
PO5381,PO5381,5,PR5;PR647;PR783;PR808;PR899,1,Supplier43,1,GRN3287,1,Invoice1741,1,Payment9300,2024-09-02 08:05:56+00:00,2024-09-20 11:30:56+00:00,435.417,1.417,0.983,0.45,120.0,72.0,0.567,240.0,0,Successful
PO6133,PO6133,1,PR784,1,Supplier41,1,GRN5629,1,Invoice9311,1,Payment4305,2024-09-02 08:19:56+00:00,2024-09-09 10:32:56+00:00,170.217,0.183,0.933,0.75,96.0,48.0,0.35,24.0,0,Successful
PO6527,PO6527,1,PR785,1,Supplier16,1,GRN7148,1,Invoice2132,1,Payment4030,2024-09-02 08:52:56+00:00,2024-09-11 11:46:56+00:00,218.9,0.95,0.583,0.967,72.0,48.0,0.4,96.0,0,Successful
PO8575,PO8575,5,PR186;PR329;PR486;PR786;PR915,1,Supplier13,1,GRN5367,1,Invoice4222,1,Payment9573,2024-09-02 08:07:57+00:00,2024-09-13 11:14:56+00:00,267.116,0.783,0.45,0.933,72.0,48.0,0.95,144.0,0,Successful
PO9305,PO9305,2,PR375;PR787,1,Supplier41,1,GRN4739,1,Invoice3727,1,Payment4567,2024-09-02 08:53:54+00:00,2024-09-12 10:05:56+00:00,241.201,0.467,0.083,0.417,48.0,24.0,0.233,168.0,0,Mismatch
PO5523,PO5523,2,PR113;PR788,1,Supplier7,1,GRN4732,1,Invoice9352,1,Payment8313,2024-09-02 08:40:53+00:00,2024-09-16 11:43:56+00:00,339.051,0.818,0.483,0.833,72.0,24.0,0.917,240.0,0,Successful
PO1435,PO1435,5,PR657;PR684;PR778;PR789;PR928,1,Supplier41,1,GRN9480,1,Invoice3799,1,Payment3059,2024-09-02 08:13:56+00:00,2024-09-12 11:53:56+00:00,243.667,1.683,0.65,0.383,120.0,72.0,0.95,48.0,2,Successful
PO3790,PO3790,1,PR790,1,Supplier3,1,GRN5556,1,Invoice5640,1,Payment3143,2024-09-02 08:53:56+00:00,2024-09-07 10:56:56+00:00,122.05,0.85,0.8,0.15,72.0,24.0,0.25,24.0,0,Successful
PO886,PO886,1,PR791,1,Supplier47,1,GRN6870,1,Invoice5346,1,Payment9714,2024-09-02 08:41:56+00:00,2024-09-18 11:09:56+00:00,386.467,0.883,0.05,0.583,96.0,48.0,0.95,240.0,0,Successful
PO5104,PO5104,1,PR792,1,Supplier22,1,GRN1508,1,Invoice755,2,Payment2107;Payment9748,2024-09-02 08:47:56+00:00,2024-09-14 10:13:54+00:00,289.433,0.6,0.083,0.25,96.0,48.0,0.85,143.649,0,Successful
PO7105,PO7105,1,PR793,1,Supplier37,1,GRN7955,1,Invoice6447,1,Payment8593,2024-09-02 08:47:56+00:00,2024-09-10 11:18:56+00:00,194.517,0.583,0.967,0.8,120.0,24.0,0.167,48.0,0,Successful
PO3519,PO3519,1,PR794,1,Supplier34,1,GRN8199,1,Invoice4284,1,Payment6305,2024-09-02 08:39:56+00:00,2024-09-15 10:20:56+00:00,313.683,0.883,0.25,0.083,96.0,48.0,0.467,168.0,0,Successful
PO7371,PO7371,3,PR199;PR426;PR797,1,Supplier38,1,GRN5340,1,Invoice3902,1,Payment9490,2024-09-02 08:18:55+00:00,2024-09-08 11:15:56+00:00,146.95,1.167,0.75,0.483,72.0,24.0,0.55,48.0,0,Successful
PO3385,PO3385,4,PR266;PR799;PR983;PR999,1,Supplier30,1,GRN1140,1,Invoice5939,1,Payment1804,2024-09-02 08:07:54+00:00,2024-09-13 10:26:56+00:00,266.317,1.334,0.033,0.3,96.0,24.0,0.65,144.0,0,Successful
PO4324,PO4324,2,PR419;PR800,1,Supplier13,1,GRN6456,1,Invoice5464,1,Payment7113,2024-09-02 08:32:56+00:00,2024-09-17 10:49:56+00:00,362.283,1.1,0.917,0.033,72.0,72.0,0.233,216.0,0,Successful
PO4730,PO4730,5,PR1;PR228;PR363;PR512;PR801,1,Supplier39,1,GRN280,1,Invoice5030,1,Payment5500,2024-09-02 08:10:53+00:00,2024-09-08 12:21:56+00:00,148.184,1.884,0.567,0.817,72.0,24.0,0.917,48.0,1,Successful
PO859,PO859,1,PR802,1,Supplier7,1,GRN8585,1,Invoice9038,1,Payment257,2024-09-02 08:26:56+00:00,2024-09-11 10:54:56+00:00,218.467,0.867,0.1,0.883,48.0,48.0,0.617,120.0,0,Successful
PO9675,PO9675,5,PR175;PR369;PR415;PR725;PR803,1,Supplier10,1,GRN1504,1,Invoice4326,1,Payment8959,2024-09-02 08:09:54+00:00,2024-09-12 10:26:56+00:00,242.284,1.301,0.017,0.133,72.0,24.0,0.833,144.0,0,Successful
PO3601,PO3601,1,PR804,1,Supplier7,1,GRN1231,1,Invoice4694,1,Payment1192,2024-09-02 08:16:56+00:00,2024-09-06 11:08:56+00:00,98.867,0.717,0.833,0.5,24.0,24.0,0.817,48.0,0,Successful
PO5396,PO5396,8,PR138;PR18;PR248;PR406;PR425;PR518;PR805;PR899,2,Supplier17;Supplier40,2,GRN2748;GRN4685,2,Invoice578;Invoice5968,2,Payment2886;Payment8275,2024-09-02 08:05:54+00:00,2024-09-08 10:49:56+00:00,146.734,1.184,0.75,0.217,48.0,72.0,0.583,24.0,0,Successful
PO6831,PO6831,4,PR122;PR229;PR40;PR807,1,Supplier27,1,GRN5662,1,Invoice1549,1,Payment5391,2024-09-02 08:24:56+00:00,2024-09-14 10:08:56+00:00,289.733,0.9,0.45,0.2,120.0,48.0,0.183,120.0,2,Successful
PO6690,PO6690,1,PR808,1,Supplier44,1,GRN7598,1,Invoice4627,1,Payment5890,2024-09-02 08:50:56+00:00,2024-09-13 11:19:56+00:00,266.483,1.5,0.283,0.583,24.0,72.0,0.117,168.0,0,Mismatch
PO3912,PO3912,1,PR809,1,Supplier32,1,GRN6864,1,Invoice1934,1,Payment7647,2024-09-02 08:24:56+00:00,2024-09-11 11:11:56+00:00,218.783,0.517,0.567,0.867,72.0,72.0,0.833,72.0,0,Successful
PO5927,PO5927,6,PR366;PR610;PR643;PR785;PR810;PR846,1,Supplier25,1,GRN8822,1,Invoice3574,1,Payment4475,2024-09-02 08:21:55+00:00,2024-09-13 10:33:56+00:00,266.2,0.584,1.0,0.05,72.0,72.0,0.567,120.0,0,Successful
PO1318,PO1318,3,PR574;PR811;PR845,1,Supplier49,1,GRN3829,1,Invoice7715,1,Payment8840,2024-09-02 08:30:56+00:00,2024-09-14 11:10:56+00:00,290.667,1.2,0.45,0.917,120.0,72.0,0.1,96.0,0,Successful
PO353,PO353,2,PR428;PR812,1,Supplier34,1,GRN9306,1,Invoice7523,1,Payment7432,2024-09-02 08:15:55+00:00,2024-09-14 10:21:56+00:00,290.1,0.584,0.667,0.333,72.0,72.0,0.517,144.0,0,Successful
PO5318,PO5318,1,PR813,1,Supplier4,1,GRN3179,1,Invoice7026,1,Payment56,2024-09-02 08:15:56+00:00,2024-09-11 10:58:56+00:00,218.717,1.033,0.8,0.667,48.0,48.0,0.217,120.0,0,Successful
PO9232,PO9232,6,PR176;PR222;PR450;PR506;PR73;PR814,1,Supplier50,1,GRN5993,1,Invoice3866,1,Payment9194,2024-09-02 08:27:55+00:00,2024-09-11 10:11:56+00:00,217.734,0.75,0.25,0.283,96.0,24.0,0.45,96.0,1,Successful
PO2386,PO2386,1,PR815,1,Supplier1,1,GRN2769,1,Invoice178,1,Payment3263,2024-09-02 08:57:56+00:00,2024-09-07 11:25:56+00:00,122.467,1.383,0.067,0.583,48.0,24.0,0.433,48.0,0,Successful
PO7332,PO7332,1,PR817,1,Supplier34,1,GRN4163,1,Invoice3642,1,Payment778,2024-09-02 09:01:56+00:00,2024-09-13 12:05:56+00:00,267.067,1.433,0.917,0.35,48.0,48.0,0.367,168.0,0,Successful
PO6857,PO6857,4,PR813;PR819;PR820;PR989,1,Supplier37,1,GRN9312,1,Invoice366,1,Payment5102,2024-09-02 08:10:57+00:00,2024-09-11 10:54:56+00:00,218.733,1.166,0.683,0.517,96.0,48.0,0.367,72.0,0,Successful
PO5385,PO5385,3,PR424;PR820;PR956,1,Supplier25,1,GRN7982,1,Invoice1764,1,Payment283,2024-09-02 08:17:57+00:00,2024-09-19 10:24:56+00:00,410.116,1.266,0.017,0.6,96.0,72.0,0.233,240.0,0,Successful
PO2790,PO2790,1,PR821,1,Supplier28,1,GRN2740,1,Invoice8121,1,Payment1622,2024-09-02 08:15:56+00:00,2024-09-11 11:02:56+00:00,218.783,0.9,0.75,0.783,48.0,48.0,0.35,120.0,0,Successful
PO2483,PO2483,3,PR143;PR771;PR822,1,Supplier35,1,GRN9004,1,Invoice1111,1,Payment759,2024-09-02 08:11:56+00:00,2024-09-15 10:13:56+00:00,314.033,0.583,0.9,0.5,24.0,48.0,0.05,240.0,0,Successful
PO8447,PO8447,1,PR823,1,Supplier9,1,GRN5794,1,Invoice1317,1,Payment3285,2024-09-02 08:39:56+00:00,2024-09-16 10:52:56+00:00,338.217,1.233,0.65,0.05,120.0,24.0,0.283,192.0,0,Successful
PO3564,PO3564,2,PR332;PR825,1,Supplier22,1,GRN3392,1,Invoice2453,2,Payment7815;Payment8389,2024-09-02 08:34:54+00:00,2024-09-09 11:02:56+00:00,170.467,0.984,0.433,0.05,48.0,24.0,1.0,96.0,0,Successful
PO996,PO996,4,PR174;PR732;PR827;PR88,1,Supplier30,1,GRN9338,1,Invoice9550,1,Payment6169,2024-09-02 08:17:53+00:00,2024-09-17 10:20:56+00:00,362.051,1.367,0.25,0.283,120.0,72.0,0.15,168.0,0,Successful
PO6351,PO6351,2,PR369;PR828,1,Supplier10,1,GRN3318,1,Invoice8843,1,Payment4034,2024-09-02 08:09:54+00:00,2024-09-14 10:57:56+00:00,290.801,1.417,0.617,0.633,96.0,48.0,0.133,144.0,0,Successful
PO6563,PO6563,5,PR239;PR491;PR689;PR691;PR829,1,Supplier15,1,GRN537,1,Invoice4101,1,Payment890,2024-09-02 08:05:56+00:00,2024-09-09 11:00:56+00:00,170.917,1.25,0.9,0.35,24.0,48.0,0.417,96.0,0,Successful
PO2808,PO2808,4,PR176;PR349;PR569;PR831,1,Supplier31,1,GRN8721,1,Invoice3417,1,Payment143,2024-09-02 08:20:56+00:00,2024-09-13 11:33:56+00:00,267.217,1.3,0.883,0.867,96.0,48.0,0.167,120.0,0,Successful
PO5307,PO5307,1,PR832,1,Supplier37,1,GRN6313,1,Invoice7341,1,Payment7204,2024-09-02 08:34:56+00:00,2024-09-13 11:05:56+00:00,266.517,1.25,0.25,0.433,72.0,24.0,0.583,168.0,0,Successful
PO9299,PO9299,6,PR270;PR326;PR385;PR598;PR833;PR862,1,Supplier16,1,GRN8129,1,Invoice7593,1,Payment4617,2024-09-02 08:14:57+00:00,2024-09-18 12:23:56+00:00,388.15,2.333,0.85,0.267,120.0,48.0,0.7,216.0,1,Successful
PO1805,PO1805,1,PR834,1,Supplier45,1,GRN247,1,Invoice8720,1,Payment7269,2024-09-02 08:59:56+00:00,2024-09-06 11:27:56+00:00,98.467,0.867,1.0,0.233,24.0,24.0,0.367,48.0,0,Successful
PO1890,PO1890,5,PR571;PR72;PR729;PR807;PR835,1,Supplier42,1,GRN6866,1,Invoice4420,1,Payment5011,2024-09-02 08:05:53+00:00,2024-09-12 11:00:56+00:00,242.917,1.101,0.933,0.5,48.0,48.0,0.383,144.0,1,Successful
PO9291,PO9291,1,PR836,1,Supplier49,1,GRN414,1,Invoice6042,1,Payment1711,2024-09-02 08:12:57+00:00,2024-09-14 10:34:57+00:00,290.367,0.567,0.833,0.383,48.0,48.0,0.583,192.0,0,Successful
PO6264,PO6264,5,PR390;PR592;PR822;PR837;PR838,1,Supplier8,1,GRN682,1,Invoice4457,1,Payment1268,2024-09-02 08:06:57+00:00,2024-09-14 10:10:57+00:00,290.067,1.183,0.4,0.033,96.0,48.0,0.45,144.0,0,Successful
PO1284,PO1284,1,PR838,1,Supplier50,1,GRN926,1,Invoice7105,1,Payment7701,2024-09-02 08:06:57+00:00,2024-09-10 10:52:57+00:00,194.767,1.617,0.05,0.567,72.0,72.0,0.533,48.0,0,Successful
PO8885,PO8885,2,PR522;PR839,1,Supplier15,1,GRN6626,1,Invoice3713,1,Payment379,2024-09-02 08:18:55+00:00,2024-09-13 11:13:57+00:00,266.917,1.001,0.533,0.983,24.0,72.0,0.4,168.0,0,Successful
PO662,PO662,1,PR840,1,Supplier18,1,GRN1779,1,Invoice1887,1,Payment882,2024-09-02 08:56:57+00:00,2024-09-09 11:07:57+00:00,170.183,0.883,0.717,0.417,24.0,72.0,0.167,72.0,0,Successful
PO472,PO472,1,PR841,1,Supplier22,1,GRN8162,1,Invoice4302,1,Payment2496,2024-09-02 08:38:57+00:00,2024-09-09 11:48:57+00:00,171.167,1.05,0.683,0.433,96.0,24.0,1.0,48.0,0,Successful
PO937,PO937,5,PR143;PR155;PR333;PR842;PR938,1,Supplier10,1,GRN5359,1,Invoice5117,1,Payment2626,2024-09-02 08:09:57+00:00,2024-09-08 11:51:57+00:00,147.7,1.767,0.3,0.933,48.0,24.0,0.7,72.0,0,Successful
PO9352,PO9352,2,PR843;PR888,1,Supplier1,1,GRN8105,1,Invoice2153,1,Payment3621,2024-09-02 08:08:57+00:00,2024-09-16 11:28:57+00:00,339.333,1.417,0.9,0.067,120.0,72.0,0.95,144.0,0,Successful
PO3975,PO3975,3,PR248;PR844;PR940,1,Supplier43,1,GRN5917,1,Invoice1362,1,Payment2194,2024-09-02 08:05:54+00:00,2024-09-14 10:49:57+00:00,290.734,0.584,0.867,1.0,96.0,48.0,0.283,144.0,0,Successful
PO6577,PO6577,3,PR118;PR627;PR845,1,Supplier6,1,GRN184,1,Invoice9418,1,Payment6079,2024-09-02 08:08:56+00:00,2024-09-12 10:44:57+00:00,242.6,1.5,0.35,0.633,120.0,72.0,0.117,48.0,0,Successful
PO4581,PO4581,2,PR487;PR846,1,Supplier45,1,GRN6750,1,Invoice7088,1,Payment3777,2024-09-02 08:35:57+00:00,2024-09-10 11:47:57+00:00,195.2,0.733,0.633,0.85,96.0,48.0,0.983,48.0,0,Successful
PO839,PO839,4,PR358;PR774;PR798;PR847,1,Supplier22,1,GRN9606,1,Invoice3790,1,Payment7790,2024-09-02 08:11:57+00:00,2024-09-07 10:12:57+00:00,122.017,0.367,0.867,0.183,24.0,72.0,0.6,24.0,2,Successful
PO4410,PO4410,6,PR115;PR49;PR722;PR849;PR859;PR934,1,Supplier24,1,GRN4600,1,Invoice7622,1,Payment7061,2024-09-02 08:13:56+00:00,2024-09-15 11:56:57+00:00,315.717,1.617,0.717,0.667,72.0,24.0,0.717,216.0,0,Successful
PO1173,PO1173,1,PR850,1,Supplier1,1,GRN1844,1,Invoice8919,1,Payment3247,2024-09-02 08:27:57+00:00,2024-09-11 11:04:57+00:00,218.617,1.25,0.167,0.917,96.0,24.0,0.283,96.0,0,Successful
PO4528,PO4528,1,PR851,1,Supplier13,1,GRN106,1,Invoice1359,1,Payment1006,2024-09-02 08:42:57+00:00,2024-09-13 11:36:57+00:00,266.9,0.6,0.95,1.0,24.0,48.0,0.35,192.0,0,Successful
PO2178,PO2178,1,PR852,1,Supplier11,1,GRN6288,1,Invoice1110,1,Payment7132,2024-09-02 08:16:57+00:00,2024-09-11 10:50:57+00:00,218.567,0.583,0.283,0.7,24.0,48.0,1.0,144.0,0,Successful
PO1663,PO1663,1,PR853,1,Supplier5,1,GRN4755,1,Invoice2352,1,Payment3940,2024-09-02 08:33:57+00:00,2024-09-13 10:03:57+00:00,265.5,0.35,0.283,0.617,72.0,72.0,0.25,120.0,0,Successful
PO4264,PO4264,1,PR854,1,Supplier44,1,GRN9579,1,Invoice6280,1,Payment3543,2024-09-02 08:16:57+00:00,2024-09-10 11:24:57+00:00,195.133,0.917,0.933,0.633,48.0,24.0,0.65,120.0,0,Successful
PO3450,PO3450,6,PR591;PR692;PR778;PR812;PR855;PR973,1,Supplier30,1,GRN4040,1,Invoice6853,1,Payment6742,2024-09-02 08:20:56+00:00,2024-09-11 11:20:57+00:00,219.0,1.1,0.7,0.817,120.0,24.0,0.383,72.0,1,Successful
PO4436,PO4436,1,PR856,1,Supplier14,1,GRN451,1,Invoice2543,1,Payment3221,2024-09-02 08:58:57+00:00,2024-09-10 11:26:57+00:00,194.467,1.0,0.367,0.683,120.0,24.0,0.417,48.0,0,Successful
PO3981,PO3981,5,PR211;PR435;PR798;PR857;PR865,1,Supplier43,1,GRN7635,1,Invoice5894,1,Payment1688,2024-09-02 08:14:57+00:00,2024-09-15 12:14:57+00:00,316.0,2.017,1.0,0.1,120.0,48.0,0.883,144.0,1,Successful
PO2703,PO2703,2,PR64;PR858,1,Supplier33,1,GRN7500,1,Invoice9762,1,Payment8671,2024-09-02 08:53:57+00:00,2024-09-17 11:06:57+00:00,362.217,0.633,0.6,0.55,120.0,72.0,0.433,168.0,0,Successful
PO6645,PO6645,1,PR859,1,Supplier41,1,GRN8363,1,Invoice2949,1,Payment4861,2024-09-02 08:38:57+00:00,2024-09-09 11:17:57+00:00,170.65,1.767,0.75,0.017,48.0,24.0,0.117,96.0,0,Successful
PO7165,PO7165,5,PR476;PR701;PR740;PR860;PR924,1,Supplier44,1,GRN4173,1,Invoice1444,1,Payment7626,2024-09-02 08:22:56+00:00,2024-09-16 11:58:57+00:00,339.6,1.7,0.767,0.6,96.0,48.0,0.533,192.0,0,Successful
PO5448,PO5448,1,PR864,1,Supplier23,1,GRN5376,1,Invoice3045,1,Payment5812,2024-09-02 08:21:57+00:00,2024-09-14 10:32:57+00:00,290.183,0.917,0.033,0.7,96.0,24.0,0.533,168.0,0,Successful
PO586,PO586,2,PR865;PR870,2,Supplier13;Supplier25,2,GRN4051;GRN6128,2,Invoice4746;Invoice9005,2,Payment2443;Payment4583,2024-09-02 08:14:57+00:00,2024-09-13 10:03:57+00:00,265.817,0.183,0.133,0.7,48.0,72.0,0.8,144.0,0,Successful
PO742,PO742,3,PR267;PR751;PR866,1,Supplier47,1,GRN8853,1,Invoice7559,1,Payment495,2024-09-02 08:14:57+00:00,2024-09-14 10:06:57+00:00,289.867,0.683,0.183,0.1,120.0,72.0,0.9,96.0,0,Successful
PO1978,PO1978,1,PR868,1,Supplier33,1,GRN1718,1,Invoice5645,1,Payment1568,2024-09-02 08:29:57+00:00,2024-09-10 11:06:57+00:00,194.617,1.017,0.45,0.617,120.0,48.0,0.533,24.0,0,Successful
PO9874,PO9874,5,PR12;PR124;PR569;PR869;PR882,1,Supplier33,1,GRN5622,1,Invoice793,1,Payment7200,2024-09-02 08:21:55+00:00,2024-09-05 11:03:57+00:00,74.701,1.251,0.733,0.5,24.0,24.0,0.217,24.0,0,Mismatch
PO4772,PO4772,1,PR871,1,Supplier28,1,GRN3341,1,Invoice5069,1,Payment6503,2024-09-02 08:22:57+00:00,2024-09-14 10:59:57+00:00,290.617,1.35,0.283,0.517,96.0,48.0,0.467,144.0,0,Mismatch
PO4208,PO4208,1,PR872,1,Supplier19,1,GRN3442,1,Invoice4176,1,Payment1454,2024-09-02 08:59:57+00:00,2024-09-17 11:37:57+00:00,362.633,1.8,0.783,0.033,96.0,48.0,0.017,216.0,0,Successful
PO9477,PO9477,2,PR873;PR883,1,Supplier10,1,GRN3833,1,Invoice4104,1,Payment4470,2024-09-02 08:23:57+00:00,2024-09-19 11:42:57+00:00,411.317,1.367,0.983,0.15,120.0,72.0,0.817,216.0,1,Successful
PO9138,PO9138,4,PR408;PR562;PR789;PR874,1,Supplier49,1,GRN6258,1,Invoice457,1,Payment8138,2024-09-02 08:29:57+00:00,2024-09-14 10:30:57+00:00,290.017,1.333,0.05,0.067,24.0,72.0,0.567,192.0,0,Successful
PO6157,PO6157,5,PR231;PR534;PR563;PR718;PR875,1,Supplier24,1,GRN8962,1,Invoice7077,1,Payment9036,2024-09-02 08:16:55+00:00,2024-09-11 09:53:57+00:00,217.617,1.034,0.033,0.367,24.0,24.0,0.183,168.0,1,Mismatch
PO6208,PO6208,3,PR234;PR709;PR876,1,Supplier11,1,GRN5516,1,Invoice747,1,Payment7788,2024-09-02 08:40:57+00:00,2024-09-06 11:20:57+00:00,98.667,0.967,0.25,0.717,24.0,48.0,0.733,24.0,1,Mismatch
PO8783,PO8783,5,PR853;PR858;PR878;PR944;PR973,1,Supplier44,1,GRN2067,1,Invoice1347,1,Payment1440,2024-09-02 08:18:57+00:00,2024-09-07 11:35:57+00:00,123.283,1.333,0.85,0.3,48.0,24.0,0.8,48.0,1,Successful
PO8632,PO8632,6,PR142;PR292;PR714;PR748;PR834;PR879,1,Supplier38,1,GRN9167,1,Invoice3736,1,Payment4908,2024-09-02 08:13:53+00:00,2024-09-12 10:08:57+00:00,241.918,0.701,0.383,0.683,72.0,24.0,0.15,144.0,0,Successful
PO9032,PO9032,2,PR880;PR989,1,Supplier32,1,GRN9788,1,Invoice2626,1,Payment4595,2024-09-02 08:10:57+00:00,2024-09-08 10:07:57+00:00,145.95,1.133,0.1,0.033,48.0,48.0,0.683,48.0,0,Mismatch
PO4501,PO4501,3,PR508;PR547;PR881,1,Supplier6,1,GRN9510,1,Invoice8640,1,Payment793,2024-09-02 08:30:57+00:00,2024-09-19 11:31:57+00:00,411.017,1.433,0.317,0.85,120.0,48.0,0.417,240.0,0,Successful
PO9803,PO9803,1,PR882,1,Supplier42,1,GRN7285,1,Invoice6744,1,Payment2283,2024-09-02 08:35:57+00:00,2024-09-17 10:28:57+00:00,361.883,1.15,0.067,0.5,120.0,24.0,0.167,216.0,0,Successful
PO1748,PO1748,1,PR884,1,Supplier2,1,GRN9562,1,Invoice3927,1,Payment2817,2024-09-02 08:50:57+00:00,2024-09-15 11:58:57+00:00,315.133,1.2,0.25,0.683,96.0,24.0,1.0,192.0,0,Successful
PO4659,PO4659,1,PR885,1,Supplier20,1,GRN6555,1,Invoice7551,2,Payment4609;Payment5409,2024-09-02 08:23:57+00:00,2024-09-09 09:45:55+00:00,169.366,0.233,0.867,0.983,72.0,24.0,0.3,70.983,0,Successful
PO9584,PO9584,3,PR192;PR887;PR918,1,Supplier23,1,GRN8283,1,Invoice7752,1,Payment9950,2024-09-02 08:04:57+00:00,2024-09-10 10:12:57+00:00,194.133,1.417,0.217,0.317,120.0,48.0,0.183,24.0,0,Mismatch
PO1095,PO1095,1,PR888,1,Supplier2,1,GRN8216,1,Invoice9965,1,Payment2739,2024-09-02 08:08:57+00:00,2024-09-10 11:05:57+00:00,194.95,1.533,0.883,0.517,96.0,48.0,0.017,48.0,0,Successful
PO730,PO730,1,PR889,1,Supplier37,1,GRN2219,1,Invoice151,1,Payment6495,2024-09-02 08:10:57+00:00,2024-09-14 10:36:57+00:00,290.433,1.167,0.717,0.183,48.0,48.0,0.367,192.0,0,Successful
PO6998,PO6998,1,PR890,1,Supplier29,1,GRN8117,1,Invoice4501,1,Payment3091,2024-09-02 08:31:57+00:00,2024-09-08 10:52:57+00:00,146.35,1.417,0.317,0.517,96.0,24.0,0.1,24.0,0,Successful
PO8428,PO8428,4,PR533;PR724;PR890;PR891,1,Supplier30,1,GRN8231,1,Invoice3801,2,Payment3054;Payment3352,2024-09-02 08:12:56+00:00,2024-09-11 10:53:54+00:00,218.683,1.6,0.933,0.9,120.0,24.0,0.433,70.816,0,Successful
PO6636,PO6636,1,PR892,1,Supplier27,1,GRN7637,1,Invoice3534,1,Payment3107,2024-09-02 08:29:57+00:00,2024-09-11 11:14:57+00:00,218.75,1.2,0.567,0.217,120.0,72.0,0.767,24.0,0,Successful
PO6378,PO6378,1,PR893,1,Supplier41,1,GRN4153,1,Invoice4421,1,Payment2894,2024-09-02 08:50:57+00:00,2024-09-14 10:54:57+00:00,290.067,1.183,0.117,0.283,24.0,72.0,0.483,192.0,0,Successful
PO482,PO482,1,PR894,1,Supplier33,1,GRN1360,1,Invoice9040,1,Payment9047,2024-09-02 08:59:57+00:00,2024-09-14 12:08:57+00:00,291.15,1.05,0.983,1.0,96.0,48.0,0.117,144.0,0,Successful
PO8448,PO8448,1,PR895,1,Supplier37,1,GRN7920,1,Invoice3934,1,Payment4136,2024-09-02 08:29:57+00:00,2024-09-11 11:38:57+00:00,219.15,1.2,0.05,0.9,24.0,24.0,1.0,168.0,0,Successful
PO411,PO411,5,PR552;PR558;PR806;PR896;PR903,1,Supplier6,1,GRN656,1,Invoice7868,1,Payment6341,2024-09-02 08:05:57+00:00,2024-09-16 09:42:57+00:00,337.617,1.1,0.25,0.25,48.0,48.0,0.017,240.0,1,Successful
PO4251,PO4251,5,PR306;PR436;PR446;PR897;PR915,1,Supplier5,1,GRN8266,1,Invoice8680,1,Payment9469,2024-09-02 08:07:57+00:00,2024-09-14 13:03:57+00:00,292.933,2.817,1.0,0.35,96.0,24.0,0.767,168.0,0,Successful
PO2814,PO2814,1,PR898,1,Supplier41,1,GRN8220,1,Invoice3152,1,Payment7998,2024-09-02 08:15:57+00:00,2024-09-16 10:19:57+00:00,338.067,1.083,0.267,0.517,120.0,48.0,0.2,168.0,0,Successful
PO7148,PO7148,4,PR65;PR757;PR776;PR900,1,Supplier19,1,GRN9895,1,Invoice4311,1,Payment2006,2024-09-02 08:15:56+00:00,2024-09-09 11:06:57+00:00,170.85,1.734,0.517,0.017,24.0,48.0,0.583,96.0,0,Mismatch
PO4835,PO4835,6,PR119;PR288;PR541;PR628;PR63;PR901,1,Supplier46,1,GRN8575,1,Invoice9644,1,Payment6439,2024-09-02 08:04:53+00:00,2024-09-12 10:54:57+00:00,242.834,1.684,0.65,0.283,96.0,72.0,0.217,72.0,0,Successful
PO7511,PO7511,6,PR526;PR604;PR644;PR693;PR790;PR902,1,Supplier34,1,GRN323,1,Invoice2663,1,Payment7471,2024-09-02 08:08:56+00:00,2024-09-15 10:23:57+00:00,314.25,1.85,0.317,0.05,72.0,72.0,0.033,168.0,0,Successful
PO4177,PO4177,1,PR903,1,Supplier22,1,GRN8711,1,Invoice2171,2,Payment5027;Payment8076,2024-09-02 08:05:57+00:00,2024-09-07 11:19:55+00:00,123.233,1.1,0.633,0.25,48.0,48.0,0.317,24.933,0,Successful
PO9948,PO9948,5,PR171;PR487;PR900;PR904;PR925,1,Supplier35,1,GRN1059,1,Invoice9431,1,Payment3092,2024-09-02 08:25:57+00:00,2024-09-10 11:14:57+00:00,194.817,1.4,0.567,0.15,120.0,48.0,0.7,24.0,0,Successful
PO6597,PO6597,1,PR905,1,Supplier16,1,GRN959,1,Invoice6475,1,Payment2010,2024-09-02 08:27:57+00:00,2024-09-11 12:15:57+00:00,219.8,1.1,0.933,1.0,24.0,48.0,0.767,144.0,0,Successful
PO7230,PO7230,2,PR735;PR907,1,Supplier17,1,GRN5021,1,Invoice2518,1,Payment9766,2024-09-02 08:28:57+00:00,2024-09-11 11:50:57+00:00,219.367,1.15,0.817,0.85,24.0,24.0,0.55,168.0,1,Successful
PO3543,PO3543,4,PR489;PR557;PR908;PR920,1,Supplier44,1,GRN4207,1,Invoice2494,1,Payment3891,2024-09-02 08:32:55+00:00,2024-09-18 11:43:57+00:00,387.184,1.601,0.767,0.733,96.0,48.0,0.083,240.0,1,Successful
PO6361,PO6361,7,PR107;PR201;PR302;PR642;PR859;PR909;PR962,2,Supplier16;Supplier44,2,GRN269;GRN3058,2,Invoice1151;Invoice3583,2,Payment6849;Payment7660,2024-09-02 08:07:57+00:00,2024-09-09 10:39:57+00:00,170.533,0.933,0.1,0.1,24.0,72.0,0.517,72.883,1,Successful
PO8726,PO8726,5,PR453;PR464;PR846;PR880;PR910,1,Supplier19,1,GRN867,1,Invoice82,1,Payment1523,2024-09-02 08:11:55+00:00,2024-09-14 10:44:57+00:00,290.551,1.484,0.65,0.117,48.0,48.0,0.3,192.0,0,Successful
PO238,PO238,1,PR911,1,Supplier23,1,GRN8577,1,Invoice9907,1,Payment7021,2024-09-02 08:29:57+00:00,2024-09-12 11:29:57+00:00,243.0,1.3,0.233,0.85,120.0,72.0,0.617,48.0,0,Successful
PO800,PO800,1,PR912,1,Supplier36,1,GRN1275,1,Invoice7065,1,Payment866,2024-09-02 08:07:57+00:00,2024-09-11 10:49:57+00:00,218.7,1.1,0.533,0.933,120.0,24.0,0.133,72.0,0,Successful
PO5224,PO5224,6,PR127;PR236;PR63;PR804;PR828;PR913,1,Supplier40,1,GRN6643,1,Invoice2561,1,Payment4738,2024-09-02 08:04:53+00:00,2024-09-13 09:43:57+00:00,265.651,0.734,0.267,0.333,24.0,48.0,0.317,192.0,0,Successful
PO8426,PO8426,1,PR915,1,Supplier38,1,GRN1464,1,Invoice2453,2,Payment7815;Payment8389,2024-09-02 08:07:57+00:00,2024-09-09 11:02:56+00:00,170.916,0.783,0.583,0.483,120.0,48.0,0.2,0.866,0,Successful
PO1115,PO1115,1,PR916,1,Supplier46,1,GRN309,1,Invoice6168,1,Payment6402,2024-09-02 08:34:57+00:00,2024-09-15 11:37:57+00:00,315.05,1.483,0.683,0.633,72.0,24.0,0.25,216.0,0,Successful
PO539,PO539,2,PR338;PR918,1,Supplier28,1,GRN9487,1,Invoice5823,1,Payment67,2024-09-02 08:04:54+00:00,2024-09-09 09:38:57+00:00,169.567,0.901,0.083,0.367,72.0,72.0,0.217,24.0,1,Mismatch
PO6412,PO6412,3,PR372;PR920;PR928,1,Supplier32,1,GRN6440,1,Invoice300,2,Payment4614;Payment9285,2024-09-02 08:25:57+00:00,2024-09-09 11:42:53+00:00,171.282,1.617,0.433,0.5,24.0,72.0,0.233,72.499,0,Successful
PO3624,PO3624,1,PR921,1,Supplier16,1,GRN2099,1,Invoice5126,1,Payment7711,2024-09-02 08:24:57+00:00,2024-09-10 10:41:57+00:00,194.283,1.183,0.533,0.433,48.0,72.0,0.133,72.0,0,Successful
PO5550,PO5550,1,PR923,1,Supplier13,1,GRN3720,1,Invoice6163,1,Payment6294,2024-09-02 08:52:57+00:00,2024-09-15 12:05:57+00:00,315.217,1.75,0.65,0.617,48.0,48.0,0.2,216.0,0,Successful
PO6503,PO6503,1,PR924,1,Supplier41,1,GRN6597,1,Invoice4779,2,Payment2975;Payment5883,2024-09-02 08:40:57+00:00,2024-09-19 10:26:57+00:00,409.767,0.667,0.517,0.567,120.0,48.0,0.017,240.0,0,Successful
PO9996,PO9996,1,PR925,1,Supplier12,1,GRN1971,1,Invoice46,1,Payment1229,2024-09-02 08:34:57+00:00,2024-09-17 10:54:57+00:00,362.333,0.85,0.267,0.867,48.0,72.0,0.35,240.0,0,Successful
PO9139,PO9139,3,PR461;PR521;PR926,1,Supplier15,1,GRN6577,1,Invoice2986,1,Payment3436,2024-09-02 08:14:55+00:00,2024-09-16 10:42:57+00:00,338.467,0.567,0.9,0.15,120.0,48.0,0.85,168.0,0,Successful
PO521,PO521,1,PR928,1,Supplier26,1,GRN2999,1,Invoice7408,1,Payment1083,2024-09-02 08:25:57+00:00,2024-09-07 09:25:57+00:00,121.0,0.383,0.25,0.1,24.0,48.0,0.267,48.0,0,Successful
PO5049,PO5049,5,PR148;PR267;PR327;PR853;PR930,1,Supplier32,1,GRN4466,1,Invoice5707,1,Payment9353,2024-09-02 08:17:54+00:00,2024-09-06 12:06:57+00:00,99.817,1.468,0.95,0.95,48.0,24.0,0.45,24.0,0,Successful
PO2531,PO2531,1,PR931,1,Supplier25,1,GRN2384,1,Invoice9923,1,Payment585,2024-09-02 08:36:57+00:00,2024-09-15 10:45:57+00:00,314.15,0.517,0.167,0.833,96.0,72.0,0.633,144.0,0,Successful
PO1110,PO1110,5,PR451;PR563;PR593;PR883;PR932,1,Supplier41,1,GRN89,1,Invoice3962,2,Payment3240;Payment6214,2024-09-02 08:15:55+00:00,2024-09-06 10:11:57+00:00,97.934,0.934,0.483,0.417,24.0,24.0,0.1,48.0,1,Mismatch
PO1218,PO1218,1,PR933,1,Supplier20,1,GRN5269,1,Invoice9967,1,Payment599,2024-09-02 08:31:57+00:00,2024-09-14 10:32:57+00:00,290.017,0.5,0.133,0.65,24.0,72.0,0.733,192.0,0,Successful
PO5198,PO5198,1,PR934,1,Supplier24,1,GRN1329,1,Invoice2775,1,Payment4088,2024-09-02 08:47:57+00:00,2024-09-09 11:51:57+00:00,171.067,1.533,0.567,0.2,24.0,24.0,0.767,120.0,0,Successful
PO6193,PO6193,5,PR390;PR435;PR478;PR651;PR935,1,Supplier12,1,GRN5347,1,Invoice765,1,Payment4311,2024-09-02 08:18:57+00:00,2024-09-12 11:08:57+00:00,242.833,0.75,0.883,0.6,120.0,72.0,0.6,48.0,0,Successful
PO6683,PO6683,4,PR262;PR46;PR796;PR936,1,Supplier23,1,GRN6391,1,Invoice7266,1,Payment4523,2024-09-02 08:06:56+00:00,2024-09-11 12:08:57+00:00,220.034,1.717,0.783,0.6,120.0,48.0,0.933,48.0,0,Mismatch
PO6960,PO6960,1,PR937,1,Supplier2,1,GRN7749,1,Invoice6882,1,Payment5714,2024-09-02 08:14:57+00:00,2024-09-12 11:25:57+00:00,243.183,1.767,0.8,0.317,24.0,48.0,0.3,168.0,0,Successful
PO5896,PO5896,3,PR407;PR789;PR938,1,Supplier21,1,GRN1737,1,Invoice9054,1,Payment5945,2024-09-02 08:09:57+00:00,2024-09-15 11:27:57+00:00,315.3,1.067,0.75,0.517,120.0,24.0,0.967,168.0,1,Successful
PO3789,PO3789,4,PR370;PR63;PR854;PR939,1,Supplier49,1,GRN1791,1,Invoice5779,1,Payment8794,2024-09-02 08:04:53+00:00,2024-09-10 11:28:57+00:00,195.401,1.918,0.417,0.267,96.0,48.0,0.8,48.0,0,Successful
PO3215,PO3215,6,PR252;PR593;PR639;PR746;PR812;PR940,1,Supplier38,1,GRN3752,1,Invoice2008,1,Payment6493,2024-09-02 08:08:56+00:00,2024-09-11 11:10:57+00:00,219.034,2.317,0.067,0.467,120.0,48.0,0.183,48.0,0,Successful
PO8053,PO8053,1,PR941,1,Supplier39,1,GRN7194,1,Invoice6677,1,Payment6497,2024-09-02 08:59:57+00:00,2024-09-11 11:33:57+00:00,218.567,1.683,0.017,0.317,96.0,72.0,0.55,48.0,0,Successful
PO2155,PO2155,1,PR942,1,Supplier22,1,GRN2906,1,Invoice6233,1,Payment9557,2024-09-02 08:09:57+00:00,2024-09-12 11:36:57+00:00,243.45,1.067,0.817,0.8,24.0,48.0,0.767,168.0,0,Successful
PO9690,PO9690,1,PR943,1,Supplier27,1,GRN9983,1,Invoice2454,1,Payment1781,2024-09-02 08:12:57+00:00,2024-09-13 09:53:57+00:00,265.683,0.3,0.283,0.683,24.0,72.0,0.417,168.0,0,Successful
PO702,PO702,3,PR282;PR862;PR944,1,Supplier10,1,GRN7582,1,Invoice593,1,Payment114,2024-09-02 08:14:57+00:00,2024-09-14 10:52:57+00:00,290.633,0.883,0.183,0.983,48.0,24.0,0.583,216.0,1,Successful
PO5042,PO5042,1,PR945,1,Supplier13,1,GRN9486,1,Invoice2101,1,Payment2892,2024-09-02 08:52:57+00:00,2024-09-15 11:23:57+00:00,314.517,0.917,0.733,0.65,96.0,48.0,0.217,168.0,0,Successful
PO9420,PO9420,4,PR104;PR384;PR593;PR946,1,Supplier26,1,GRN1199,1,Invoice6999,1,Payment2124,2024-09-02 08:15:54+00:00,2024-09-10 10:28:57+00:00,194.218,1.351,0.017,0.1,48.0,24.0,0.75,120.0,0,Successful
PO244,PO244,4,PR316;PR945;PR947;PR976,1,Supplier36,1,GRN1132,1,Invoice7890,1,Payment4856,2024-09-02 08:04:54+00:00,2024-09-16 10:05:57+00:00,338.017,0.751,0.667,0.117,96.0,72.0,0.483,168.0,0,Successful
PO3229,PO3229,1,PR948,1,Supplier18,1,GRN8322,1,Invoice7632,1,Payment8682,2024-09-02 08:52:57+00:00,2024-09-16 11:11:57+00:00,338.317,0.883,0.783,0.483,96.0,24.0,0.167,216.0,0,Successful
PO4558,PO4558,3,PR81;PR849;PR949,1,Supplier20,1,GRN6571,1,Invoice2051,1,Payment2539,2024-09-02 08:18:53+00:00,2024-09-12 09:52:57+00:00,241.568,0.851,0.183,0.233,48.0,24.0,0.3,168.0,0,Mismatch
PO9966,PO9966,5,PR226;PR241;PR583;PR866;PR950,1,Supplier8,1,GRN2930,1,Invoice977,1,Payment1015,2024-09-02 08:10:54+00:00,2024-09-16 11:46:57+00:00,339.601,1.334,0.8,0.717,48.0,48.0,0.75,240.0,1,Successful
PO359,PO359,1,PR951,1,Supplier8,1,GRN6764,1,Invoice3913,1,Payment3899,2024-09-02 08:27:57+00:00,2024-09-13 11:18:57+00:00,266.85,1.717,0.467,0.233,72.0,24.0,0.433,168.0,0,Successful
PO5934,PO5934,3,PR270;PR446;PR952,1,Supplier4,1,GRN1998,1,Invoice7541,1,Payment6408,2024-09-02 08:08:55+00:00,2024-09-11 11:15:57+00:00,219.117,1.701,0.917,0.067,96.0,24.0,0.433,96.0,0,Successful
PO3502,PO3502,2,PR631;PR953,1,Supplier21,1,GRN1000,1,Invoice9901,1,Payment6446,2024-09-02 08:05:57+00:00,2024-09-15 09:54:57+00:00,313.817,0.933,0.05,0.317,72.0,72.0,0.517,168.0,0,Successful
PO8646,PO8646,1,PR954,1,Supplier29,1,GRN8125,1,Invoice5668,1,Payment8925,2024-09-02 08:34:57+00:00,2024-09-09 12:01:57+00:00,171.45,1.75,0.95,0.5,48.0,72.0,0.25,48.0,0,Successful
PO1423,PO1423,1,PR955,1,Supplier32,1,GRN6665,1,Invoice551,1,Payment8018,2024-09-02 08:49:57+00:00,2024-09-10 12:10:57+00:00,195.35,1.6,0.233,0.817,96.0,24.0,0.7,72.0,0,Successful
PO5167,PO5167,1,PR956,1,Supplier33,1,GRN4177,1,Invoice4591,1,Payment2337,2024-09-02 08:17:57+00:00,2024-09-09 10:18:57+00:00,170.017,0.417,0.333,0.967,48.0,48.0,0.3,72.0,0,Successful
PO5529,PO5529,5,PR281;PR350;PR538;PR857;PR957,1,Supplier13,1,GRN621,1,Invoice997,1,Payment5595,2024-09-02 08:19:54+00:00,2024-09-18 10:34:57+00:00,386.251,1.534,0.483,0.2,96.0,48.0,0.033,240.0,0,Successful
PO7179,PO7179,1,PR958,1,Supplier6,1,GRN9836,1,Invoice9568,1,Payment2954,2024-09-02 08:40:57+00:00,2024-09-19 11:53:57+00:00,411.217,1.033,0.45,0.917,96.0,72.0,0.817,240.0,0,Successful
PO2251,PO2251,1,PR959,1,Supplier34,1,GRN6811,1,Invoice6912,1,Payment8446,2024-09-02 08:15:57+00:00,2024-09-07 10:41:57+00:00,122.433,0.983,0.117,0.567,24.0,24.0,0.767,72.0,0,Successful
PO541,PO541,1,PR960,1,Supplier6,1,GRN3776,1,Invoice4524,1,Payment5443,2024-09-02 08:05:57+00:00,2024-09-11 10:59:57+00:00,218.9,1.767,0.067,0.717,120.0,72.0,0.35,24.0,0,Successful
PO4189,PO4189,1,PR961,1,Supplier13,1,GRN5351,1,Invoice9178,1,Payment2457,2024-09-02 08:50:57+00:00,2024-09-13 11:14:57+00:00,266.4,1.083,0.167,0.233,96.0,72.0,0.917,96.0,0,Successful
PO5166,PO5166,5,PR118;PR567;PR60;PR848;PR963,1,Supplier12,1,GRN2861,1,Invoice3071,1,Payment7049,2024-09-02 08:05:57+00:00,2024-09-14 10:07:57+00:00,290.033,0.983,0.75,0.217,24.0,24.0,0.083,240.0,1,Successful
PO1352,PO1352,2,PR490;PR964,1,Supplier7,1,GRN2561,1,Invoice9807,1,Payment5323,2024-09-02 08:30:55+00:00,2024-09-10 11:45:57+00:00,195.251,1.717,0.817,0.55,72.0,24.0,0.167,96.0,0,Successful
PO420,PO420,5,PR236;PR40;PR475;PR487;PR965,1,Supplier21,1,GRN750,1,Invoice3592,1,Payment3899,2024-09-02 08:09:55+00:00,2024-09-08 09:46:57+00:00,145.617,0.801,0.217,0.367,48.0,24.0,0.233,72.0,0,Successful
PO8340,PO8340,3,PR236;PR736;PR966,1,Supplier25,1,GRN7129,1,Invoice5000,1,Payment3290,2024-09-02 08:06:57+00:00,2024-09-13 11:39:57+00:00,267.55,0.65,1.0,0.95,48.0,72.0,0.95,144.0,0,Successful
PO7665,PO7665,3,PR183;PR548;PR967,1,Supplier28,1,GRN197,1,Invoice5651,1,Payment4316,2024-09-02 08:04:57+00:00,2024-09-10 11:12:57+00:00,195.133,1.217,0.617,0.35,72.0,24.0,0.95,96.0,0,Successful
PO2599,PO2599,1,PR968,1,Supplier2,1,GRN8164,1,Invoice6913,1,Payment5766,2024-09-02 08:31:57+00:00,2024-09-13 11:17:57+00:00,266.767,1.1,0.267,0.6,48.0,72.0,0.8,144.0,0,Successful
PO2544,PO2544,1,PR970,1,Supplier43,1,GRN6768,1,Invoice108,1,Payment9917,2024-09-02 08:27:57+00:00,2024-09-10 11:07:57+00:00,194.667,1.717,0.583,0.033,72.0,72.0,0.333,48.0,0,Successful
PO5441,PO5441,1,PR971,1,Supplier8,1,GRN2756,1,Invoice4613,1,Payment350,2024-09-02 08:44:57+00:00,2024-09-20 12:36:57+00:00,435.867,1.633,0.75,0.733,120.0,72.0,0.75,240.0,0,Successful
PO9784,PO9784,4,PR215;PR323;PR605;PR972,1,Supplier31,1,GRN4846,1,Invoice9370,2,Payment3125;Payment8503,2024-09-02 08:27:54+00:00,2024-09-14 10:09:57+00:00,289.701,0.701,0.15,0.367,120.0,24.0,0.483,144.0,1,Successful
PO2693,PO2693,1,PR974,1,Supplier14,1,GRN598,1,Invoice8122,1,Payment1471,2024-09-02 08:42:57+00:00,2024-09-17 11:42:57+00:00,363.0,1.083,0.733,0.883,48.0,72.0,0.3,240.0,0,Successful
PO668,PO668,1,PR975,1,Supplier38,1,GRN9580,1,Invoice3358,1,Payment1798,2024-09-02 08:46:57+00:00,2024-09-16 11:00:57+00:00,338.233,0.8,0.85,0.15,48.0,72.0,0.433,216.0,0,Successful
PO4379,PO4379,1,PR976,1,Supplier41,1,GRN6283,1,Invoice8179,1,Payment6588,2024-09-02 08:46:57+00:00,2024-09-10 10:36:57+00:00,193.833,0.383,0.35,0.95,72.0,72.0,0.15,48.0,0,Successful
PO2090,PO2090,1,PR977,1,Supplier16,1,GRN7862,1,Invoice4870,1,Payment3483,2024-09-02 08:08:57+00:00,2024-09-19 10:38:57+00:00,410.5,1.017,0.4,0.317,120.0,72.0,0.767,216.0,0,Successful
PO5736,PO5736,5,PR421;PR56;PR595;PR916;PR978,1,Supplier30,1,GRN9476,1,Invoice9549,1,Payment2124,2024-09-02 08:09:55+00:00,2024-09-07 11:51:57+00:00,123.701,1.217,0.95,0.967,24.0,24.0,0.567,72.0,1,Successful
PO2468,PO2468,3,PR541;PR939;PR979,1,Supplier28,1,GRN2805,1,Invoice8414,2,Payment5727;Payment9679,2024-09-02 08:23:55+00:00,2024-09-10 10:20:55+00:00,193.95,2.317,0.283,0.9,96.0,72.0,0.4,22.049,0,Successful
PO9729,PO9729,1,PR980,1,Supplier47,1,GRN3690,1,Invoice630,1,Payment5996,2024-09-02 08:56:57+00:00,2024-09-13 11:28:57+00:00,266.533,1.067,0.6,0.117,24.0,24.0,0.75,216.0,0,Successful
PO9047,PO9047,3,PR355;PR580;PR981,1,Supplier5,1,GRN9778,1,Invoice3605,1,Payment2403,2024-09-02 08:18:57+00:00,2024-09-10 11:15:57+00:00,194.95,1.2,0.817,0.783,24.0,24.0,0.15,144.0,1,Successful
PO4971,PO4971,5,PR134;PR557;PR688;PR726;PR982,1,Supplier41,1,GRN6813,1,Invoice6700,1,Payment838,2024-09-02 08:15:56+00:00,2024-09-12 11:52:57+00:00,243.617,2.05,0.9,0.35,48.0,72.0,0.317,120.0,1,Successful
PO8165,PO8165,6,PR44;PR484;PR554;PR694;PR891;PR983,1,Supplier16,1,GRN5003,1,Invoice4789,2,Payment214;Payment6293,2024-09-02 08:18:56+00:00,2024-09-08 12:16:54+00:00,147.966,1.034,0.233,0.65,48.0,48.0,0.4,49.649,1,Mismatch
PO3841,PO3841,1,PR985,1,Supplier23,1,GRN6884,1,Invoice6483,1,Payment2367,2024-09-02 08:57:57+00:00,2024-09-10 12:46:57+00:00,195.817,1.333,0.783,0.95,72.0,72.0,0.75,48.0,0,Successful
PO8365,PO8365,1,PR986,1,Supplier19,1,GRN534,1,Invoice473,1,Payment907,2024-09-02 08:51:57+00:00,2024-09-12 10:49:57+00:00,241.967,0.533,0.9,0.417,120.0,72.0,0.117,48.0,0,Successful
PO2046,PO2046,3,PR657;PR98;PR988,1,Supplier41,1,GRN3020,1,Invoice821,1,Payment9641,2024-09-02 08:31:56+00:00,2024-09-15 11:10:57+00:00,314.65,1.934,0.083,0.617,48.0,48.0,0.017,216.0,2,Successful
PO1853,PO1853,1,PR989,1,Supplier44,1,GRN4495,1,Invoice6866,1,Payment4988,2024-09-02 08:10:57+00:00,2024-09-11 10:41:57+00:00,218.517,1.267,0.483,0.483,120.0,72.0,0.283,24.0,0,Successful
PO8296,PO8296,1,PR991,1,Supplier42,1,GRN4699,1,Invoice1832,1,Payment6237,2024-09-02 08:46:57+00:00,2024-09-17 10:00:57+00:00,361.233,0.85,0.1,0.233,96.0,72.0,0.05,192.0,0,Successful
PO4211,PO4211,1,PR992,1,Supplier37,1,GRN9063,1,Invoice342,2,Payment4599;Payment7488,2024-09-02 08:49:57+00:00,2024-09-09 11:33:57+00:00,170.733,0.9,0.8,0.933,24.0,72.0,0.1,72.0,0,Successful
PO942,PO942,1,PR993,1,Supplier41,1,GRN6491,1,Invoice9483,1,Payment8661,2024-09-02 08:39:57+00:00,2024-09-07 11:54:57+00:00,123.25,1.033,0.983,0.967,24.0,24.0,0.267,72.0,0,Successful
PO393,PO393,6,PR16;PR273;PR687;PR826;PR949;PR994,1,Supplier2,1,GRN5887,1,Invoice6593,1,Payment1474,2024-09-02 08:10:57+00:00,2024-09-15 10:08:57+00:00,313.967,0.283,0.55,0.65,72.0,72.0,0.483,168.0,1,Successful
PO6411,PO6411,2,PR942;PR995,1,Supplier29,1,GRN9206,1,Invoice2691,1,Payment8583,2024-09-02 08:09:57+00:00,2024-09-18 12:21:57+00:00,388.2,1.6,1.0,0.733,120.0,48.0,0.867,216.0,0,Successful
PO4838,PO4838,1,PR996,1,Supplier37,1,GRN8987,1,Invoice121,1,Payment9431,2024-09-02 08:45:57+00:00,2024-09-07 12:22:57+00:00,123.617,1.85,0.683,0.85,48.0,24.0,0.233,48.0,0,Successful
PO447,PO447,2,PR836;PR997,1,Supplier19,1,GRN3600,1,Invoice9035,1,Payment9665,2024-09-02 08:12:57+00:00,2024-09-11 11:03:57+00:00,218.85,1.333,0.317,0.617,96.0,72.0,0.583,48.0,0,Successful
PO3311,PO3311,1,PR998,1,Supplier6,1,GRN8056,1,Invoice2573,1,Payment474,2024-09-02 08:21:57+00:00,2024-09-12 10:18:57+00:00,241.95,1.033,0.117,0.183,120.0,24.0,0.617,96.0,0,Successful
PO3968,PO3968,2,PR281;PR999,1,Supplier5,1,GRN5957,1,Invoice3890,1,Payment9118,2024-09-02 08:16:57+00:00,2024-09-08 11:55:57+00:00,147.65,1.517,0.45,0.867,24.0,48.0,0.817,72.0,0,Successful
PO7524,PO7524,1,PR1000,1,Supplier2,1,GRN4574,1,Invoice5649,1,Payment5719,2024-09-02 08:10:57+00:00,2024-09-16 11:49:57+00:00,339.65,1.483,0.817,0.633,96.0,48.0,0.717,192.0,0,Successful
